"EquipmentKey","Name","Brand","Model","UnitCount","CurrentCategory","CurrentUtensilType","CurrentTypeClassification","SuggestedCategory","SuggestedUtensilType","SuggestedTypeClassification","Rule","Action"
"ABATIDOR FASTER|AFINOX|FASTER 5T GF 230V","ABATIDOR FASTER","AFINOX","FASTER 5T GF 230V","1","0","0","7","0","0","9","Equipo: frio por nombre/descripcion.","UPDATE"
"ACCES POINT|CISCO|AIR-CAP370","ACCES POINT","CISCO","AIR-CAP370","1","0","0","7","0","0","0","Equipo: electronico/informatico por nombre/descripcion.","UPDATE"
"ACCES POINT|CISCO|AIR-CAP3702E-A-K9","ACCES POINT","CISCO","AIR-CAP3702E-A-K9","2","0","0","7","0","0","0","Equipo: electronico/informatico por nombre/descripcion.","UPDATE"
"ALL IN ONE|HP|24-E015LA","ALL IN ONE","HP","24-E015LA","1","0","0","7","0","0","0","Equipo: electronico/informatico por nombre/descripcion.","UPDATE"
"ALL IN ONE|LENOVO|10BB-A0C900","ALL IN ONE","LENOVO","10BB-A0C900","1","0","0","7","0","0","0","Equipo: electronico/informatico por nombre/descripcion.","UPDATE"
"ALL IN ONE|LENOVO|THINK CENTRE M73Z","ALL IN ONE","LENOVO","THINK CENTRE M73Z","1","0","0","7","0","0","0","Equipo: electronico/informatico por nombre/descripcion.","UPDATE"
"AMASADORA|WILDA|","AMASADORA","WILDA","","1","0","0","7","0","0","12","Equipo: maquina rotativa por nombre/descripcion.","UPDATE"
"APARATO TELEFONICO|CISCO|CP-3905","APARATO TELEFONICO","CISCO","CP-3905","1","0","0","7","0","0","0","Equipo: electronico/informatico por nombre/descripcion.","UPDATE"
"BACHA DE LAVADO||","BACHA DE LAVADO","","","5","0","0","7","0","0","7","Sin regla especifica: revisar manualmente.","NO_CHANGE"
"BALANZA ELECTRONICA||","BALANZA ELECTRONICA","","","1","0","0","7","0","0","3","Equipo: medicion/PCC por nombre/descripcion.","UPDATE"
"BALANZA ELECTRONICA|ELECTRONIC SCALE|","BALANZA ELECTRONICA","ELECTRONIC SCALE","","2","0","0","7","0","0","3","Equipo: medicion/PCC por nombre/descripcion.","UPDATE"
"BALANZA ELECTRONICA|OHAUS|RANGER R31P30","BALANZA ELECTRONICA","OHAUS","RANGER R31P30","4","0","0","7","0","0","3","Equipo: medicion/PCC por nombre/descripcion.","UPDATE"
"BANCA DE MADERA||","BANCA DE MADERA","","","2","0","0","7","2","0","7","Otro: mobiliario/infraestructura sin mantenimiento tecnico directo.","UPDATE"
"BATIDORA|KITCHENAID|5KSM7591","BATIDORA","KITCHENAID","5KSM7591","4","0","0","7","0","0","12","Equipo: maquina rotativa por nombre/descripcion.","UPDATE"
"BATIDORA|KITCHENAID|5KSM7591,","BATIDORA","KITCHENAID","5KSM7591,","1","0","0","7","0","0","12","Equipo: maquina rotativa por nombre/descripcion.","UPDATE"
"BATIDORA|OSTER|","BATIDORA","OSTER","","1","0","0","7","0","0","12","Equipo: maquina rotativa por nombre/descripcion.","UPDATE"
"BEBEDERO DE AGUA|IBBL|BAG 40","BEBEDERO DE AGUA","IBBL","BAG 40","1","0","0","7","0","0","7","Sin regla especifica: revisar manualmente.","NO_CHANGE"
"CAFETERA IND|ASTORIA|INDUS. ITALIANA","CAFETERA IND","ASTORIA","INDUS. ITALIANA","1","0","0","7","0","0","8","Equipo: calor por nombre/descripcion.","UPDATE"
"CAMARA CONSERVADORA|ASBER|ARR-43","CAMARA CONSERVADORA","ASBER","ARR-43","1","0","0","7","0","0","14","Equipo: audiovisual por nombre/descripcion.","UPDATE"
"CAMARA DE VIDEO||","CAMARA DE VIDEO","","","1","0","0","7","0","0","14","Equipo: audiovisual por nombre/descripcion.","UPDATE"
"CAMARA DE VIDEO|HIKVISION|DS-2CEE55A2N-IRN","CAMARA DE VIDEO","HIKVISION","DS-2CEE55A2N-IRN","3","0","0","7","0","0","13","Equipo: seguridad industrial por nombre/descripcion.","UPDATE"
"CAMARA DE VIDEO|HIKVISION|DS2CC5192N-IR1","CAMARA DE VIDEO","HIKVISION","DS2CC5192N-IR1","1","0","0","7","0","0","14","Equipo: audiovisual por nombre/descripcion.","UPDATE"
"CAMARA DE VIDEO|SONY BALUMS|","CAMARA DE VIDEO","SONY BALUMS","","1","0","0","7","0","0","14","Equipo: audiovisual por nombre/descripcion.","UPDATE"
"CAMPANA DE EXTRACCION||","CAMPANA DE EXTRACCION","","","7","0","0","7","0","0","7","Sin regla especifica: revisar manualmente.","NO_CHANGE"
"CAMPANA DE EXTRACCION|WILDA|","CAMPANA DE EXTRACCION","WILDA","","12","0","0","7","0","0","7","Sin regla especifica: revisar manualmente.","NO_CHANGE"
"CARRITO||","CARRITO","","","1","0","0","7","0","0","7","Sin regla especifica: revisar manualmente.","NO_CHANGE"
"CASILLERO METALICO||","CASILLERO METALICO","","","39","0","0","7","1","10","7","Utensilio: vajilla/servicio por nombre/descripcion.","UPDATE"
"COCINA INDUSTRIAL|WILDA|","COCINA INDUSTRIAL","WILDA","","25","0","0","7","0","0","8","Equipo: calor por nombre/descripcion.","UPDATE"
"COCINA INDUSTRIAL|WILDA|AISI304L 2B","COCINA INDUSTRIAL","WILDA","AISI304L 2B","8","0","0","7","0","0","8","Equipo: calor por nombre/descripcion.","UPDATE"
"CPU DE ESCRITORIO|LENOVO|THINK CENTRE","CPU DE ESCRITORIO","LENOVO","THINK CENTRE","4","0","0","7","2","0","7","Otro: mobiliario/infraestructura sin mantenimiento tecnico directo.","UPDATE"
"CREDENZA DE MELAMINA||","CREDENZA DE MELAMINA","","","1","0","0","7","1","10","7","Utensilio: vajilla/servicio por nombre/descripcion.","UPDATE"
"ENVASADORA AL VACIO|VENTUS|","ENVASADORA AL VACIO","VENTUS","","1","0","0","7","0","0","7","Sin regla especifica: revisar manualmente.","NO_CHANGE"
"ESCRITORIO DE MADERA||","ESCRITORIO DE MADERA","","","6","0","0","7","2","0","7","Otro: mobiliario/infraestructura sin mantenimiento tecnico directo.","UPDATE"
"ESCRITORIO DE MELAMINA MODULAR||","ESCRITORIO DE MELAMINA MODULAR","","","1","0","0","7","2","0","7","Otro: mobiliario/infraestructura sin mantenimiento tecnico directo.","UPDATE"
"ESCRITORIO METALICO||","ESCRITORIO METALICO","","","1","0","0","7","2","0","7","Otro: mobiliario/infraestructura sin mantenimiento tecnico directo.","UPDATE"
"ESTANTE BAR DE MADERA||","ESTANTE BAR DE MADERA","","","1","0","0","7","2","0","7","Otro: mobiliario/infraestructura sin mantenimiento tecnico directo.","UPDATE"
"ESTANTE METALICO||","ESTANTE METÁLICO","","","1","0","0","7","2","0","7","Otro: mobiliario/infraestructura sin mantenimiento tecnico directo.","UPDATE"
"ESTANTE PORTA BANDEJAS||","ESTANTE PORTA BANDEJAS","","","1","0","0","7","2","0","7","Otro: mobiliario/infraestructura sin mantenimiento tecnico directo.","UPDATE"
"EXTINTOR|ABC|","EXTINTOR","ABC","","5","0","0","7","0","0","13","Equipo: seguridad industrial por nombre/descripcion.","UPDATE"
"EXTINTOR|CYLINDERS|","EXTINTOR","CYLINDERS","","1","0","0","7","0","0","13","Equipo: seguridad industrial por nombre/descripcion.","UPDATE"
"EXTINTOR|FANACIM|","EXTINTOR","FANACIM","","3","0","0","7","0","0","13","Equipo: seguridad industrial por nombre/descripcion.","UPDATE"
"EXTINTOR|MMB CILINDERS|FNC 10","EXTINTOR","MMB CILINDERS","FNC 10","1","0","0","7","0","0","13","Equipo: seguridad industrial por nombre/descripcion.","UPDATE"
"EXTINTOR|MMB CYLINDERS|","EXTINTOR","MMB CYLINDERS","","3","0","0","7","0","0","13","Equipo: seguridad industrial por nombre/descripcion.","UPDATE"
"EXTINTOR TIPO K||","EXTINTOR TIPO K","","","6","0","0","7","0","0","13","Equipo: seguridad industrial por nombre/descripcion.","UPDATE"
"EXTRACTOR DE AIRE|LOREN SID|","EXTRACTOR DE AIRE","LOREN SID","","1","0","0","7","0","0","12","Equipo: maquina rotativa por nombre/descripcion.","UPDATE"
"EXTRACTOR DE HUMOS Y GRASAS||","EXTRACTOR DE HUMOS Y GRASAS","","","8","0","0","7","0","0","12","Equipo: maquina rotativa por nombre/descripcion.","UPDATE"
"EXTRACTOR DE HUMOS Y GRASAS|WILDA|","EXTRACTOR DE HUMOS Y GRASAS","WILDA","","6","0","0","7","0","0","12","Equipo: maquina rotativa por nombre/descripcion.","UPDATE"
"FERMENTADOR|WILDA|A155 304L2B","FERMENTADOR","WILDA","A155 304L2B","1","0","0","7","1","10","7","Utensilio: vajilla/servicio por nombre/descripcion.","UPDATE"
"FLITRO ABLANDADOR DE AGUA||","FLITRO ABLANDADOR DE AGUA","","","1","0","0","7","0","0","7","Sin regla especifica: revisar manualmente.","NO_CHANGE"
"FREIDORA|WILDA|","FREIDORA","WILDA","","1","0","0","7","0","0","8","Equipo: calor por nombre/descripcion.","UPDATE"
"GARRAFA||","GARRAFA","","","2","0","0","7","0","0","7","Sin regla especifica: revisar manualmente.","NO_CHANGE"
"GARRAFA|FANACIM|","GARRAFA","FANACIM","","5","0","0","7","0","0","7","Sin regla especifica: revisar manualmente.","NO_CHANGE"
"GAVETERO DE MELAMINA||","GAVETERO DE MELAMINA","","","1","0","0","7","1","10","7","Utensilio: vajilla/servicio por nombre/descripcion.","UPDATE"
"HORNO|WILDA|","HORNO","WILDA","","8","0","0","7","0","0","8","Equipo: calor por nombre/descripcion.","UPDATE"
"HORNO CONVECTOR|ARIANNA|XEFT-04HS-ELDV","HORNO CONVECTOR","ARIANNA","XEFT-04HS-ELDV","1","0","0","7","0","0","8","Equipo: calor por nombre/descripcion.","UPDATE"
"LAVAPLATOS DE ACERO INOXIDABLE||","LAVAPLATOS DE ACERO INOXIDABLE","","","17","0","0","7","1","10","7","Utensilio: vajilla/servicio por nombre/descripcion.","UPDATE"
"LAVAPLATOS DE ACERO INOXIDABLE|WILDA|","LAVAPLATOS DE ACERO INOXIDABLE","WILDA","","13","0","0","7","1","10","7","Utensilio: vajilla/servicio por nombre/descripcion.","UPDATE"
"LICUADORA|OSTER|","LICUADORA","OSTER","","7","0","0","7","0","0","12","Equipo: maquina rotativa por nombre/descripcion.","UPDATE"
"LICUADORA|OSTER|XPERT","LICUADORA","OSTER","XPERT","2","0","0","7","0","0","12","Equipo: maquina rotativa por nombre/descripcion.","UPDATE"
"MESA DE MADERA||","MESA DE MADERA","","","8","0","0","7","2","0","7","Otro: mobiliario/infraestructura sin mantenimiento tecnico directo.","UPDATE"
"MESA METALICA||","MESA METALICA","","","5","0","0","7","2","0","7","Otro: mobiliario/infraestructura sin mantenimiento tecnico directo.","UPDATE"
"MESA METALICA|WILDA|","MESA METALICA","WILDA","","29","0","0","7","2","0","7","Otro: mobiliario/infraestructura sin mantenimiento tecnico directo.","UPDATE"
"MESON DE METAL||","MESON DE METAL","","","1","0","0","7","1","10","7","Utensilio: vajilla/servicio por nombre/descripcion.","UPDATE"
"MESON DE METAL|WILDA|","MESON DE METAL","WILDA","","14","0","0","7","0","0","7","Sin regla especifica: revisar manualmente.","NO_CHANGE"
"MESON REFRIGERADOR|VENTUS|VMR2PS-280E","MESON REFRIGERADOR","VENTUS","VMR2PS-280E","2","0","0","7","0","0","9","Equipo: frio por nombre/descripcion.","UPDATE"
"MESON ROBUSTO||","MESON ROBUSTO","","","15","0","0","7","0","0","7","Sin regla especifica: revisar manualmente.","NO_CHANGE"
"MESON ROBUSTO|WILDA|","MESON ROBUSTO","WILDA","","1","0","0","7","1","10","7","Utensilio: vajilla/servicio por nombre/descripcion.","UPDATE"
"MESON ROBUSTO|WILDA|A155 304L2B","MESON ROBUSTO","WILDA","A155 304L2B","3","0","0","7","1","10","7","Utensilio: vajilla/servicio por nombre/descripcion.","UPDATE"
"MICROONDA|LG|MH8236GIR","MICROONDA","LG","MH8236GIR","5","0","0","7","0","0","7","Sin regla especifica: revisar manualmente.","NO_CHANGE"
"MICROONDA|PANASONIC|NN-ST34HM","MICROONDA","PANASONIC","NN-ST34HM","1","0","0","7","0","0","8","Equipo: calor por nombre/descripcion.","UPDATE"
"MICROONDA|SAMSUNG|MG402MADXBB","MICROONDA","SAMSUNG","MG402MADXBB","1","0","0","7","0","0","7","Sin regla especifica: revisar manualmente.","NO_CHANGE"
"MOLINO DE COFFIE|FIORENZATO|F64 E","MOLINO DE COFFIE","FIORENZATO","F64 E","1","0","0","7","0","0","12","Equipo: maquina rotativa por nombre/descripcion.","UPDATE"
"MONITOR LCD|LENOVO|2580AB1","MONITOR LCD","LENOVO","2580AB1","4","0","0","7","0","0","7","Sin regla especifica: revisar manualmente.","NO_CHANGE"
"MUEBLE DE MADERA PARA COMPUTADORA||","MUEBLE DE MADERA PARA COMPUTADORA","","","1","0","0","7","0","0","0","Equipo: electronico/informatico por nombre/descripcion.","UPDATE"
"MUEBLE DE MELAMINA PARA COMPUTADORA||","MUEBLE DE MELAMINA PARA COMPUTADORA","","","5","0","0","7","0","0","0","Equipo: electronico/informatico por nombre/descripcion.","UPDATE"
"MUEBLE METALICO PARA COMPUTADORA||","MUEBLE METALICO PARA COMPUTADORA","","","2","0","0","7","0","0","0","Equipo: electronico/informatico por nombre/descripcion.","UPDATE"
"PINZA KELLY||","PINZA KELLY","","","2","0","0","7","1","5","7","Utensilio: menaje de cocina por nombre/descripcion.","UPDATE"
"PIZARRA CON MARCO METALICO ACRILICO||","PIZARRA CON MARCO METALICO ACRILICO","","","20","0","0","7","0","0","7","Sin regla especifica: revisar manualmente.","NO_CHANGE"
"PORTA BANDEJAS||","PORTA BANDEJAS","","","1","0","0","7","1","10","7","Utensilio: vajilla/servicio por nombre/descripcion.","UPDATE"
"PORTA TABLAS||","PORTA TABLAS","","","23","0","0","7","1","5","7","Utensilio: menaje de cocina por nombre/descripcion.","UPDATE"
"PORTA UTENSILIOS||","PORTA UTENSILIOS","","","34","0","0","7","0","0","7","Sin regla especifica: revisar manualmente.","NO_CHANGE"
"PROYECTOR LED/LASER|CASIO|(YW-40) XJ-F20XN","PROYECTOR LED/LASER","CASIO","(YW-40) XJ-F20XN","1","0","0","7","0","0","14","Equipo: audiovisual por nombre/descripcion.","UPDATE"
"PROYECTOR LED/LASER|CASIO|XJ-F20XN","PROYECTOR LED/LASER","CASIO","XJ-F20XN","4","0","0","7","0","0","14","Equipo: audiovisual por nombre/descripcion.","UPDATE"
"REFRIGERADOR|VENTUS|VREF-1000BEN","REFRIGERADOR","VENTUS","VREF-1000BEN","1","0","0","7","0","0","9","Equipo: frio por nombre/descripcion.","UPDATE"
"REFRIGERADOR|VENTUS SORP|VREF-1000BEN","REFRIGERADOR","VENTUS SORP","VREF-1000BEN","1","0","0","7","0","0","9","Equipo: frio por nombre/descripcion.","UPDATE"
"REPISA DE ACERO INOXIDABLE||","REPISA DE ACERO INOXIDABLE","","","16","0","0","7","0","0","7","Sin regla especifica: revisar manualmente.","NO_CHANGE"
"REPISA DE ACERO INOXIDABLE|WILDA|","REPISA DE ACERO INOXIDABLE","WILDA","","4","0","0","7","0","0","7","Sin regla especifica: revisar manualmente.","NO_CHANGE"
"ROUTER|VIEW SONIC|WPG-370","ROUTER","VIEW SONIC","WPG-370","2","0","0","7","0","0","0","Equipo: electronico/informatico por nombre/descripcion.","UPDATE"
"SILLA DE MADERA FIJA||","SILLA DE MADERA FIJA","","","47","0","0","7","2","0","7","Otro: mobiliario/infraestructura sin mantenimiento tecnico directo.","UPDATE"
"SILLA DE MADERA FIJA TAPIZ TELA||","SILLA DE MADERA FIJA TAPIZ TELA","","","12","0","0","7","2","0","7","Otro: mobiliario/infraestructura sin mantenimiento tecnico directo.","UPDATE"
"SILLA METALICA FIJA TAPIZ CUERINA||","SILLA METALICA FIJA TAPIZ CUERINA","","","3","0","0","7","2","0","7","Otro: mobiliario/infraestructura sin mantenimiento tecnico directo.","UPDATE"
"SILLA METALICA FIJA TAPIZ TELA||","SILLA METALICA FIJA TAPIZ TELA","","","1","0","0","7","2","0","7","Otro: mobiliario/infraestructura sin mantenimiento tecnico directo.","UPDATE"
"SILLA METALICA GIRATORIA TAPIZ TELA||","SILLA METALICA GIRATORIA TAPIZ TELA","","","1","0","0","7","2","0","7","Otro: mobiliario/infraestructura sin mantenimiento tecnico directo.","UPDATE"
"SOUS VIDE|METVISA|","SOUS VIDE","METVISA","","3","0","0","7","0","0","7","Sin regla especifica: revisar manualmente.","NO_CHANGE"
"TABURETE METALICO||","TABURETE METALICO","","","16","0","0","7","0","0","7","Sin regla especifica: revisar manualmente.","NO_CHANGE"
"TECLADO|DELUX|K8060","TECLADO","DELUX","K8060","1","0","0","7","0","0","7","Sin regla especifica: revisar manualmente.","NO_CHANGE"
"TECLADO|HP|PR1101U","TECLADO","HP","PR1101U","1","0","0","7","0","0","7","Sin regla especifica: revisar manualmente.","NO_CHANGE"
"TECLADO|LENOVO|KU-0225","TECLADO","LENOVO","KU-0225","4","0","0","7","0","0","7","Sin regla especifica: revisar manualmente.","NO_CHANGE"
"TECLADO|LENOVO|SK - 8825","TECLADO","LENOVO","SK - 8825","1","0","0","7","0","0","7","Sin regla especifica: revisar manualmente.","NO_CHANGE"
"TELEVISOR LCD|SONY|KDL-40BX455","TELEVISOR LCD","SONY","KDL-40BX455","4","0","0","7","0","0","14","Equipo: audiovisual por nombre/descripcion.","UPDATE"
"TELEVISOR LED|HAIER|LE55B8500DUA","TELEVISOR LED","HAIER","LE55B8500DUA","2","0","0","7","0","0","14","Equipo: audiovisual por nombre/descripcion.","UPDATE"
"TELEVISOR LED|LG|50LN5400","TELEVISOR LED","LG","50LN5400","3","0","0","7","0","0","14","Equipo: audiovisual por nombre/descripcion.","UPDATE"
"TELEVISOR LED|SAMSUNG|UN48J5000AGXZS","TELEVISOR LED","SAMSUNG","UN48J5000AGXZS","1","0","0","7","0","0","14","Equipo: audiovisual por nombre/descripcion.","UPDATE"
"TERMO TANQUE|A6|27284","TERMO TANQUE","A6","27284","1","0","0","7","0","0","8","Equipo: calor por nombre/descripcion.","UPDATE"
"THERMOMIX||TM6","THERMOMIX","","TM6","1","0","0","7","1","10","7","Utensilio: vajilla/servicio por nombre/descripcion.","UPDATE"
"VITRINA DE PARED||","VITRINA DE PARED","","","6","0","0","7","2","0","7","Otro: mobiliario/infraestructura sin mantenimiento tecnico directo.","UPDATE"
"VITRINA METALICA||","VITRINA METALICA","","","1","0","0","7","2","0","7","Otro: mobiliario/infraestructura sin mantenimiento tecnico directo.","UPDATE"
