"Entity","Key","Origin","SourceSheet","SourceRow","Notes"
"Faculty","Facultad de Gastronomia y Turismo - Carrera de Gastronomía","Excel","0 · Facultades","6","Maestro tomado del Excel."
"Faculty","Facultad de Ciencias de la Salud - Carrera de Medicina","Excel","0 · Facultades","7","Maestro tomado del Excel."
"Faculty","Facultad de Ciencias de la Salud - Carrera de Nutricion","Excel","0b · Carreras","8","Maestro tomado del Excel."
"Career","Gastronomía","Excel","0b · Carreras","6","Maestro tomado del Excel."
"Career","Turismo y Hoteleria","Excel","0b · Carreras","7","Maestro tomado del Excel."
"Career","Nutricion y Dietetica","Excel","0b · Carreras","8","Maestro tomado del Excel."
"Career","Ciencias Gastronomicas","Excel","0b · Carreras","9","Maestro tomado del Excel."
"Laboratory","H-1","Excel","0c · Laboratorios","6","Maestro tomado del Excel."
"Laboratory","H-2","Excel","0c · Laboratorios","7","Maestro tomado del Excel."
"Laboratory","H-4","Excel","0c · Laboratorios","8","Maestro tomado del Excel."
"Laboratory","H-5","Excel","0c · Laboratorios","9","Maestro tomado del Excel."
"Laboratory","H-6","Excel","0c · Laboratorios","10","Maestro tomado del Excel."
"Laboratory","H-3","Excel","0c · Laboratorios","11","Maestro tomado del Excel."
"Laboratory","H-7","Excel","0c · Laboratorios","12","Maestro tomado del Excel."
"Laboratory","K-1","Excel","0c · Laboratorios","13","Maestro tomado del Excel."
"Laboratory","CIRCULACION","Excel","0c · Laboratorios","14","Maestro tomado del Excel."
"Laboratory","OFICINAS 1ER PISO","Excel","0c · Laboratorios","15","Maestro tomado del Excel."
"Laboratory","OFICINAS PLANTA BAJA","Excel","0c · Laboratorios","16","Maestro tomado del Excel."
"Laboratory","H-102","Excel","0c · Laboratorios","17","Maestro tomado del Excel."
"Laboratory","H-103","Excel","0c · Laboratorios","18","Maestro tomado del Excel."
"Laboratory","H-104","Excel","0c · Laboratorios","19","Maestro tomado del Excel."
"Person","BRUNO NOVILLO","Excel","9 · Técnicos y Proveedores","8","Persona/proveedor tomado del Excel o referencia real normalizada."
"Person","CASATERMO SRL","Excel","9 · Técnicos y Proveedores","9","Persona/proveedor tomado del Excel o referencia real normalizada."
"Person","CONSULTORA PROYECTOS Y SERVICIOS PCS","Excel","9 · Técnicos y Proveedores","10","Persona/proveedor tomado del Excel o referencia real normalizada."
"Person","DOCENTE MARTINEZ","Excel","7 · Salidas (L-3)","7","Persona/proveedor tomado del Excel o referencia real normalizada."
"Person","ING. APAZA","Excel","9 · Técnicos y Proveedores","7","Persona/proveedor tomado del Excel o referencia real normalizada."
"Person","ING. EVER HERBAS","Excel","9 · Técnicos y Proveedores","6","Persona/proveedor tomado del Excel o referencia real normalizada."
"Person","ING. SARA PEREZ YAÑEZ","Excel","7 · Salidas (L-3)","6","Persona/proveedor tomado del Excel o referencia real normalizada."
"Person","TALLER UNIVALLE","Excel","9 · Técnicos y Proveedores","11","Persona/proveedor tomado del Excel o referencia real normalizada."
"Management","2023-1","Excel","8 - Plan","6","Gestion tomada del Excel."
"Management","2023-2","Excel","8 - Plan","7","Gestion tomada del Excel."
"Management","2025-1","Excel","8 - Plan","8","Gestion tomada del Excel."
"Equipment","ABATIDOR FASTER|AFINOX|FASTER 5T GF 230V","Excel","1 · Catálogos","487","Equipo derivado del catalogo real."
"Equipment","ACCES POINT|CISCO|AIR-CAP370","Excel","1 · Catálogos","435","Equipo derivado del catalogo real."
"Equipment","ACCES POINT|CISCO|AIR-CAP3702E-A-K9","Excel","1 · Catálogos","374","Equipo derivado del catalogo real."
"Equipment","ALL IN ONE|HP|24-E015LA","Excel","1 · Catálogos","541","Equipo derivado del catalogo real."
"Equipment","ALL IN ONE|LENOVO|10BB-A0C900","Excel","1 · Catálogos","29","Equipo derivado del catalogo real."
"Equipment","ALL IN ONE|LENOVO|THINK CENTRE M73Z","Excel","1 · Catálogos","493","Equipo derivado del catalogo real."
"Equipment","AMASADORA|WILDA|","Excel","1 · Catálogos","146","Equipo derivado del catalogo real."
"Equipment","APARATO TELEFONICO|CISCO|CP-3905","Excel","1 · Catálogos","501","Equipo derivado del catalogo real."
"Equipment","BACHA DE LAVADO||","Excel","1 · Catálogos","54","Equipo derivado del catalogo real."
"Equipment","BALANZA ELECTRONICA||","Excel","1 · Catálogos","258","Equipo derivado del catalogo real."
"Equipment","BALANZA ELECTRONICA|ELECTRONIC SCALE|","Excel","1 · Catálogos","164","Equipo derivado del catalogo real."
"Equipment","BALANZA ELECTRONICA|OHAUS|RANGER R31P30","Excel","1 · Catálogos","119","Equipo derivado del catalogo real."
"Equipment","BANCA DE MADERA||","Excel","1 · Catálogos","539","Equipo derivado del catalogo real."
"Equipment","BATIDORA|KITCHENAID|5KSM7591","Excel","1 · Catálogos","149","Equipo derivado del catalogo real."
"Equipment","BATIDORA|KITCHENAID|5KSM7591,","Excel","1 · Catálogos","148","Equipo derivado del catalogo real."
"Equipment","BATIDORA|OSTER|","Excel","1 · Catálogos","147","Equipo derivado del catalogo real."
"Equipment","BEBEDERO DE AGUA|IBBL|BAG 40","Excel","1 · Catálogos","21","Equipo derivado del catalogo real."
"Equipment","CAFETERA IND|ASTORIA|INDUS. ITALIANA","Excel","1 · Catálogos","428","Equipo derivado del catalogo real."
"Equipment","CAMARA CONSERVADORA|ASBER|ARR-43","Excel","1 · Catálogos","477","Equipo derivado del catalogo real."
"Equipment","CAMARA DE VIDEO||","Excel","1 · Catálogos","69","Equipo derivado del catalogo real."
"Equipment","CAMARA DE VIDEO|HIKVISION|DS-2CEE55A2N-IRN","Excel","1 · Catálogos","75","Equipo derivado del catalogo real."
"Equipment","CAMARA DE VIDEO|HIKVISION|DS2CC5192N-IR1","Excel","1 · Catálogos","60","Equipo derivado del catalogo real."
"Equipment","CAMARA DE VIDEO|SONY BALUMS|","Excel","1 · Catálogos","45","Equipo derivado del catalogo real."
"Equipment","CAMPANA DE EXTRACCION||","Excel","1 · Catálogos","42","Equipo derivado del catalogo real."
"Equipment","CAMPANA DE EXTRACCION|WILDA|","Excel","1 · Catálogos","195","Equipo derivado del catalogo real."
"Equipment","CARRITO||","Excel","1 · Catálogos","23","Equipo derivado del catalogo real."
"Equipment","CASILLERO METALICO||","Excel","1 · Catálogos","502","Equipo derivado del catalogo real."
"Equipment","COCINA INDUSTRIAL|WILDA|","Excel","1 · Catálogos","202","Equipo derivado del catalogo real."
"Equipment","COCINA INDUSTRIAL|WILDA|AISI304L 2B","Excel","1 · Catálogos","112","Equipo derivado del catalogo real."
"Equipment","CPU DE ESCRITORIO|LENOVO|THINK CENTRE","Excel","1 · Catálogos","37","Equipo derivado del catalogo real."
"Equipment","CREDENZA DE MELAMINA||","Excel","1 · Catálogos","500","Equipo derivado del catalogo real."
"Equipment","ENVASADORA AL VACIO|VENTUS|","Excel","1 · Catálogos","334","Equipo derivado del catalogo real."
"Equipment","ESCRITORIO DE MADERA||","Excel","1 · Catálogos","78","Equipo derivado del catalogo real."
"Equipment","ESCRITORIO DE MELAMINA MODULAR||","Excel","1 · Catálogos","495","Equipo derivado del catalogo real."
"Equipment","ESCRITORIO METALICO||","Excel","1 · Catálogos","490","Equipo derivado del catalogo real."
"Equipment","ESTANTE BAR DE MADERA||","Excel","1 · Catálogos","377","Equipo derivado del catalogo real."
"Equipment","ESTANTE METALICO||","Excel","1 · Catálogos","376","Equipo derivado del catalogo real."
"Equipment","ESTANTE PORTA BANDEJAS||","Excel","1 · Catálogos","132","Equipo derivado del catalogo real."
"Equipment","EXTINTOR TIPO K||","Excel","1 · Catálogos","118","Equipo derivado del catalogo real."
"Equipment","EXTINTOR|ABC|","Excel","1 · Catálogos","24","Equipo derivado del catalogo real."
"Equipment","EXTINTOR|CYLINDERS|","Excel","1 · Catálogos","256","Equipo derivado del catalogo real."
"Equipment","EXTINTOR|FANACIM|","Excel","1 · Catálogos","57","Equipo derivado del catalogo real."
"Equipment","EXTINTOR|MMB CILINDERS|FNC 10","Excel","1 · Catálogos","208","Equipo derivado del catalogo real."
"Equipment","EXTINTOR|MMB CYLINDERS|","Excel","1 · Catálogos","44","Equipo derivado del catalogo real."
"Equipment","EXTRACTOR DE AIRE|LOREN SID|","Excel","1 · Catálogos","14","Equipo derivado del catalogo real."
"Equipment","EXTRACTOR DE HUMOS Y GRASAS||","Excel","1 · Catálogos","6","Equipo derivado del catalogo real."
"Equipment","EXTRACTOR DE HUMOS Y GRASAS|WILDA|","Excel","1 · Catálogos","83","Equipo derivado del catalogo real."
"Equipment","FERMENTADOR|WILDA|A155 304L2B","Excel","1 · Catálogos","153","Equipo derivado del catalogo real."
"Equipment","FLITRO ABLANDADOR DE AGUA||","Excel","1 · Catálogos","430","Equipo derivado del catalogo real."
"Equipment","FREIDORA|WILDA|","Excel","1 · Catálogos","210","Equipo derivado del catalogo real."
"Equipment","GARRAFA||","Excel","1 · Catálogos","20","Equipo derivado del catalogo real."
"Equipment","GARRAFA|FANACIM|","Excel","1 · Catálogos","15","Equipo derivado del catalogo real."
"Equipment","GAVETERO DE MELAMINA||","Excel","1 · Catálogos","496","Equipo derivado del catalogo real."
"Equipment","HORNO CONVECTOR|ARIANNA|XEFT-04HS-ELDV","Excel","1 · Catálogos","479","Equipo derivado del catalogo real."
"Equipment","HORNO|WILDA|","Excel","1 · Catálogos","109","Equipo derivado del catalogo real."
"Equipment","LAVAPLATOS DE ACERO INOXIDABLE||","Excel","1 · Catálogos","72","Equipo derivado del catalogo real."
"Equipment","LAVAPLATOS DE ACERO INOXIDABLE|WILDA|","Excel","1 · Catálogos","99","Equipo derivado del catalogo real."
"Equipment","LICUADORA|OSTER|","Excel","1 · Catálogos","110","Equipo derivado del catalogo real."
"Equipment","LICUADORA|OSTER|XPERT","Excel","1 · Catálogos","480","Equipo derivado del catalogo real."
"Equipment","MESA DE MADERA||","Excel","1 · Catálogos","378","Equipo derivado del catalogo real."
"Equipment","MESA METALICA||","Excel","1 · Catálogos","31","Equipo derivado del catalogo real."
"Equipment","MESA METALICA|WILDA|","Excel","1 · Catálogos","86","Equipo derivado del catalogo real."
"Equipment","MESON DE METAL||","Excel","1 · Catálogos","137","Equipo derivado del catalogo real."
"Equipment","MESON DE METAL|WILDA|","Excel","1 · Catálogos","93","Equipo derivado del catalogo real."
"Equipment","MESON REFRIGERADOR|VENTUS|VMR2PS-280E","Excel","1 · Catálogos","290","Equipo derivado del catalogo real."
"Equipment","MESON ROBUSTO||","Excel","1 · Catálogos","74","Equipo derivado del catalogo real."
"Equipment","MESON ROBUSTO|WILDA|","Excel","1 · Catálogos","486","Equipo derivado del catalogo real."
"Equipment","MESON ROBUSTO|WILDA|A155 304L2B","Excel","1 · Catálogos","43","Equipo derivado del catalogo real."
"Equipment","MICROONDA|LG|MH8236GIR","Excel","1 · Catálogos","111","Equipo derivado del catalogo real."
"Equipment","MICROONDA|PANASONIC|NN-ST34HM","Excel","1 · Catálogos","482","Equipo derivado del catalogo real."
"Equipment","MICROONDA|SAMSUNG|MG402MADXBB","Excel","1 · Catálogos","159","Equipo derivado del catalogo real."
"Equipment","MOLINO DE COFFIE|FIORENZATO|F64 E","Excel","1 · Catálogos","427","Equipo derivado del catalogo real."
"Equipment","MONITOR LCD|LENOVO|2580AB1","Excel","1 · Catálogos","39","Equipo derivado del catalogo real."
"Equipment","MUEBLE DE MADERA PARA COMPUTADORA||","Excel","1 · Catálogos","547","Equipo derivado del catalogo real."
"Equipment","MUEBLE DE MELAMINA PARA COMPUTADORA||","Excel","1 · Catálogos","40","Equipo derivado del catalogo real."
"Equipment","MUEBLE METALICO PARA COMPUTADORA||","Excel","1 · Catálogos","32","Equipo derivado del catalogo real."
"Equipment","PINZA KELLY||","Excel","1 · Catálogos","35","Equipo derivado del catalogo real."
"Equipment","PIZARRA CON MARCO METALICO ACRILICO||","Excel","1 · Catálogos","41","Equipo derivado del catalogo real."
"Equipment","PORTA BANDEJAS||","Excel","1 · Catálogos","171","Equipo derivado del catalogo real."
"Equipment","PORTA TABLAS||","Excel","1 · Catálogos","126","Equipo derivado del catalogo real."
"Equipment","PORTA UTENSILIOS||","Excel","1 · Catálogos","120","Equipo derivado del catalogo real."
"Equipment","PROYECTOR LED/LASER|CASIO|(YW-40) XJ-F20XN","Excel","1 · Catálogos","434","Equipo derivado del catalogo real."
"Equipment","PROYECTOR LED/LASER|CASIO|XJ-F20XN","Excel","1 · Catálogos","439","Equipo derivado del catalogo real."
"Equipment","REFRIGERADOR|VENTUS SORP|VREF-1000BEN","Excel","1 · Catálogos","200","Equipo derivado del catalogo real."
"Equipment","REFRIGERADOR|VENTUS|VREF-1000BEN","Excel","1 · Catálogos","244","Equipo derivado del catalogo real."
"Equipment","REPISA DE ACERO INOXIDABLE||","Excel","1 · Catálogos","104","Equipo derivado del catalogo real."
"Equipment","REPISA DE ACERO INOXIDABLE|WILDA|","Excel","1 · Catálogos","235","Equipo derivado del catalogo real."
"Equipment","ROUTER|VIEW SONIC|WPG-370","Excel","1 · Catálogos","70","Equipo derivado del catalogo real."
"Equipment","SILLA DE MADERA FIJA TAPIZ TELA||","Excel","1 · Catálogos","551","Equipo derivado del catalogo real."
"Equipment","SILLA DE MADERA FIJA||","Excel","1 · Catálogos","53","Equipo derivado del catalogo real."
"Equipment","SILLA METALICA FIJA TAPIZ CUERINA||","Excel","1 · Catálogos","497","Equipo derivado del catalogo real."
"Equipment","SILLA METALICA FIJA TAPIZ TELA||","Excel","1 · Catálogos","33","Equipo derivado del catalogo real."
"Equipment","SILLA METALICA GIRATORIA TAPIZ TELA||","Excel","1 · Catálogos","34","Equipo derivado del catalogo real."
"Equipment","SOUS VIDE|METVISA|","Excel","1 · Catálogos","370","Equipo derivado del catalogo real."
"Equipment","TABURETE METALICO||","Excel","1 · Catálogos","460","Equipo derivado del catalogo real."
"Equipment","TECLADO|DELUX|K8060","Excel","1 · Catálogos","38","Equipo derivado del catalogo real."
"Equipment","TECLADO|HP|PR1101U","Excel","1 · Catálogos","542","Equipo derivado del catalogo real."
"Equipment","TECLADO|LENOVO|KU-0225","Excel","1 · Catálogos","30","Equipo derivado del catalogo real."
"Equipment","TECLADO|LENOVO|SK - 8825","Excel","1 · Catálogos","494","Equipo derivado del catalogo real."
"Equipment","TELEVISOR LCD|SONY|KDL-40BX455","Excel","1 · Catálogos","58","Equipo derivado del catalogo real."
"Equipment","TELEVISOR LED|HAIER|LE55B8500DUA","Excel","1 · Catálogos","46","Equipo derivado del catalogo real."
"Equipment","TELEVISOR LED|LG|50LN5400","Excel","1 · Catálogos","76","Equipo derivado del catalogo real."
"Equipment","TELEVISOR LED|SAMSUNG|UN48J5000AGXZS","Excel","1 · Catálogos","429","Equipo derivado del catalogo real."
"Equipment","TERMO TANQUE|A6|27284","Excel","1 · Catálogos","22","Equipo derivado del catalogo real."
"Equipment","THERMOMIX||TM6","Excel","1 · Catálogos","373","Equipo derivado del catalogo real."
"Equipment","VITRINA DE PARED||","Excel","1 · Catálogos","98","Equipo derivado del catalogo real."
"Equipment","VITRINA METALICA||","Excel","1 · Catálogos","423","Equipo derivado del catalogo real."
"EquipmentUnit","225","Excel","1 · Catálogos","539","Unidad derivada del inventario real."
"EquipmentUnit","239","Excel","1 · Catálogos","540","Unidad derivada del inventario real."
"EquipmentUnit","401","Excel","1 · Catálogos","460","Unidad derivada del inventario real."
"EquipmentUnit","406","Excel","1 · Catálogos","461","Unidad derivada del inventario real."
"EquipmentUnit","416","Excel","1 · Catálogos","462","Unidad derivada del inventario real."
"EquipmentUnit","423","Excel","1 · Catálogos","463","Unidad derivada del inventario real."
"EquipmentUnit","696","Excel","1 · Catálogos","433","Unidad derivada del inventario real."
"EquipmentUnit","719","Excel","1 · Catálogos","443","Unidad derivada del inventario real."
"EquipmentUnit","1635","Excel","1 · Catálogos","438","Unidad derivada del inventario real."
"EquipmentUnit","2582","Excel","1 · Catálogos","126","Unidad derivada del inventario real."
"EquipmentUnit","2584","Excel","1 · Catálogos","127","Unidad derivada del inventario real."
"EquipmentUnit","2586","Excel","1 · Catálogos","128","Unidad derivada del inventario real."
"EquipmentUnit","2588","Excel","1 · Catálogos","129","Unidad derivada del inventario real."
"EquipmentUnit","2589","Excel","1 · Catálogos","130","Unidad derivada del inventario real."
"EquipmentUnit","2590","Excel","1 · Catálogos","217","Unidad derivada del inventario real."
"EquipmentUnit","2592","Excel","1 · Catálogos","218","Unidad derivada del inventario real."
"EquipmentUnit","2593","Excel","1 · Catálogos","219","Unidad derivada del inventario real."
"EquipmentUnit","2595","Excel","1 · Catálogos","312","Unidad derivada del inventario real."
"EquipmentUnit","2791","Excel","1 · Catálogos","455","Unidad derivada del inventario real."
"EquipmentUnit","2802","Excel","1 · Catálogos","31","Unidad derivada del inventario real."
"EquipmentUnit","3275","Excel","1 · Catálogos","313","Unidad derivada del inventario real."
"EquipmentUnit","3287","Excel","1 · Catálogos","314","Unidad derivada del inventario real."
"EquipmentUnit","3289","Excel","1 · Catálogos","315","Unidad derivada del inventario real."
"EquipmentUnit","3476","Excel","1 · Catálogos","265","Unidad derivada del inventario real."
"EquipmentUnit","3478","Excel","1 · Catálogos","266","Unidad derivada del inventario real."
"EquipmentUnit","3479","Excel","1 · Catálogos","267","Unidad derivada del inventario real."
"EquipmentUnit","3480","Excel","1 · Catálogos","268","Unidad derivada del inventario real."
"EquipmentUnit","3481","Excel","1 · Catálogos","360","Unidad derivada del inventario real."
"EquipmentUnit","3497","Excel","1 · Catálogos","361","Unidad derivada del inventario real."
"EquipmentUnit","3687","Excel","1 · Catálogos","362","Unidad derivada del inventario real."
"EquipmentUnit","3695","Excel","1 · Catálogos","363","Unidad derivada del inventario real."
"EquipmentUnit","9007","Excel","1 · Catálogos","490","Unidad derivada del inventario real."
"EquipmentUnit","9869","Excel","1 · Catálogos","34","Unidad derivada del inventario real."
"EquipmentUnit","10714","Excel","1 · Catálogos","549","Unidad derivada del inventario real."
"EquipmentUnit","11848","Excel","1 · Catálogos","38","Unidad derivada del inventario real."
"EquipmentUnit","12789","Excel","1 · Catálogos","35","Unidad derivada del inventario real."
"EquipmentUnit","12792","Excel","1 · Catálogos","36","Unidad derivada del inventario real."
"EquipmentUnit","13281","Excel","1 · Catálogos","302","Unidad derivada del inventario real."
"EquipmentUnit","13616","Excel","1 · Catálogos","220","Unidad derivada del inventario real."
"EquipmentUnit","13617","Excel","1 · Catálogos","221","Unidad derivada del inventario real."
"EquipmentUnit","14298","Excel","1 · Catálogos","131","Unidad derivada del inventario real."
"EquipmentUnit","14302","Excel","1 · Catálogos","276","Unidad derivada del inventario real."
"EquipmentUnit","14464","Excel","1 · Catálogos","456","Unidad derivada del inventario real."
"EquipmentUnit","14799","Excel","1 · Catálogos","457","Unidad derivada del inventario real."
"EquipmentUnit","15501","Excel","1 · Catálogos","32","Unidad derivada del inventario real."
"EquipmentUnit","17355","Excel","1 · Catálogos","110","Unidad derivada del inventario real."
"EquipmentUnit","17585","Excel","1 · Catálogos","66","Unidad derivada del inventario real."
"EquipmentUnit","17613","Excel","1 · Catálogos","424","Unidad derivada del inventario real."
"EquipmentUnit","18024","Excel","1 · Catálogos","98","Unidad derivada del inventario real."
"EquipmentUnit","18049","Excel","1 · Catálogos","425","Unidad derivada del inventario real."
"EquipmentUnit","18081","Excel","1 · Catálogos","376","Unidad derivada del inventario real."
"EquipmentUnit","18366","Excel","1 · Catálogos","53","Unidad derivada del inventario real."
"EquipmentUnit","20208","Excel","1 · Catálogos","377","Unidad derivada del inventario real."
"EquipmentUnit","20540","Excel","1 · Catálogos","171","Unidad derivada del inventario real."
"EquipmentUnit","21933","Excel","1 · Catálogos","464","Unidad derivada del inventario real."
"EquipmentUnit","21934","Excel","1 · Catálogos","465","Unidad derivada del inventario real."
"EquipmentUnit","21935","Excel","1 · Catálogos","466","Unidad derivada del inventario real."
"EquipmentUnit","21937","Excel","1 · Catálogos","467","Unidad derivada del inventario real."
"EquipmentUnit","21938","Excel","1 · Catálogos","468","Unidad derivada del inventario real."
"EquipmentUnit","21940","Excel","1 · Catálogos","469","Unidad derivada del inventario real."
"EquipmentUnit","21952","Excel","1 · Catálogos","470","Unidad derivada del inventario real."
"EquipmentUnit","21955","Excel","1 · Catálogos","471","Unidad derivada del inventario real."
"EquipmentUnit","21956","Excel","1 · Catálogos","472","Unidad derivada del inventario real."
"EquipmentUnit","21957","Excel","1 · Catálogos","473","Unidad derivada del inventario real."
"EquipmentUnit","21958","Excel","1 · Catálogos","474","Unidad derivada del inventario real."
"EquipmentUnit","21960","Excel","1 · Catálogos","475","Unidad derivada del inventario real."
"EquipmentUnit","22060","Excel","1 · Catálogos","188","Unidad derivada del inventario real."
"EquipmentUnit","23096","Excel","1 · Catálogos","132","Unidad derivada del inventario real."
"EquipmentUnit","23273","Excel","1 · Catálogos","442","Unidad derivada del inventario real."
"EquipmentUnit","25509","Excel","1 · Catálogos","24","Unidad derivada del inventario real."
"EquipmentUnit","25510","Excel","1 · Catálogos","25","Unidad derivada del inventario real."
"EquipmentUnit","25511","Excel","1 · Catálogos","26","Unidad derivada del inventario real."
"EquipmentUnit","25513","Excel","1 · Catálogos","27","Unidad derivada del inventario real."
"EquipmentUnit","25514","Excel","1 · Catálogos","28","Unidad derivada del inventario real."
"EquipmentUnit","26431","Excel","1 · Catálogos","20","Unidad derivada del inventario real."
"EquipmentUnit","26681","Excel","1 · Catálogos","23","Unidad derivada del inventario real."
"EquipmentUnit","30784","Excel","1 · Catálogos","199","Unidad derivada del inventario real."
"EquipmentUnit","31123","Excel","1 · Catálogos","324","Unidad derivada del inventario real."
"EquipmentUnit","31169","Excel","1 · Catálogos","229","Unidad derivada del inventario real."
"EquipmentUnit","33306","Excel","1 · Catálogos","138","Unidad derivada del inventario real."
"EquipmentUnit","33308","Excel","1 · Catálogos","243","Unidad derivada del inventario real."
"EquipmentUnit","33650","Excel","1 · Catálogos","436","Unidad derivada del inventario real."
"EquipmentUnit","33651","Excel","1 · Catálogos","431","Unidad derivada del inventario real."
"EquipmentUnit","33706","Excel","1 · Catálogos","14","Unidad derivada del inventario real."
"EquipmentUnit","33956","Excel","1 · Catálogos","546","Unidad derivada del inventario real."
"EquipmentUnit","33957","Excel","1 · Catálogos","552","Unidad derivada del inventario real."
"EquipmentUnit","33958","Excel","1 · Catálogos","553","Unidad derivada del inventario real."
"EquipmentUnit","33959","Excel","1 · Catálogos","554","Unidad derivada del inventario real."
"EquipmentUnit","33960","Excel","1 · Catálogos","555","Unidad derivada del inventario real."
"EquipmentUnit","33962","Excel","1 · Catálogos","556","Unidad derivada del inventario real."
"EquipmentUnit","34046","Excel","1 · Catálogos","93","Unidad derivada del inventario real."
"EquipmentUnit","34047","Excel","1 · Catálogos","94","Unidad derivada del inventario real."
"EquipmentUnit","34073","Excel","1 · Catálogos","99","Unidad derivada del inventario real."
"EquipmentUnit","34075","Excel","1 · Catálogos","95","Unidad derivada del inventario real."
"EquipmentUnit","34076","Excel","1 · Catálogos","96","Unidad derivada del inventario real."
"EquipmentUnit","34077","Excel","1 · Catálogos","97","Unidad derivada del inventario real."
"EquipmentUnit","34161","Excel","1 · Catálogos","68","Unidad derivada del inventario real."
"EquipmentUnit","34162","Excel","1 · Catálogos","58","Unidad derivada del inventario real."
"EquipmentUnit","34164","Excel","1 · Catálogos","59","Unidad derivada del inventario real."
"EquipmentUnit","34165","Excel","1 · Catálogos","488","Unidad derivada del inventario real."
"EquipmentUnit","34166","Excel","1 · Catálogos","502","Unidad derivada del inventario real."
"EquipmentUnit","34167","Excel","1 · Catálogos","503","Unidad derivada del inventario real."
"EquipmentUnit","34168","Excel","1 · Catálogos","504","Unidad derivada del inventario real."
"EquipmentUnit","34169","Excel","1 · Catálogos","505","Unidad derivada del inventario real."
"EquipmentUnit","34170","Excel","1 · Catálogos","506","Unidad derivada del inventario real."
"EquipmentUnit","34171","Excel","1 · Catálogos","507","Unidad derivada del inventario real."
"EquipmentUnit","34172","Excel","1 · Catálogos","508","Unidad derivada del inventario real."
"EquipmentUnit","34173","Excel","1 · Catálogos","509","Unidad derivada del inventario real."
"EquipmentUnit","34174","Excel","1 · Catálogos","510","Unidad derivada del inventario real."
"EquipmentUnit","34175","Excel","1 · Catálogos","511","Unidad derivada del inventario real."
"EquipmentUnit","34178","Excel","1 · Catálogos","208","Unidad derivada del inventario real."
"EquipmentUnit","34179","Excel","1 · Catálogos","112","Unidad derivada del inventario real."
"EquipmentUnit","34180","Excel","1 · Catálogos","113","Unidad derivada del inventario real."
"EquipmentUnit","34181","Excel","1 · Catálogos","114","Unidad derivada del inventario real."
"EquipmentUnit","34183","Excel","1 · Catálogos","115","Unidad derivada del inventario real."
"EquipmentUnit","34184","Excel","1 · Catálogos","116","Unidad derivada del inventario real."
"EquipmentUnit","34185","Excel","1 · Catálogos","484","Unidad derivada del inventario real."
"EquipmentUnit","34186","Excel","1 · Catálogos","160","Unidad derivada del inventario real."
"EquipmentUnit","34187","Excel","1 · Catálogos","161","Unidad derivada del inventario real."
"EquipmentUnit","34188","Excel","1 · Catálogos","86","Unidad derivada del inventario real."
"EquipmentUnit","34189","Excel","1 · Catálogos","87","Unidad derivada del inventario real."
"EquipmentUnit","34190","Excel","1 · Catálogos","88","Unidad derivada del inventario real."
"EquipmentUnit","34191","Excel","1 · Catálogos","89","Unidad derivada del inventario real."
"EquipmentUnit","34192","Excel","1 · Catálogos","90","Unidad derivada del inventario real."
"EquipmentUnit","34193","Excel","1 · Catálogos","91","Unidad derivada del inventario real."
"EquipmentUnit","34245","Excel","1 · Catálogos","43","Unidad derivada del inventario real."
"EquipmentUnit","34246","Excel","1 · Catálogos","56","Unidad derivada del inventario real."
"EquipmentUnit","34247","Excel","1 · Catálogos","155","Unidad derivada del inventario real."
"EquipmentUnit","34248","Excel","1 · Catálogos","198","Unidad derivada del inventario real."
"EquipmentUnit","34249","Excel","1 · Catálogos","83","Unidad derivada del inventario real."
"EquipmentUnit","34250","Excel","1 · Catálogos","476","Unidad derivada del inventario real."
"EquipmentUnit","34253","Excel","1 · Catálogos","65","Unidad derivada del inventario real."
"EquipmentUnit","34270","Excel","1 · Catálogos","15","Unidad derivada del inventario real."
"EquipmentUnit","34271","Excel","1 · Catálogos","16","Unidad derivada del inventario real."
"EquipmentUnit","34272","Excel","1 · Catálogos","17","Unidad derivada del inventario real."
"EquipmentUnit","34273","Excel","1 · Catálogos","18","Unidad derivada del inventario real."
"EquipmentUnit","34274","Excel","1 · Catálogos","19","Unidad derivada del inventario real."
"EquipmentUnit","34292","Excel","1 · Catálogos","452","Unidad derivada del inventario real."
"EquipmentUnit","34296","Excel","1 · Catálogos","61","Unidad derivada del inventario real."
"EquipmentUnit","34297","Excel","1 · Catálogos","48","Unidad derivada del inventario real."
"EquipmentUnit","34309","Excel","1 · Catálogos","37","Unidad derivada del inventario real."
"EquipmentUnit","34363","Excel","1 · Catálogos","109","Unidad derivada del inventario real."
"EquipmentUnit","34365","Excel","1 · Catálogos","486","Unidad derivada del inventario real."
"EquipmentUnit","34371","Excel","1 · Catálogos","454","Unidad derivada del inventario real."
"EquipmentUnit","34373","Excel","1 · Catálogos","153","Unidad derivada del inventario real."
"EquipmentUnit","34379","Excel","1 · Catálogos","50","Unidad derivada del inventario real."
"EquipmentUnit","34381","Excel","1 · Catálogos","63","Unidad derivada del inventario real."
"EquipmentUnit","34386","Excel","1 · Catálogos","39","Unidad derivada del inventario real."
"EquipmentUnit","34409","Excel","1 · Catálogos","67","Unidad derivada del inventario real."
"EquipmentUnit","34420","Excel","1 · Catálogos","146","Unidad derivada del inventario real."
"EquipmentUnit","34483","Excel","1 · Catálogos","453","Unidad derivada del inventario real."
"EquipmentUnit","34491","Excel","1 · Catálogos","49","Unidad derivada del inventario real."
"EquipmentUnit","34492","Excel","1 · Catálogos","134","Unidad derivada del inventario real."
"EquipmentUnit","34495","Excel","1 · Catálogos","135","Unidad derivada del inventario real."
"EquipmentUnit","34500","Excel","1 · Catálogos","30","Unidad derivada del inventario real."
"EquipmentUnit","34502","Excel","1 · Catálogos","62","Unidad derivada del inventario real."
"EquipmentUnit","34515","Excel","1 · Catálogos","156","Unidad derivada del inventario real."
"EquipmentUnit","34518","Excel","1 · Catálogos","136","Unidad derivada del inventario real."
"EquipmentUnit","34520","Excel","1 · Catálogos","157","Unidad derivada del inventario real."
"EquipmentUnit","34523","Excel","1 · Catálogos","41","Unidad derivada del inventario real."
"EquipmentUnit","34537","Excel","1 · Catálogos","52","Unidad derivada del inventario real."
"EquipmentUnit","34564","Excel","1 · Catálogos","550","Unidad derivada del inventario real."
"EquipmentUnit","34566","Excel","1 · Catálogos","139","Unidad derivada del inventario real."
"EquipmentUnit","34567","Excel","1 · Catálogos","140","Unidad derivada del inventario real."
"EquipmentUnit","34568","Excel","1 · Catálogos","141","Unidad derivada del inventario real."
"EquipmentUnit","34599","Excel","1 · Catálogos","100","Unidad derivada del inventario real."
"EquipmentUnit","34600","Excel","1 · Catálogos","101","Unidad derivada del inventario real."
"EquipmentUnit","34601","Excel","1 · Catálogos","102","Unidad derivada del inventario real."
"EquipmentUnit","34734","Excel","1 · Catálogos","458","Unidad derivada del inventario real."
"EquipmentUnit","34735","Excel","1 · Catálogos","40","Unidad derivada del inventario real."
"EquipmentUnit","34736","Excel","1 · Catálogos","51","Unidad derivada del inventario real."
"EquipmentUnit","34737","Excel","1 · Catálogos","64","Unidad derivada del inventario real."
"EquipmentUnit","34738","Excel","1 · Catálogos","84","Unidad derivada del inventario real."
"EquipmentUnit","34739","Excel","1 · Catálogos","85","Unidad derivada del inventario real."
"EquipmentUnit","34740","Excel","1 · Catálogos","172","Unidad derivada del inventario real."
"EquipmentUnit","34741","Excel","1 · Catálogos","137","Unidad derivada del inventario real."
"EquipmentUnit","34742","Excel","1 · Catálogos","54","Unidad derivada del inventario real."
"EquipmentUnit","34743","Excel","1 · Catálogos","103","Unidad derivada del inventario real."
"EquipmentUnit","34744","Excel","1 · Catálogos","106","Unidad derivada del inventario real."
"EquipmentUnit","34745","Excel","1 · Catálogos","107","Unidad derivada del inventario real."
"EquipmentUnit","34746","Excel","1 · Catálogos","108","Unidad derivada del inventario real."
"EquipmentUnit","34747","Excel","1 · Catálogos","42","Unidad derivada del inventario real."
"EquipmentUnit","34748","Excel","1 · Catálogos","55","Unidad derivada del inventario real."
"EquipmentUnit","34749","Excel","1 · Catálogos","154","Unidad derivada del inventario real."
"EquipmentUnit","34814","Excel","1 · Catálogos","256","Unidad derivada del inventario real."
"EquipmentUnit","34815","Excel","1 · Catálogos","117","Unidad derivada del inventario real."
"EquipmentUnit","34816","Excel","1 · Catálogos","44","Unidad derivada del inventario real."
"EquipmentUnit","34817","Excel","1 · Catálogos","162","Unidad derivada del inventario real."
"EquipmentUnit","35075","Excel","1 · Catálogos","289","Unidad derivada del inventario real."
"EquipmentUnit","35196","Excel","1 · Catálogos","543","Unidad derivada del inventario real."
"EquipmentUnit","35197","Excel","1 · Catálogos","544","Unidad derivada del inventario real."
"EquipmentUnit","35394","Excel","1 · Catálogos","147","Unidad derivada del inventario real."
"EquipmentUnit","35395","Excel","1 · Catálogos","485","Unidad derivada del inventario real."
"EquipmentUnit","35396","Excel","1 · Catálogos","478","Unidad derivada del inventario real."
"EquipmentUnit","35411","Excel","1 · Catálogos","182","Unidad derivada del inventario real."
"EquipmentUnit","35412","Excel","1 · Catálogos","183","Unidad derivada del inventario real."
"EquipmentUnit","35413","Excel","1 · Catálogos","184","Unidad derivada del inventario real."
"EquipmentUnit","35414","Excel","1 · Catálogos","185","Unidad derivada del inventario real."
"EquipmentUnit","35415","Excel","1 · Catálogos","186","Unidad derivada del inventario real."
"EquipmentUnit","35416","Excel","1 · Catálogos","187","Unidad derivada del inventario real."
"EquipmentUnit","35417","Excel","1 · Catálogos","175","Unidad derivada del inventario real."
"EquipmentUnit","35418","Excel","1 · Catálogos","176","Unidad derivada del inventario real."
"EquipmentUnit","35419","Excel","1 · Catálogos","177","Unidad derivada del inventario real."
"EquipmentUnit","35420","Excel","1 · Catálogos","178","Unidad derivada del inventario real."
"EquipmentUnit","35421","Excel","1 · Catálogos","179","Unidad derivada del inventario real."
"EquipmentUnit","35422","Excel","1 · Catálogos","180","Unidad derivada del inventario real."
"EquipmentUnit","35423","Excel","1 · Catálogos","210","Unidad derivada del inventario real."
"EquipmentUnit","35424","Excel","1 · Catálogos","189","Unidad derivada del inventario real."
"EquipmentUnit","35425","Excel","1 · Catálogos","190","Unidad derivada del inventario real."
"EquipmentUnit","35426","Excel","1 · Catálogos","191","Unidad derivada del inventario real."
"EquipmentUnit","35427","Excel","1 · Catálogos","192","Unidad derivada del inventario real."
"EquipmentUnit","35428","Excel","1 · Catálogos","202","Unidad derivada del inventario real."
"EquipmentUnit","35429","Excel","1 · Catálogos","203","Unidad derivada del inventario real."
"EquipmentUnit","35430","Excel","1 · Catálogos","204","Unidad derivada del inventario real."
"EquipmentUnit","35431","Excel","1 · Catálogos","205","Unidad derivada del inventario real."
"EquipmentUnit","35432","Excel","1 · Catálogos","206","Unidad derivada del inventario real."
"EquipmentUnit","35433","Excel","1 · Catálogos","207","Unidad derivada del inventario real."
"EquipmentUnit","35434","Excel","1 · Catálogos","195","Unidad derivada del inventario real."
"EquipmentUnit","35435","Excel","1 · Catálogos","196","Unidad derivada del inventario real."
"EquipmentUnit","35436","Excel","1 · Catálogos","197","Unidad derivada del inventario real."
"EquipmentUnit","35437","Excel","1 · Catálogos","173","Unidad derivada del inventario real."
"EquipmentUnit","35438","Excel","1 · Catálogos","174","Unidad derivada del inventario real."
"EquipmentUnit","35528","Excel","1 · Catálogos","22","Unidad derivada del inventario real."
"EquipmentUnit","35542","Excel","1 · Catálogos","512","Unidad derivada del inventario real."
"EquipmentUnit","35543","Excel","1 · Catálogos","513","Unidad derivada del inventario real."
"EquipmentUnit","35544","Excel","1 · Catálogos","514","Unidad derivada del inventario real."
"EquipmentUnit","35545","Excel","1 · Catálogos","515","Unidad derivada del inventario real."
"EquipmentUnit","35546","Excel","1 · Catálogos","516","Unidad derivada del inventario real."
"EquipmentUnit","35733","Excel","1 · Catálogos","60","Unidad derivada del inventario real."
"EquipmentUnit","36052","Excel","1 · Catálogos","517","Unidad derivada del inventario real."
"EquipmentUnit","36053","Excel","1 · Catálogos","518","Unidad derivada del inventario real."
"EquipmentUnit","36054","Excel","1 · Catálogos","519","Unidad derivada del inventario real."
"EquipmentUnit","36055","Excel","1 · Catálogos","520","Unidad derivada del inventario real."
"EquipmentUnit","36056","Excel","1 · Catálogos","521","Unidad derivada del inventario real."
"EquipmentUnit","36264","Excel","1 · Catálogos","29","Unidad derivada del inventario real."
"EquipmentUnit","36600","Excel","1 · Catálogos","57","Unidad derivada del inventario real."
"EquipmentUnit","36601","Excel","1 · Catálogos","303","Unidad derivada del inventario real."
"EquipmentUnit","36602","Excel","1 · Catálogos","351","Unidad derivada del inventario real."
"EquipmentUnit","36604","Excel","1 · Catálogos","369","Unidad derivada del inventario real."
"EquipmentUnit","36605","Excel","1 · Catálogos","76","Unidad derivada del inventario real."
"EquipmentUnit","36606","Excel","1 · Catálogos","82","Unidad derivada del inventario real."
"EquipmentUnit","36607","Excel","1 · Catálogos","446","Unidad derivada del inventario real."
"EquipmentUnit","36608","Excel","1 · Catálogos","459","Unidad derivada del inventario real."
"EquipmentUnit","36609","Excel","1 · Catálogos","384","Unidad derivada del inventario real."
"EquipmentUnit","36689","Excel","1 · Catálogos","70","Unidad derivada del inventario real."
"EquipmentUnit","36736","Excel","1 · Catálogos","378","Unidad derivada del inventario real."
"EquipmentUnit","36737","Excel","1 · Catálogos","379","Unidad derivada del inventario real."
"EquipmentUnit","36738","Excel","1 · Catálogos","380","Unidad derivada del inventario real."
"EquipmentUnit","36739","Excel","1 · Catálogos","381","Unidad derivada del inventario real."
"EquipmentUnit","36740","Excel","1 · Catálogos","382","Unidad derivada del inventario real."
"EquipmentUnit","36741","Excel","1 · Catálogos","383","Unidad derivada del inventario real."
"EquipmentUnit","36742","Excel","1 · Catálogos","385","Unidad derivada del inventario real."
"EquipmentUnit","36743","Excel","1 · Catálogos","386","Unidad derivada del inventario real."
"EquipmentUnit","36744","Excel","1 · Catálogos","387","Unidad derivada del inventario real."
"EquipmentUnit","36745","Excel","1 · Catálogos","388","Unidad derivada del inventario real."
"EquipmentUnit","36746","Excel","1 · Catálogos","389","Unidad derivada del inventario real."
"EquipmentUnit","36747","Excel","1 · Catálogos","390","Unidad derivada del inventario real."
"EquipmentUnit","36748","Excel","1 · Catálogos","391","Unidad derivada del inventario real."
"EquipmentUnit","36749","Excel","1 · Catálogos","392","Unidad derivada del inventario real."
"EquipmentUnit","36750","Excel","1 · Catálogos","393","Unidad derivada del inventario real."
"EquipmentUnit","36751","Excel","1 · Catálogos","394","Unidad derivada del inventario real."
"EquipmentUnit","36752","Excel","1 · Catálogos","395","Unidad derivada del inventario real."
"EquipmentUnit","36753","Excel","1 · Catálogos","396","Unidad derivada del inventario real."
"EquipmentUnit","36754","Excel","1 · Catálogos","397","Unidad derivada del inventario real."
"EquipmentUnit","36755","Excel","1 · Catálogos","398","Unidad derivada del inventario real."
"EquipmentUnit","36756","Excel","1 · Catálogos","399","Unidad derivada del inventario real."
"EquipmentUnit","36757","Excel","1 · Catálogos","400","Unidad derivada del inventario real."
"EquipmentUnit","36758","Excel","1 · Catálogos","401","Unidad derivada del inventario real."
"EquipmentUnit","36759","Excel","1 · Catálogos","402","Unidad derivada del inventario real."
"EquipmentUnit","36760","Excel","1 · Catálogos","403","Unidad derivada del inventario real."
"EquipmentUnit","36761","Excel","1 · Catálogos","404","Unidad derivada del inventario real."
"EquipmentUnit","36762","Excel","1 · Catálogos","405","Unidad derivada del inventario real."
"EquipmentUnit","36763","Excel","1 · Catálogos","406","Unidad derivada del inventario real."
"EquipmentUnit","36764","Excel","1 · Catálogos","407","Unidad derivada del inventario real."
"EquipmentUnit","36765","Excel","1 · Catálogos","408","Unidad derivada del inventario real."
"EquipmentUnit","36766","Excel","1 · Catálogos","409","Unidad derivada del inventario real."
"EquipmentUnit","36767","Excel","1 · Catálogos","410","Unidad derivada del inventario real."
"EquipmentUnit","36768","Excel","1 · Catálogos","411","Unidad derivada del inventario real."
"EquipmentUnit","36769","Excel","1 · Catálogos","412","Unidad derivada del inventario real."
"EquipmentUnit","36770","Excel","1 · Catálogos","413","Unidad derivada del inventario real."
"EquipmentUnit","36771","Excel","1 · Catálogos","414","Unidad derivada del inventario real."
"EquipmentUnit","36772","Excel","1 · Catálogos","415","Unidad derivada del inventario real."
"EquipmentUnit","36773","Excel","1 · Catálogos","416","Unidad derivada del inventario real."
"EquipmentUnit","36774","Excel","1 · Catálogos","417","Unidad derivada del inventario real."
"EquipmentUnit","36775","Excel","1 · Catálogos","418","Unidad derivada del inventario real."
"EquipmentUnit","36776","Excel","1 · Catálogos","419","Unidad derivada del inventario real."
"EquipmentUnit","36777","Excel","1 · Catálogos","420","Unidad derivada del inventario real."
"EquipmentUnit","36778","Excel","1 · Catálogos","421","Unidad derivada del inventario real."
"EquipmentUnit","36779","Excel","1 · Catálogos","447","Unidad derivada del inventario real."
"EquipmentUnit","36780","Excel","1 · Catálogos","448","Unidad derivada del inventario real."
"EquipmentUnit","36781","Excel","1 · Catálogos","449","Unidad derivada del inventario real."
"EquipmentUnit","37019","Excel","1 · Catálogos","364","Unidad derivada del inventario real."
"EquipmentUnit","37021","Excel","1 · Catálogos","79","Unidad derivada del inventario real."
"EquipmentUnit","37041","Excel","1 · Catálogos","33","Unidad derivada del inventario real."
"EquipmentUnit","37059","Excel","1 · Catálogos","75","Unidad derivada del inventario real."
"EquipmentUnit","37060","Excel","1 · Catálogos","489","Unidad derivada del inventario real."
"EquipmentUnit","37061","Excel","1 · Catálogos","368","Unidad derivada del inventario real."
"EquipmentUnit","37070","Excel","1 · Catálogos","493","Unidad derivada del inventario real."
"EquipmentUnit","37077","Excel","1 · Catálogos","494","Unidad derivada del inventario real."
"EquipmentUnit","37203","Excel","1 · Catálogos","77","Unidad derivada del inventario real."
"EquipmentUnit","37204","Excel","1 · Catálogos","341","Unidad derivada del inventario real."
"EquipmentUnit","37205","Excel","1 · Catálogos","342","Unidad derivada del inventario real."
"EquipmentUnit","37206","Excel","1 · Catálogos","343","Unidad derivada del inventario real."
"EquipmentUnit","37207","Excel","1 · Catálogos","344","Unidad derivada del inventario real."
"EquipmentUnit","37208","Excel","1 · Catálogos","345","Unidad derivada del inventario real."
"EquipmentUnit","37209","Excel","1 · Catálogos","346","Unidad derivada del inventario real."
"EquipmentUnit","37210","Excel","1 · Catálogos","292","Unidad derivada del inventario real."
"EquipmentUnit","37211","Excel","1 · Catálogos","293","Unidad derivada del inventario real."
"EquipmentUnit","37212","Excel","1 · Catálogos","294","Unidad derivada del inventario real."
"EquipmentUnit","37213","Excel","1 · Catálogos","295","Unidad derivada del inventario real."
"EquipmentUnit","37214","Excel","1 · Catálogos","296","Unidad derivada del inventario real."
"EquipmentUnit","37215","Excel","1 · Catálogos","297","Unidad derivada del inventario real."
"EquipmentUnit","37216","Excel","1 · Catálogos","246","Unidad derivada del inventario real."
"EquipmentUnit","37217","Excel","1 · Catálogos","247","Unidad derivada del inventario real."
"EquipmentUnit","37218","Excel","1 · Catálogos","248","Unidad derivada del inventario real."
"EquipmentUnit","37219","Excel","1 · Catálogos","249","Unidad derivada del inventario real."
"EquipmentUnit","37220","Excel","1 · Catálogos","250","Unidad derivada del inventario real."
"EquipmentUnit","37221","Excel","1 · Catálogos","251","Unidad derivada del inventario real."
"EquipmentUnit","37222","Excel","1 · Catálogos","325","Unidad derivada del inventario real."
"EquipmentUnit","37223","Excel","1 · Catálogos","326","Unidad derivada del inventario real."
"EquipmentUnit","37224","Excel","1 · Catálogos","327","Unidad derivada del inventario real."
"EquipmentUnit","37225","Excel","1 · Catálogos","328","Unidad derivada del inventario real."
"EquipmentUnit","37226","Excel","1 · Catálogos","329","Unidad derivada del inventario real."
"EquipmentUnit","37227","Excel","1 · Catálogos","277","Unidad derivada del inventario real."
"EquipmentUnit","37228","Excel","1 · Catálogos","278","Unidad derivada del inventario real."
"EquipmentUnit","37229","Excel","1 · Catálogos","279","Unidad derivada del inventario real."
"EquipmentUnit","37230","Excel","1 · Catálogos","280","Unidad derivada del inventario real."
"EquipmentUnit","37231","Excel","1 · Catálogos","281","Unidad derivada del inventario real."
"EquipmentUnit","37232","Excel","1 · Catálogos","230","Unidad derivada del inventario real."
"EquipmentUnit","37233","Excel","1 · Catálogos","231","Unidad derivada del inventario real."
"EquipmentUnit","37234","Excel","1 · Catálogos","232","Unidad derivada del inventario real."
"EquipmentUnit","37235","Excel","1 · Catálogos","233","Unidad derivada del inventario real."
"EquipmentUnit","37236","Excel","1 · Catálogos","234","Unidad derivada del inventario real."
"EquipmentUnit","37237","Excel","1 · Catálogos","347","Unidad derivada del inventario real."
"EquipmentUnit","37238","Excel","1 · Catálogos","348","Unidad derivada del inventario real."
"EquipmentUnit","37239","Excel","1 · Catálogos","349","Unidad derivada del inventario real."
"EquipmentUnit","37240","Excel","1 · Catálogos","350","Unidad derivada del inventario real."
"EquipmentUnit","37241","Excel","1 · Catálogos","298","Unidad derivada del inventario real."
"EquipmentUnit","37242","Excel","1 · Catálogos","299","Unidad derivada del inventario real."
"EquipmentUnit","37243","Excel","1 · Catálogos","300","Unidad derivada del inventario real."
"EquipmentUnit","37244","Excel","1 · Catálogos","301","Unidad derivada del inventario real."
"EquipmentUnit","37245","Excel","1 · Catálogos","252","Unidad derivada del inventario real."
"EquipmentUnit","37246","Excel","1 · Catálogos","253","Unidad derivada del inventario real."
"EquipmentUnit","37247","Excel","1 · Catálogos","254","Unidad derivada del inventario real."
"EquipmentUnit","37248","Excel","1 · Catálogos","255","Unidad derivada del inventario real."
"EquipmentUnit","37249","Excel","1 · Catálogos","337","Unidad derivada del inventario real."
"EquipmentUnit","37250","Excel","1 · Catálogos","288","Unidad derivada del inventario real."
"EquipmentUnit","37251","Excel","1 · Catálogos","242","Unidad derivada del inventario real."
"EquipmentUnit","37252","Excel","1 · Catálogos","282","Unidad derivada del inventario real."
"EquipmentUnit","37253","Excel","1 · Catálogos","283","Unidad derivada del inventario real."
"EquipmentUnit","37254","Excel","1 · Catálogos","284","Unidad derivada del inventario real."
"EquipmentUnit","37255","Excel","1 · Catálogos","285","Unidad derivada del inventario real."
"EquipmentUnit","37256","Excel","1 · Catálogos","239","Unidad derivada del inventario real."
"EquipmentUnit","37257","Excel","1 · Catálogos","240","Unidad derivada del inventario real."
"EquipmentUnit","37258","Excel","1 · Catálogos","241","Unidad derivada del inventario real."
"EquipmentUnit","37259","Excel","1 · Catálogos","335","Unidad derivada del inventario real."
"EquipmentUnit","37260","Excel","1 · Catálogos","336","Unidad derivada del inventario real."
"EquipmentUnit","37261","Excel","1 · Catálogos","286","Unidad derivada del inventario real."
"EquipmentUnit","37262","Excel","1 · Catálogos","287","Unidad derivada del inventario real."
"EquipmentUnit","37263","Excel","1 · Catálogos","73","Unidad derivada del inventario real."
"EquipmentUnit","37265","Excel","1 · Catálogos","366","Unidad derivada del inventario real."
"EquipmentUnit","37266","Excel","1 · Catálogos","6","Unidad derivada del inventario real."
"EquipmentUnit","37267","Excel","1 · Catálogos","7","Unidad derivada del inventario real."
"EquipmentUnit","37268","Excel","1 · Catálogos","8","Unidad derivada del inventario real."
"EquipmentUnit","37269","Excel","1 · Catálogos","9","Unidad derivada del inventario real."
"EquipmentUnit","37270","Excel","1 · Catálogos","10","Unidad derivada del inventario real."
"EquipmentUnit","37271","Excel","1 · Catálogos","11","Unidad derivada del inventario real."
"EquipmentUnit","37272","Excel","1 · Catálogos","12","Unidad derivada del inventario real."
"EquipmentUnit","37273","Excel","1 · Catálogos","13","Unidad derivada del inventario real."
"EquipmentUnit","37274","Excel","1 · Catálogos","317","Unidad derivada del inventario real."
"EquipmentUnit","37275","Excel","1 · Catálogos","318","Unidad derivada del inventario real."
"EquipmentUnit","37276","Excel","1 · Catálogos","319","Unidad derivada del inventario real."
"EquipmentUnit","37277","Excel","1 · Catálogos","320","Unidad derivada del inventario real."
"EquipmentUnit","37278","Excel","1 · Catálogos","321","Unidad derivada del inventario real."
"EquipmentUnit","37279","Excel","1 · Catálogos","322","Unidad derivada del inventario real."
"EquipmentUnit","37280","Excel","1 · Catálogos","269","Unidad derivada del inventario real."
"EquipmentUnit","37281","Excel","1 · Catálogos","270","Unidad derivada del inventario real."
"EquipmentUnit","37282","Excel","1 · Catálogos","271","Unidad derivada del inventario real."
"EquipmentUnit","37283","Excel","1 · Catálogos","272","Unidad derivada del inventario real."
"EquipmentUnit","37284","Excel","1 · Catálogos","273","Unidad derivada del inventario real."
"EquipmentUnit","37285","Excel","1 · Catálogos","274","Unidad derivada del inventario real."
"EquipmentUnit","37286","Excel","1 · Catálogos","222","Unidad derivada del inventario real."
"EquipmentUnit","37287","Excel","1 · Catálogos","223","Unidad derivada del inventario real."
"EquipmentUnit","37288","Excel","1 · Catálogos","224","Unidad derivada del inventario real."
"EquipmentUnit","37289","Excel","1 · Catálogos","225","Unidad derivada del inventario real."
"EquipmentUnit","37290","Excel","1 · Catálogos","226","Unidad derivada del inventario real."
"EquipmentUnit","37291","Excel","1 · Catálogos","227","Unidad derivada del inventario real."
"EquipmentUnit","37292","Excel","1 · Catálogos","72","Unidad derivada del inventario real."
"EquipmentUnit","37293","Excel","1 · Catálogos","81","Unidad derivada del inventario real."
"EquipmentUnit","37294","Excel","1 · Catálogos","365","Unidad derivada del inventario real."
"EquipmentUnit","37295","Excel","1 · Catálogos","330","Unidad derivada del inventario real."
"EquipmentUnit","37296","Excel","1 · Catálogos","331","Unidad derivada del inventario real."
"EquipmentUnit","37297","Excel","1 · Catálogos","74","Unidad derivada del inventario real."
"EquipmentUnit","37299","Excel","1 · Catálogos","367","Unidad derivada del inventario real."
"EquipmentUnit","37300","Excel","1 · Catálogos","477","Unidad derivada del inventario real."
"EquipmentUnit","37314","Excel","1 · Catálogos","332","Unidad derivada del inventario real."
"EquipmentUnit","37315","Excel","1 · Catálogos","333","Unidad derivada del inventario real."
"EquipmentUnit","37316","Excel","1 · Catálogos","142","Unidad derivada del inventario real."
"EquipmentUnit","37317","Excel","1 · Catálogos","143","Unidad derivada del inventario real."
"EquipmentUnit","37318","Excel","1 · Catálogos","144","Unidad derivada del inventario real."
"EquipmentUnit","37319","Excel","1 · Catálogos","145","Unidad derivada del inventario real."
"EquipmentUnit","37320","Excel","1 · Catálogos","235","Unidad derivada del inventario real."
"EquipmentUnit","37321","Excel","1 · Catálogos","236","Unidad derivada del inventario real."
"EquipmentUnit","37322","Excel","1 · Catálogos","237","Unidad derivada del inventario real."
"EquipmentUnit","37323","Excel","1 · Catálogos","193","Unidad derivada del inventario real."
"EquipmentUnit","37324","Excel","1 · Catálogos","238","Unidad derivada del inventario real."
"EquipmentUnit","37325","Excel","1 · Catálogos","194","Unidad derivada del inventario real."
"EquipmentUnit","37326","Excel","1 · Catálogos","104","Unidad derivada del inventario real."
"EquipmentUnit","37327","Excel","1 · Catálogos","105","Unidad derivada del inventario real."
"EquipmentUnit","37361","Excel","1 · Catálogos","21","Unidad derivada del inventario real."
"EquipmentUnit","37395","Excel","1 · Catálogos","548","Unidad derivada del inventario real."
"EquipmentUnit","37900","Excel","1 · Catálogos","450","Unidad derivada del inventario real."
"EquipmentUnit","37901","Excel","1 · Catálogos","422","Unidad derivada del inventario real."
"EquipmentUnit","37902","Excel","1 · Catálogos","445","Unidad derivada del inventario real."
"EquipmentUnit","37903","Excel","1 · Catálogos","78","Unidad derivada del inventario real."
"EquipmentUnit","37904","Excel","1 · Catálogos","375","Unidad derivada del inventario real."
"EquipmentUnit","37906","Excel","1 · Catálogos","441","Unidad derivada del inventario real."
"EquipmentUnit","37907","Excel","1 · Catálogos","80","Unidad derivada del inventario real."
"EquipmentUnit","37908","Excel","1 · Catálogos","432","Unidad derivada del inventario real."
"EquipmentUnit","37909","Excel","1 · Catálogos","437","Unidad derivada del inventario real."
"EquipmentUnit","37910","Excel","1 · Catálogos","71","Unidad derivada del inventario real."
"EquipmentUnit","37911","Excel","1 · Catálogos","491","Unidad derivada del inventario real."
"EquipmentUnit","37917","Excel","1 · Catálogos","181","Unidad derivada del inventario real."
"EquipmentUnit","37918","Excel","1 · Catálogos","275","Unidad derivada del inventario real."
"EquipmentUnit","37919","Excel","1 · Catálogos","92","Unidad derivada del inventario real."
"EquipmentUnit","37920","Excel","1 · Catálogos","323","Unidad derivada del inventario real."
"EquipmentUnit","37922","Excel","1 · Catálogos","228","Unidad derivada del inventario real."
"EquipmentUnit","38259","Excel","1 · Catálogos","374","Unidad derivada del inventario real."
"EquipmentUnit","38260","Excel","1 · Catálogos","440","Unidad derivada del inventario real."
"EquipmentUnit","38270","Excel","1 · Catálogos","435","Unidad derivada del inventario real."
"EquipmentUnit","38639","Excel","1 · Catálogos","258","Unidad derivada del inventario real."
"EquipmentUnit","38641","Excel","1 · Catálogos","164","Unidad derivada del inventario real."
"EquipmentUnit","38643","Excel","1 · Catálogos","305","Unidad derivada del inventario real."
"EquipmentUnit","38798","Excel","1 · Catálogos","522","Unidad derivada del inventario real."
"EquipmentUnit","38799","Excel","1 · Catálogos","523","Unidad derivada del inventario real."
"EquipmentUnit","38800","Excel","1 · Catálogos","524","Unidad derivada del inventario real."
"EquipmentUnit","38801","Excel","1 · Catálogos","525","Unidad derivada del inventario real."
"EquipmentUnit","38802","Excel","1 · Catálogos","526","Unidad derivada del inventario real."
"EquipmentUnit","38803","Excel","1 · Catálogos","527","Unidad derivada del inventario real."
"EquipmentUnit","38804","Excel","1 · Catálogos","528","Unidad derivada del inventario real."
"EquipmentUnit","39021","Excel","1 · Catálogos","423","Unidad derivada del inventario real."
"EquipmentUnit","39161","Excel","1 · Catálogos","165","Unidad derivada del inventario real."
"EquipmentUnit","39163","Excel","1 · Catálogos","69","Unidad derivada del inventario real."
"EquipmentUnit","39169","Excel","1 · Catálogos","353","Unidad derivada del inventario real."
"EquipmentUnit","39170","Excel","1 · Catálogos","119","Unidad derivada del inventario real."
"EquipmentUnit","39171","Excel","1 · Catálogos","166","Unidad derivada del inventario real."
"EquipmentUnit","39269","Excel","1 · Catálogos","483","Unidad derivada del inventario real."
"EquipmentUnit","39273","Excel","1 · Catálogos","429","Unidad derivada del inventario real."
"EquipmentUnit","39432","Excel","1 · Catálogos","557","Unidad derivada del inventario real."
"EquipmentUnit","39433","Excel","1 · Catálogos","558","Unidad derivada del inventario real."
"EquipmentUnit","39434","Excel","1 · Catálogos","559","Unidad derivada del inventario real."
"EquipmentUnit","39435","Excel","1 · Catálogos","560","Unidad derivada del inventario real."
"EquipmentUnit","39436","Excel","1 · Catálogos","561","Unidad derivada del inventario real."
"EquipmentUnit","39437","Excel","1 · Catálogos","562","Unidad derivada del inventario real."
"EquipmentUnit","39438","Excel","1 · Catálogos","545","Unidad derivada del inventario real."
"EquipmentUnit","39479","Excel","1 · Catálogos","45","Unidad derivada del inventario real."
"EquipmentUnit","39591","Excel","1 · Catálogos","487","Unidad derivada del inventario real."
"EquipmentUnit","39632","Excel","1 · Catálogos","547","Unidad derivada del inventario real."
"EquipmentUnit","39691","Excel","1 · Catálogos","551","Unidad derivada del inventario real."
"EquipmentUnit","43486","Excel","1 · Catálogos","495","Unidad derivada del inventario real."
"EquipmentUnit","43487","Excel","1 · Catálogos","496","Unidad derivada del inventario real."
"EquipmentUnit","43488","Excel","1 · Catálogos","499","Unidad derivada del inventario real."
"EquipmentUnit","43489","Excel","1 · Catálogos","497","Unidad derivada del inventario real."
"EquipmentUnit","43490","Excel","1 · Catálogos","498","Unidad derivada del inventario real."
"EquipmentUnit","43491","Excel","1 · Catálogos","500","Unidad derivada del inventario real."
"EquipmentUnit","44865","Excel","1 · Catálogos","492","Unidad derivada del inventario real."
"EquipmentUnit","44866","Excel","1 · Catálogos","434","Unidad derivada del inventario real."
"EquipmentUnit","44867","Excel","1 · Catálogos","439","Unidad derivada del inventario real."
"EquipmentUnit","44868","Excel","1 · Catálogos","444","Unidad derivada del inventario real."
"EquipmentUnit","44869","Excel","1 · Catálogos","451","Unidad derivada del inventario real."
"EquipmentUnit","44904","Excel","1 · Catálogos","148","Unidad derivada del inventario real."
"EquipmentUnit","44905","Excel","1 · Catálogos","149","Unidad derivada del inventario real."
"EquipmentUnit","44906","Excel","1 · Catálogos","150","Unidad derivada del inventario real."
"EquipmentUnit","44907","Excel","1 · Catálogos","151","Unidad derivada del inventario real."
"EquipmentUnit","44908","Excel","1 · Catálogos","152","Unidad derivada del inventario real."
"EquipmentUnit","45024","Excel","1 · Catálogos","529","Unidad derivada del inventario real."
"EquipmentUnit","45025","Excel","1 · Catálogos","530","Unidad derivada del inventario real."
"EquipmentUnit","45026","Excel","1 · Catálogos","531","Unidad derivada del inventario real."
"EquipmentUnit","45027","Excel","1 · Catálogos","532","Unidad derivada del inventario real."
"EquipmentUnit","45028","Excel","1 · Catálogos","533","Unidad derivada del inventario real."
"EquipmentUnit","45029","Excel","1 · Catálogos","534","Unidad derivada del inventario real."
"EquipmentUnit","45030","Excel","1 · Catálogos","535","Unidad derivada del inventario real."
"EquipmentUnit","45031","Excel","1 · Catálogos","536","Unidad derivada del inventario real."
"EquipmentUnit","45032","Excel","1 · Catálogos","537","Unidad derivada del inventario real."
"EquipmentUnit","45033","Excel","1 · Catálogos","538","Unidad derivada del inventario real."
"EquipmentUnit","45744","Excel","1 · Catálogos","46","Unidad derivada del inventario real."
"EquipmentUnit","45745","Excel","1 · Catálogos","47","Unidad derivada del inventario real."
"EquipmentUnit","45840","Excel","1 · Catálogos","501","Unidad derivada del inventario real."
"EquipmentUnit","46358","Excel","1 · Catálogos","541","Unidad derivada del inventario real."
"EquipmentUnit","46359","Excel","1 · Catálogos","542","Unidad derivada del inventario real."
"EquipmentUnit","46373","Excel","1 · Catálogos","121","Unidad derivada del inventario real."
"EquipmentUnit","46374","Excel","1 · Catálogos","120","Unidad derivada del inventario real."
"EquipmentUnit","46375","Excel","1 · Catálogos","122","Unidad derivada del inventario real."
"EquipmentUnit","46376","Excel","1 · Catálogos","123","Unidad derivada del inventario real."
"EquipmentUnit","46377","Excel","1 · Catálogos","124","Unidad derivada del inventario real."
"EquipmentUnit","46378","Excel","1 · Catálogos","125","Unidad derivada del inventario real."
"EquipmentUnit","46379","Excel","1 · Catálogos","211","Unidad derivada del inventario real."
"EquipmentUnit","46380","Excel","1 · Catálogos","212","Unidad derivada del inventario real."
"EquipmentUnit","46381","Excel","1 · Catálogos","213","Unidad derivada del inventario real."
"EquipmentUnit","46382","Excel","1 · Catálogos","214","Unidad derivada del inventario real."
"EquipmentUnit","46383","Excel","1 · Catálogos","215","Unidad derivada del inventario real."
"EquipmentUnit","46384","Excel","1 · Catálogos","216","Unidad derivada del inventario real."
"EquipmentUnit","46385","Excel","1 · Catálogos","167","Unidad derivada del inventario real."
"EquipmentUnit","46386","Excel","1 · Catálogos","168","Unidad derivada del inventario real."
"EquipmentUnit","46387","Excel","1 · Catálogos","169","Unidad derivada del inventario real."
"EquipmentUnit","46388","Excel","1 · Catálogos","170","Unidad derivada del inventario real."
"EquipmentUnit","46389","Excel","1 · Catálogos","259","Unidad derivada del inventario real."
"EquipmentUnit","46390","Excel","1 · Catálogos","260","Unidad derivada del inventario real."
"EquipmentUnit","46391","Excel","1 · Catálogos","261","Unidad derivada del inventario real."
"EquipmentUnit","46392","Excel","1 · Catálogos","262","Unidad derivada del inventario real."
"EquipmentUnit","46393","Excel","1 · Catálogos","263","Unidad derivada del inventario real."
"EquipmentUnit","46394","Excel","1 · Catálogos","264","Unidad derivada del inventario real."
"EquipmentUnit","46395","Excel","1 · Catálogos","354","Unidad derivada del inventario real."
"EquipmentUnit","46396","Excel","1 · Catálogos","306","Unidad derivada del inventario real."
"EquipmentUnit","46397","Excel","1 · Catálogos","307","Unidad derivada del inventario real."
"EquipmentUnit","46398","Excel","1 · Catálogos","308","Unidad derivada del inventario real."
"EquipmentUnit","46399","Excel","1 · Catálogos","309","Unidad derivada del inventario real."
"EquipmentUnit","46400","Excel","1 · Catálogos","310","Unidad derivada del inventario real."
"EquipmentUnit","46401","Excel","1 · Catálogos","311","Unidad derivada del inventario real."
"EquipmentUnit","46402","Excel","1 · Catálogos","355","Unidad derivada del inventario real."
"EquipmentUnit","46403","Excel","1 · Catálogos","356","Unidad derivada del inventario real."
"EquipmentUnit","46404","Excel","1 · Catálogos","357","Unidad derivada del inventario real."
"EquipmentUnit","46405","Excel","1 · Catálogos","358","Unidad derivada del inventario real."
"EquipmentUnit","46406","Excel","1 · Catálogos","359","Unidad derivada del inventario real."
"EquipmentUnit","47789","Excel","1 · Catálogos","244","Unidad derivada del inventario real."
"EquipmentUnit","47790","Excel","1 · Catálogos","200","Unidad derivada del inventario real."
"EquipmentUnit","47873","Excel","1 · Catálogos","290","Unidad derivada del inventario real."
"EquipmentUnit","47874","Excel","1 · Catálogos","339","Unidad derivada del inventario real."
"EquipmentUnit","48024","Excel","1 · Catálogos","133","Unidad derivada del inventario real."
"EquipmentUnit","48885","Excel","1 · Catálogos","428","Unidad derivada del inventario real."
"EquipmentUnit","48886","Excel","1 · Catálogos","430","Unidad derivada del inventario real."
"EquipmentUnit","49055","Excel","1 · Catálogos","427","Unidad derivada del inventario real."
"EquipmentUnit","49134","Excel","1 · Catálogos","479","Unidad derivada del inventario real."
"EquipmentUnit","49136","Excel","1 · Catálogos","482","Unidad derivada del inventario real."
"EquipmentUnit","49190","Excel","1 · Catálogos","480","Unidad derivada del inventario real."
"EquipmentUnit","49192","Excel","1 · Catálogos","481","Unidad derivada del inventario real."
"EquipmentUnit","49220","Excel","1 · Catálogos","334","Unidad derivada del inventario real."
"EquipmentUnit","49221","Excel","1 · Catálogos","159","Unidad derivada del inventario real."
"EquipmentUnit","49222","Excel","1 · Catálogos","158","Unidad derivada del inventario real."
"EquipmentUnit","49223","Excel","1 · Catálogos","426","Unidad derivada del inventario real."
"EquipmentUnit","49224","Excel","1 · Catálogos","338","Unidad derivada del inventario real."
"EquipmentUnit","49236","Excel","1 · Catálogos","373","Unidad derivada del inventario real."
"EquipmentUnit","49511","Excel","1 · Catálogos","118","Unidad derivada del inventario real."
"EquipmentUnit","49512","Excel","1 · Catálogos","209","Unidad derivada del inventario real."
"EquipmentUnit","49513","Excel","1 · Catálogos","163","Unidad derivada del inventario real."
"EquipmentUnit","49514","Excel","1 · Catálogos","257","Unidad derivada del inventario real."
"EquipmentUnit","49515","Excel","1 · Catálogos","304","Unidad derivada del inventario real."
"EquipmentUnit","49516","Excel","1 · Catálogos","352","Unidad derivada del inventario real."
"EquipmentUnit","49820","Excel","1 · Catálogos","111","Unidad derivada del inventario real."
"EquipmentUnit","49821","Excel","1 · Catálogos","201","Unidad derivada del inventario real."
"EquipmentUnit","49822","Excel","1 · Catálogos","245","Unidad derivada del inventario real."
"EquipmentUnit","49823","Excel","1 · Catálogos","291","Unidad derivada del inventario real."
"EquipmentUnit","49824","Excel","1 · Catálogos","340","Unidad derivada del inventario real."
"EquipmentUnit","49873","Excel","1 · Catálogos","370","Unidad derivada del inventario real."
"EquipmentUnit","49874","Excel","1 · Catálogos","371","Unidad derivada del inventario real."
"EquipmentUnit","49875","Excel","1 · Catálogos","372","Unidad derivada del inventario real."
"Request","PUR_CUCHARA001_34179","Excel","6 · Detalles de Costo","8","Solicitud de adquisicion tomada del Excel."
"Request","REQ_R10_34179","Excel","4 · Solicitudes","10","Solicitud tecnica tomada del Excel."
"Request","REQ_R11_34180","Excel","4 · Solicitudes","11","Solicitud tecnica tomada del Excel."
"Request","REQ_R169_39170","Excel","4 · Solicitudes","169","Solicitud tecnica tomada del Excel."
"Request","REQ_R170_34744","Excel","4 · Solicitudes","170","Solicitud tecnica tomada del Excel."
"Request","REQ_R173_34179","Excel","4 · Solicitudes","173","Solicitud tecnica tomada del Excel."
"Request","REQ_R174_34180","Excel","4 · Solicitudes","174","Solicitud tecnica tomada del Excel."
"Request","REQ_R185_17355","Excel","4 · Solicitudes","185","Solicitud tecnica tomada del Excel."
"Request","REQ_R22_17355","Excel","4 · Solicitudes","22","Solicitud tecnica tomada del Excel."
"Request","REQ_R231_49236","Excel","4 · Solicitudes","231","Solicitud tecnica tomada del Excel."
"Request","REQ_R322_35528","Excel","4 · Solicitudes","322","Solicitud tecnica tomada del Excel."
"Request","REQ_R42_35528","Excel","4 · Solicitudes","42","Solicitud tecnica tomada del Excel."
"Request","REQ_R6_39170","Excel","4 · Solicitudes","6","Solicitud tecnica tomada del Excel."
"Request","REQ_R7_34744","Excel","4 · Solicitudes","7","Solicitud tecnica tomada del Excel."
"Request","REQ_R94_49236","Excel","4 · Solicitudes","94","Solicitud tecnica tomada del Excel."
"Maintenance","MNT_R6_35528","Excel","5 · Kardex Mantenimiento","6","Mantenimiento/Kardex tomado del Excel."
"MaintenanceTask","MNT_R6_35528","Excel","5 · Kardex Mantenimiento","6","Tarea derivada del mantenimiento real."
"CostDetail","MNT_R6_35528","Excel","6 · Detalles de Costo","6","Costo tomado del Excel."
"CostDetail","MNT_R6_35528","Excel","6 · Detalles de Costo","7","Costo tomado del Excel."
"CostDetail","PUR_CUCHARA001_34179","Excel","6 · Detalles de Costo","8","Costo tomado del Excel."
"CostDetail","PUR_CUCHARA001_34179","Excel","6 · Detalles de Costo","9","Costo tomado del Excel."
"Departure","DEP_R6_34179","Excel","7 · Salidas (L-3)","6","Salida L-3 tomada del Excel."
"Departure","DEP_R7_17355","Excel","7 · Salidas (L-3)","7","Salida L-3 tomada del Excel."
"DepartureItem","DEP_R6_34179","Excel","7 · Salidas (L-3)","6","Item L-3 tomado del Excel."
"DepartureItem","DEP_R7_17355","Excel","7 · Salidas (L-3)","7","Item L-3 tomado del Excel."
"ManagementPlan","PLAN_R7_49236","Excel","8 · Plan de Mantenimiento","7","Plan L-48 tomado del Excel."
"ManagementPlan","PLAN_R8_17355","Excel","8 · Plan de Mantenimiento","8","Plan L-48 tomado del Excel."
"Request","INF_REQ_20232_49236","Inferido","chain","0","L7 inferido para completar cadena preventiva."
"Verification","INF_VER_20232_49236","Inferido","chain","0","L6 inferido para mantener continuidad preventiva antes de L7."
"VerificationFault","INF_VER_20232_49236","Inferido","chain","0","Falla inferida para justificar continuidad hacia L7."
"Maintenance","INF_MNT_20232_49236","Inferido","chain","0","L8 inferido para enlazar solicitud, salida, Kardex o desembolso."
"MaintenanceTask","INF_MNT_20232_49236","Inferido","chain","0","Tarea L-48 inferida para completar avance del mantenimiento."
"EquipmentStateHistory","INF_KDX_20232_49236","Inferido","chain","0","Historial Kardex inferido al cerrar mantenimiento completado."
"CostDetail","INF_MNT_20232_49236","Inferido","chain","0","Costo minimo inferido para permitir cierre de mantenimiento en pruebas."
"ManagementPlan","PLAN_R7_49236","Excel+Inferido","8 · Plan de Mantenimiento","7","Plan L-48 enlazado con las FK disponibles del wizard."
"Verification","INF_VER_20251_17355","Inferido","chain","0","L6 inferido para mantener continuidad preventiva antes de L7."
"VerificationFault","INF_VER_20251_17355","Inferido","chain","0","Falla inferida para justificar continuidad hacia L7."
"ManagementPlan","PLAN_R8_17355","Excel+Inferido","8 · Plan de Mantenimiento","8","Plan L-48 enlazado con las FK disponibles del wizard."
"Verification","INF_VER_20251_34179","Inferido","chain","0","L6 inferido para mantener continuidad preventiva antes de L7."
"VerificationFault","INF_VER_20251_34179","Inferido","chain","0","Falla inferida para justificar continuidad hacia L7."
"Maintenance","INF_MNT_20251_34179","Inferido","chain","0","L8 inferido para enlazar solicitud, salida, Kardex o desembolso."
"MaintenanceTask","INF_MNT_20251_34179","Inferido","chain","0","Tarea L-48 inferida para completar avance del mantenimiento."
"EquipmentStateHistory","INF_KDX_20251_34179","Inferido","chain","0","Historial Kardex inferido al cerrar mantenimiento completado."
"CostDetail","INF_MNT_20251_34179","Inferido","chain","0","Costo copiado para que Kardex y L-12 reflejen el mismo desembolso historico."
"CostDetail","INF_MNT_20251_34179","Inferido","chain","0","Costo copiado para que Kardex y L-12 reflejen el mismo desembolso historico."
"ManagementPlan","INF_PLAN_20251_34179","Inferido","chain","0","Plan L-48 enlazado con las FK disponibles del wizard."
"Verification","INF_VER_20251_34180","Inferido","chain","0","L6 inferido para mantener continuidad preventiva antes de L7."
"VerificationFault","INF_VER_20251_34180","Inferido","chain","0","Falla inferida para justificar continuidad hacia L7."
"ManagementPlan","INF_PLAN_20251_34180","Inferido","chain","0","Plan L-48 enlazado con las FK disponibles del wizard."
"Verification","INF_VER_20251_34744","Inferido","chain","0","L6 inferido para mantener continuidad preventiva antes de L7."
"VerificationFault","INF_VER_20251_34744","Inferido","chain","0","Falla inferida para justificar continuidad hacia L7."
"ManagementPlan","INF_PLAN_20251_34744","Inferido","chain","0","Plan L-48 enlazado con las FK disponibles del wizard."
"EquipmentStateHistory","INF_KDX_20251_35528","Inferido","chain","0","Historial Kardex inferido al cerrar mantenimiento completado."
"ManagementPlan","INF_PLAN_20251_35528","Inferido","chain","0","Plan L-48 enlazado con las FK disponibles del wizard."
"Verification","INF_VER_20251_39170","Inferido","chain","0","L6 inferido para mantener continuidad preventiva antes de L7."
"VerificationFault","INF_VER_20251_39170","Inferido","chain","0","Falla inferida para justificar continuidad hacia L7."
"ManagementPlan","INF_PLAN_20251_39170","Inferido","chain","0","Plan L-48 enlazado con las FK disponibles del wizard."
"Verification","INF_VER_20251_49236","Inferido","chain","0","L6 inferido para mantener continuidad preventiva antes de L7."
"VerificationFault","INF_VER_20251_49236","Inferido","chain","0","Falla inferida para justificar continuidad hacia L7."
"ManagementPlan","INF_PLAN_20251_49236","Inferido","chain","0","Plan L-48 enlazado con las FK disponibles del wizard."
