EquipmentKey,Name,Brand,Model,UnitCount,DescriptionSnippet,CurrentCategory,CurrentCategoryName,CurrentUtensilType,CurrentUtensilTypeName,CurrentTypeClassification,CurrentTypeClassificationName,SuggestedCategory,SuggestedCategoryName,SuggestedUtensilType,SuggestedUtensilTypeName,SuggestedTypeClassification,SuggestedTypeClassificationName,Confidence,NeedsManualReview,Rule,Action
ABATIDOR FASTER|AFINOX|FASTER 5T GF 230V,ABATIDOR FASTER,AFINOX,FASTER 5T GF 230V,1,"ABATIDOR FASTER REFRIGERANTE 5 BANDEJAS , MATERIAL: ACERO INOXIDABLE, COLOR: MARFIL/BLANCO, MARCA: AFINOX, MODELO: FASTER 5T GF 230V, SERIE: 3016085604",0,Equipo,0,No Aplica,7,Otro,0,Equipo,0,No Aplica,9,Equipos de frio,Alta,NO,Equipo: frio/refrigeracion por nombre/descripcion.,UPDATE
ACCES POINT|CISCO|AIR-CAP370,ACCES POINT,CISCO,AIR-CAP370,1,"ACCES POINT (ANTENA WIFI) MODEM INALAMBRICO, 802.11 AC. CON CUATRO ANTENAS, AP LICENCIA PARA CISCO. , CAPACIDAD: 2.4GHZ 2DB I/5 DIPOLE , COLOR: BLANCO, MARCA: CISCO, MODELO: AIR-CAP3702E-A-K9 , SERIE: SFTX1927S0UL",0,Equipo,0,No Aplica,7,Otro,0,Equipo,0,No Aplica,6,Informatico / Software,Alta,NO,Equipo: informatico o telecomunicaciones por nombre/descripcion.,UPDATE
ACCES POINT|CISCO|AIR-CAP3702E-A-K9,ACCES POINT,CISCO,AIR-CAP3702E-A-K9,2,"ACCES POINT (ANTENA WIFI) MODEM INALAMBRICO, 802.11 AC. CON CUATRO ANTENAS, AP LICENCIA PARA CISCO. , CAPACIDAD: 2.4GHZ 2DB I/5 DIPOLE , COLOR: BLANCO, MARCA: CISCO, MODELO: AIR-CAP3702E-A-K9, SERIE: SFTX1927S0VR",0,Equipo,0,No Aplica,7,Otro,0,Equipo,0,No Aplica,6,Informatico / Software,Alta,NO,Equipo: informatico o telecomunicaciones por nombre/descripcion.,UPDATE
ALL IN ONE|HP|24-E015LA,ALL IN ONE,HP,24-E015LA,1,"ALL IN ONE MEMORIA 8GB, DISCO DURO 1 TB, COPIADOR DE DVD, PANTALLA DE 23 PULG , COLOR: BLANCO , MARCA: HP, MODELO: 24-E015LA, SERIE: 8CC80516KV",0,Equipo,0,No Aplica,7,Otro,0,Equipo,0,No Aplica,6,Informatico / Software,Alta,NO,Equipo: informatico o telecomunicaciones por nombre/descripcion.,UPDATE
ALL IN ONE|LENOVO|10BB-A0C900,ALL IN ONE,LENOVO,10BB-A0C900,1,"ALL IN ONE 500 GB D.D. - 4.00 GB DE RAM, CON MOUSE OPTICO, GRABADOR DE CD/DVD , CAPACIDAD: CORE I5 - 2.90 GHZ, COLOR: NEGRO, MARCA: LENOVO, MODELO: 10BB-A0C900, SERIE: MJ00UZ5R",0,Equipo,0,No Aplica,7,Otro,0,Equipo,0,No Aplica,6,Informatico / Software,Alta,NO,Equipo: informatico o telecomunicaciones por nombre/descripcion.,UPDATE
ALL IN ONE|LENOVO|THINK CENTRE M73Z,ALL IN ONE,LENOVO,THINK CENTRE M73Z,1,"ALL IN ONE 500 GB D.D. 4.00 GB DE RAM,GRABADOR DE DVD, MOUSE OPTICO. , CAPACIDAD: CORE I5-2.40 GHZ, COLOR: NEGRO, MARCA: LENOVO, MODELO: THINK CENTRE M73Z",0,Equipo,0,No Aplica,7,Otro,0,Equipo,0,No Aplica,6,Informatico / Software,Alta,NO,Equipo: informatico o telecomunicaciones por nombre/descripcion.,UPDATE
AMASADORA|WILDA|,AMASADORA,WILDA,,1,"AMAZADORA ESPIRAL DE DOBLE VELOCIDAD, CON CAJA DE CONTROL, FUENTE DE AMASADO INOX , CAPACIDAD: 80 LITROS, COLOR: BLANCO/METALICO, MARCA: WILDA",0,Equipo,0,No Aplica,7,Otro,0,Equipo,0,No Aplica,12,Maquinas rotativas,Alta,NO,Equipo: maquina rotativa o motorizada por nombre/descripcion.,UPDATE
APARATO TELEFONICO|CISCO|CP-3905,APARATO TELEFONICO,CISCO,CP-3905,1,"APARATO TELEFONICO CON CABLES DE CONECCION , MATERIAL: PLASTICO, COLOR: NEGRO, MARCA: CISCO, MODELO: CP-3905, SERIE: FCH2045GJVT",0,Equipo,0,No Aplica,7,Otro,0,Equipo,0,No Aplica,6,Informatico / Software,Alta,NO,Equipo: informatico o telecomunicaciones por nombre/descripcion.,UPDATE
BACHA DE LAVADO||,BACHA DE LAVADO,,,5,"BACHA DE LAVADO CON SOPORTE ADPATADO , MATERIAL: ACERO INOXIDABLE, COLOR: METALICO",0,Equipo,0,No Aplica,7,Otro,2,Otro,0,No Aplica,7,Otro,Alta,NO,Decision usuario: caso de revision clasificado conservadoramente como Otro.,UPDATE
BALANZA ELECTRONICA||,BALANZA ELECTRONICA,,,1,"BALANZA ELECTRONICA DE 30 KILOS , MATERIAL: METAL, COLOR: PLOMO/NEGRO, MARCA: ELECTRONIC SCALE , SERIE: 14092713783",0,Equipo,0,No Aplica,7,Otro,0,Equipo,0,No Aplica,3,Instrumental de Medicion,Alta,NO,Equipo: instrumental de medicion por nombre/descripcion.,UPDATE
BALANZA ELECTRONICA|ELECTRONIC SCALE|,BALANZA ELECTRONICA,ELECTRONIC SCALE,,2,"BALANZA ELECTRONICA DE 30 KILOS , MATERIAL: METAL, COLOR: PLOMO/NEGRO, MARCA: ELECTRONIC SCALE , SERIE: 14092713831",0,Equipo,0,No Aplica,7,Otro,0,Equipo,0,No Aplica,3,Instrumental de Medicion,Alta,NO,Equipo: instrumental de medicion por nombre/descripcion.,UPDATE
BALANZA ELECTRONICA|OHAUS|RANGER R31P30,BALANZA ELECTRONICA,OHAUS,RANGER R31P30,4,"BALANZA ELECTRONICA DE 30 KG X 1 GR , MATERIAL: METAL, COLOR: PLOMO/AZUL ACERO , MARCA: OHAUS, MODELO: RANGER R31P30, SERIE: 8336510968",0,Equipo,0,No Aplica,7,Otro,0,Equipo,0,No Aplica,3,Instrumental de Medicion,Alta,NO,Equipo: instrumental de medicion por nombre/descripcion.,UPDATE
BANCA DE MADERA||,BANCA DE MADERA,,,2,"BANCA , MATERIAL: MADERA, MEDIDAS: 42X180X30 cm., COLOR: BLANCO",0,Equipo,0,No Aplica,7,Otro,2,Otro,0,No Aplica,2,Mobiliario,Alta,NO,Otro: mobiliario/infraestructura sin clasificacion de equipo tecnico.,UPDATE
BATIDORA|KITCHENAID|5KSM7591,BATIDORA,KITCHENAID,5KSM7591,4,"BATIDORA ACCESORIOS: BOL DE ACERO INOX DE 6.9L, ESCUDO VERTEDOR, BATIDOR VARILLA, GANCHO AMASADOR, BATIDOR PLANO, , MATERIAL: INOX , COLOR: PLOMO , MARCA: KITCHENAID, MODELO: 5KSM7591, SERIE: W74467699",0,Equipo,0,No Aplica,7,Otro,0,Equipo,0,No Aplica,12,Maquinas rotativas,Alta,NO,Equipo: maquina rotativa o motorizada por nombre/descripcion.,UPDATE
"BATIDORA|KITCHENAID|5KSM7591,",BATIDORA,KITCHENAID,"5KSM7591,",1,"BATIDORA ACCESORIOS: BOL DE ACERO INOX DE 6.9L, ESCUDO VERTEDOR, BATIDOR VARILLA, GANCHO AMASADOR, BATIDOR PLANO, , MATERIAL: INOX , COLOR: PLOMO , MARCA: KITCHENAID, MODELO: 5KSM7591, SERIE: W74467732",0,Equipo,0,No Aplica,7,Otro,0,Equipo,0,No Aplica,12,Maquinas rotativas,Alta,NO,Equipo: maquina rotativa o motorizada por nombre/descripcion.,UPDATE
BATIDORA|OSTER|,BATIDORA,OSTER,,1,"BATIDORA BOL DE ACERO INOX, CON 2 ASPAS , MATERIAL: IMOX, MARCA: OSTER",0,Equipo,0,No Aplica,7,Otro,0,Equipo,0,No Aplica,12,Maquinas rotativas,Alta,NO,Equipo: maquina rotativa o motorizada por nombre/descripcion.,UPDATE
BEBEDERO DE AGUA|IBBL|BAG 40,BEBEDERO DE AGUA,IBBL,BAG 40,1,"BEBEDERO DE AGUA CON FILTRO , MATERIAL: ACERO INOXIDABLE, MEDIDAS: 98X31X31 cm., COLOR: AZUL ELECTRICO, MARCA: IBBL, MODELO: BAG 40, SERIE: 451P287128",0,Equipo,0,No Aplica,7,Otro,0,Equipo,0,No Aplica,9,Equipos de frio,Alta,NO,Equipo: frio/refrigeracion por nombre/descripcion.,UPDATE
CAFETERA IND|ASTORIA|INDUS. ITALIANA,CAFETERA IND,ASTORIA,INDUS. ITALIANA,1,"CAFETERA INDUSTRIAL SEMIAUTOMATICO,MANDO MANUAL CON DOTONES ELECTRONICOS, CARROCERIA CON PANELES DEACERO INOX Y ACERO, MOTOBOMBA INCORPORADA, DOS LANZAS DE VAPOR , MATERIAL: INOX/ACERO, CAPACIDAD: 10,5, MEDIDAS: 70X54X52",0,Equipo,0,No Aplica,7,Otro,0,Equipo,0,No Aplica,8,Equipos de calor,Alta,NO,Equipo: calor por nombre/descripcion.,UPDATE
CAMARA CONSERVADORA|ASBER|ARR-43,CAMARA CONSERVADORA,ASBER,ARR-43,1,"CAMARA CONSERVADORA CON DOS PUERTAS , MATERIAL: ACERO INOXIDABLE, CAPACIDAD: 220V 50/60HZ, COLOR: INOX, MARCA: ASBER, MODELO: ARR-43, SERIE: 11090021M",0,Equipo,0,No Aplica,7,Otro,0,Equipo,0,No Aplica,9,Equipos de frio,Alta,NO,"Correccion critica: camara conservadora es equipo de frio, no audiovisual.",UPDATE
CAMARA DE VIDEO||,CAMARA DE VIDEO,,,1,"CAMARA DE VIDEO DE ALTA RESOLUCIÓN, IR DOMO,1/3 SONY ICX633+NEXTCHIP-480 TVL IR LED: E5X24PCS,LENTE 3.6 MM FUENTE DC12V 500 MA BALUMS , COLOR: BLANCO, MARCA: DESL",0,Equipo,0,No Aplica,7,Otro,0,Equipo,0,No Aplica,14,Equipos audiovisuales,Alta,NO,Equipo: audiovisual por nombre/descripcion.,UPDATE
CAMARA DE VIDEO|HIKVISION|DS-2CEE55A2N-IRN,CAMARA DE VIDEO,HIKVISION,DS-2CEE55A2N-IRN,3,"CAMARA DE VIDEO DOMO DOMO ANTIVANDALICA VERDADERO (ICR) C/IR 1.3"" HIGH RESOL IP66 ALTA RESOLUCION: 700TVL/01 LUX. BALUMS TRANSMISOR DE SEÑAL, FUENTE DE PODER. , COLOR: BLANCO, MARCA: HIKVISION, MODELO: DS-2CEE55A2N-IRN, ",0,Equipo,0,No Aplica,7,Otro,0,Equipo,0,No Aplica,14,Equipos audiovisuales,Alta,NO,Equipo: audiovisual por nombre/descripcion.,UPDATE
CAMARA DE VIDEO|HIKVISION|DS2CC5192N-IR1,CAMARA DE VIDEO,HIKVISION,DS2CC5192N-IR1,1,"CAMARA DE VIDEO DE ALTA RESOLUCIÓN , COLOR: BLANCO, MARCA: HIKVISION, MODELO: DS2CC5192N-IR1",0,Equipo,0,No Aplica,7,Otro,0,Equipo,0,No Aplica,14,Equipos audiovisuales,Alta,NO,Equipo: audiovisual por nombre/descripcion.,UPDATE
CAMARA DE VIDEO|SONY BALUMS|,CAMARA DE VIDEO,SONY BALUMS,,1,"CAMARA DE VIDEO DE ALTA RESOLUCIÓN, ANTIBANDALICAIR , CAPACIDAD: 480 TVL 1/3 "" , COLOR: BLANCO , MARCA: SONY BALUMS",0,Equipo,0,No Aplica,7,Otro,0,Equipo,0,No Aplica,14,Equipos audiovisuales,Alta,NO,Equipo: audiovisual por nombre/descripcion.,UPDATE
CAMPANA DE EXTRACCION||,CAMPANA DE EXTRACCION,,,7,"CAMPANA CENTRAL DE EXTRACCION FILTROS DESMONTABLES FOCOS Y TOMA DE CORRIENTE , MATERIAL: ACERO INOXIDABLE, MEDIDAS: 120X120 cm., COLOR: METALICO",0,Equipo,0,No Aplica,7,Otro,0,Equipo,0,No Aplica,15,Equipos electricos,Alta,NO,Correccion critica: campana/extractor es equipo electrico instalado.,UPDATE
CAMPANA DE EXTRACCION|WILDA|,CAMPANA DE EXTRACCION,WILDA,,12,"CAMPANA DE EXTRACCIÓN , MATERIAL: ACERO INOXIDABLE, MEDIDAS: 320X120 cm., COLOR: PLATEADO, MARCA: WILDA",0,Equipo,0,No Aplica,7,Otro,0,Equipo,0,No Aplica,15,Equipos electricos,Alta,NO,Correccion critica: campana/extractor es equipo electrico instalado.,UPDATE
CARRITO||,CARRITO,,,1,"CARRITO PORTA GARRAFAS, CON DOS RUEDAS , MATERIAL: METALICO , COLOR: PLOMO",0,Equipo,0,No Aplica,7,Otro,2,Otro,0,No Aplica,2,Mobiliario,Alta,NO,Otro: mobiliario/infraestructura sin clasificacion de equipo tecnico.,UPDATE
CASILLERO METALICO||,CASILLERO METALICO,,,39,"CASILLERO , MATERIAL: METAL, MEDIDAS: 180X80X43 cm., BANDEJAS/DIVISIONES: 8 PUERTAS, COLOR: PLOMO",0,Equipo,0,No Aplica,7,Otro,2,Otro,0,No Aplica,2,Mobiliario,Alta,NO,Correccion critica: mobiliario/infraestructura clasificado como Otro/Mobiliario.,UPDATE
COCINA INDUSTRIAL|WILDA|,COCINA INDUSTRIAL,WILDA,,25,"COCINA INDUSTRIAL GASTRONOMICA A GAS, DE 4 HORNALLAS , MATERIAL: ACERO INOXIDABLE, COLOR: PLATEADO, MARCA: WILDA",0,Equipo,0,No Aplica,7,Otro,0,Equipo,0,No Aplica,8,Equipos de calor,Alta,NO,Equipo: calor por nombre/descripcion.,UPDATE
COCINA INDUSTRIAL|WILDA|AISI304L 2B,COCINA INDUSTRIAL,WILDA,AISI304L 2B,8,"COCINA CENTRAL GASTRONOMICA INDUSTRIAL DE 4 HORNALLAS , MATERIAL: ACERO INOXIDABLE, MEDIDAS: 85X92X92 cm., COLOR: METALICO, MARCA: WILDA, MODELO: AISI304L 2B",0,Equipo,0,No Aplica,7,Otro,0,Equipo,0,No Aplica,8,Equipos de calor,Alta,NO,Equipo: calor por nombre/descripcion.,UPDATE
CPU DE ESCRITORIO|LENOVO|THINK CENTRE,CPU DE ESCRITORIO,LENOVO,THINK CENTRE,4,"CPU 500 GB DD, 4.00 GB DE RAM, GRABADOR DE DVD, MOUSE OPTICO , CAPACIDAD: CORE I5 - 3.10 GHZ, COLOR: NEGRO, MARCA: LENOVO, MODELO: THINK CENTRE, SERIE: MJNHDWZ",0,Equipo,0,No Aplica,7,Otro,0,Equipo,0,No Aplica,6,Informatico / Software,Alta,NO,Correccion critica: activo informatico clasificado como equipo informatico.,UPDATE
CREDENZA DE MELAMINA||,CREDENZA DE MELAMINA,,,1,"CREDENZA CON 6 MODULOS (DE 3 UNID. C/U) DE ARCHIVOS, 4 PUERTAS CON CHAPAS Y DOS LLAVES , MATERIAL: MELAMINA DE 25MM, MEDIDAS: 160X40,5X93 cm., BANDEJAS/DIVISIONES: DON 2 DIVISIONES REGULABLES, COLOR: WENGUE/NEGRO/PLOMO",0,Equipo,0,No Aplica,7,Otro,1,Utensilio,5,Menaje de cocina,7,Otro,Alta,NO,Utensilio: menaje o pieza removible de cocina por nombre/descripcion.,UPDATE
ENVASADORA AL VACIO|VENTUS|,ENVASADORA AL VACIO,VENTUS,,1,"ENVASADORA AL VACIO DE 310MM VSV310, CON BOMBA DE VACIO DE 4 M3/H , MARCA: VENTUS, SERIE: 202031007",0,Equipo,0,No Aplica,7,Otro,0,Equipo,0,No Aplica,12,Maquinas rotativas,Alta,NO,Equipo: maquina rotativa o motorizada por nombre/descripcion.,UPDATE
ESCRITORIO DE MADERA||,ESCRITORIO DE MADERA,,,6,"ESCRITORIO CON 2 CHAPAS (CON LLAVES) , MATERIAL: MADERA, MEDIDAS: 78X120X63 cm., BANDEJAS/DIVISIONES: 4 CAJONES, COLOR: CAFE",0,Equipo,0,No Aplica,7,Otro,1,Utensilio,5,Menaje de cocina,7,Otro,Alta,NO,Utensilio: menaje o pieza removible de cocina por nombre/descripcion.,UPDATE
ESCRITORIO DE MELAMINA MODULAR||,ESCRITORIO DE MELAMINA MODULAR,,,1,"ESCRITORIO DE MELAMINA FLOW OPERATIVO, PORTA TECLADO , CON PASA CABLE, PATAS DE ALUMIO ANODIZADO , MATERIAL: MELAMINA DE 25MM, MEDIDAS: 160X180X74 cm., COLOR: WENGUE/NEGRO/PLOMO",0,Equipo,0,No Aplica,7,Otro,0,Equipo,0,No Aplica,6,Informatico / Software,Alta,NO,Equipo: informatico o telecomunicaciones por nombre/descripcion.,UPDATE
ESCRITORIO METALICO||,ESCRITORIO METALICO,,,1,"ESCRITORIO METALICO CON CUERINA Y VIDRIO TRIPLE , MATERIAL: METAL Y VIDRIO, MEDIDAS: 79X120X70 cm., BANDEJAS/DIVISIONES: 4 CAJONES, COLOR: BEIGE",0,Equipo,0,No Aplica,7,Otro,1,Utensilio,5,Menaje de cocina,7,Otro,Alta,NO,Utensilio: menaje o pieza removible de cocina por nombre/descripcion.,UPDATE
ESTANTE BAR DE MADERA||,ESTANTE BAR DE MADERA,,,1,"ESTANTE BAR (CON 4 FOCOS) , MATERIAL: MADERA, MEDIDAS: 227X431X60 cm., BANDEJAS/DIVISIONES: 12 PUERTAS, COLOR: CAFE CLARO",0,Equipo,0,No Aplica,7,Otro,1,Utensilio,5,Menaje de cocina,7,Otro,Alta,NO,Utensilio: menaje o pieza removible de cocina por nombre/descripcion.,UPDATE
ESTANTE METALICO||,ESTANTE METÁLICO,,,1,"ESTANTE TIPO MECANO , MATERIAL: METAL, MEDIDAS: 200X90X30 cm., BANDEJAS/DIVISIONES: 5 BANDEJAS, COLOR: PLOMO",0,Equipo,0,No Aplica,7,Otro,1,Utensilio,5,Menaje de cocina,7,Otro,Alta,NO,Utensilio: menaje o pieza removible de cocina por nombre/descripcion.,UPDATE
ESTANTE PORTA BANDEJAS||,ESTANTE PORTA BANDEJAS,,,1,"ESTANETE PORTA BAMBEJAS CON RODAPIES, PARA BANDEJAS DE PANADERIA , MATERIAL: METALICO , COLOR: PLOMO",0,Equipo,0,No Aplica,7,Otro,1,Utensilio,7,"Panaderia, Reposteria y Pasteleria",7,Otro,Alta,NO,Utensilio: panaderia/reposteria/pasteleria por nombre/descripcion.,UPDATE
EXTINTOR|ABC|,EXTINTOR,ABC,,5,"EXTINTOR DE 8 KG , MARCA: ABC",0,Equipo,0,No Aplica,7,Otro,0,Equipo,0,No Aplica,13,Equipos de seguridad industrial,Alta,NO,Equipo: seguridad industrial por nombre/descripcion.,UPDATE
EXTINTOR|CYLINDERS|,EXTINTOR,CYLINDERS,,1,"EXTINTOR ABC DE 12 KG. , COLOR: ROJO, MARCA: MMB CYLINDERS",0,Equipo,0,No Aplica,7,Otro,0,Equipo,0,No Aplica,13,Equipos de seguridad industrial,Alta,NO,Equipo: seguridad industrial por nombre/descripcion.,UPDATE
EXTINTOR|FANACIM|,EXTINTOR,FANACIM,,3,"EXTINTOR ABC , CAPACIDAD: 10 KG, COLOR: ROJO, MARCA: FANACIM",0,Equipo,0,No Aplica,7,Otro,0,Equipo,0,No Aplica,13,Equipos de seguridad industrial,Alta,NO,Equipo: seguridad industrial por nombre/descripcion.,UPDATE
EXTINTOR|MMB CILINDERS|FNC 10,EXTINTOR,MMB CILINDERS,FNC 10,1,"EXTINTOR ABC, CON MANGUERA , CAPACIDAD: 10 KG, COLOR: ROJO, MARCA: MMB CILINDERS, MODELO: FNC 10",0,Equipo,0,No Aplica,7,Otro,0,Equipo,0,No Aplica,13,Equipos de seguridad industrial,Alta,NO,Equipo: seguridad industrial por nombre/descripcion.,UPDATE
EXTINTOR|MMB CYLINDERS|,EXTINTOR,MMB CYLINDERS,,3,"EXTINTOR ABC DE 12 KG. , COLOR: ROJO, MARCA: MMB CYLINDERS",0,Equipo,0,No Aplica,7,Otro,0,Equipo,0,No Aplica,13,Equipos de seguridad industrial,Alta,NO,Equipo: seguridad industrial por nombre/descripcion.,UPDATE
EXTINTOR TIPO K||,EXTINTOR TIPO K,,,6,"EXTINTOR TIPO K DE 10 LTS, AGENTE ACETATO DE POTASIO (ACERO INOXIDABLE)EXTINFIRE",0,Equipo,0,No Aplica,7,Otro,0,Equipo,0,No Aplica,13,Equipos de seguridad industrial,Alta,NO,Equipo: seguridad industrial por nombre/descripcion.,UPDATE
EXTRACTOR DE AIRE|LOREN SID|,EXTRACTOR DE AIRE,LOREN SID,,1,"EXTRACTOR DE AIRE CIRCULAR DE 4 ASPAS , MATERIAL: METALICO, CAPACIDAD: 1200 M3/H, MEDIDAS: 30 cm., COLOR: PLOMO, MARCA: LOREN SID",0,Equipo,0,No Aplica,7,Otro,2,Otro,0,No Aplica,7,Otro,Alta,NO,Decision usuario: caso de revision clasificado conservadoramente como Otro.,UPDATE
EXTRACTOR DE HUMOS Y GRASAS||,EXTRACTOR DE HUMOS Y GRASAS,,,8,TODO EL CAMPO DE DESCRIPCION DETALLADA DEL ACTIVO,0,Equipo,0,No Aplica,7,Otro,0,Equipo,0,No Aplica,15,Equipos electricos,Alta,NO,Correccion critica: campana/extractor es equipo electrico instalado.,UPDATE
EXTRACTOR DE HUMOS Y GRASAS|WILDA|,EXTRACTOR DE HUMOS Y GRASAS,WILDA,,6,"EXTRACTOR DE HUMOS Y GRASAS CON SISTEMA AUTOLIMPIANTE POR CENTRIFUGACION DE ASPAS, CON FILTROS DESMONTABLES, COLECTOR Y DEPURADOR DE GRASAS, CON MOTOR DE 3 HP , MATERIAL: ACERO INOXIDABLE, COLOR: METALICO, MARCA: WILDA",0,Equipo,0,No Aplica,7,Otro,0,Equipo,0,No Aplica,15,Equipos electricos,Alta,NO,Correccion critica: campana/extractor es equipo electrico instalado.,UPDATE
FERMENTADOR|WILDA|A155 304L2B,FERMENTADOR,WILDA,A155 304L2B,1,"FERMENTADOR ELECTRICO PARA 32 BANDEJAS , MATERIAL: ACERO INOXIDABLE, BANDEJAS/DIVISIONES: 2 PUERTAS, COLOR: METALICO, MARCA: WILDA, MODELO: A155 304L2B",0,Equipo,0,No Aplica,7,Otro,0,Equipo,0,No Aplica,8,Equipos de calor,Alta,NO,Correccion critica: fermentador es equipo termico/de proceso.,UPDATE
FLITRO ABLANDADOR DE AGUA||,FLITRO ABLANDADOR DE AGUA,,,1,FILTRO ABLANDADOR DE AGUA PARA CAFETERA,0,Equipo,0,No Aplica,7,Otro,0,Equipo,0,No Aplica,8,Equipos de calor,Alta,NO,Equipo: calor por nombre/descripcion.,UPDATE
FREIDORA|WILDA|,FREIDORA,WILDA,,1,"FREIDORA CONEXIÓN A GAS, ELECTRICA, DE 2 CANASTILLOS , MATERIAL: ACERO INOXIDABLE, COLOR: PLATEADO, MARCA: WILDA",0,Equipo,0,No Aplica,7,Otro,0,Equipo,0,No Aplica,8,Equipos de calor,Alta,NO,Equipo: calor por nombre/descripcion.,UPDATE
GARRAFA||,GARRAFA,,,2,"GARRAFA DE GLP , CAPACIDAD: 45 KG, COLOR: AMARILLO",0,Equipo,0,No Aplica,7,Otro,2,Otro,0,No Aplica,7,Otro,Alta,NO,Decision usuario: caso de revision clasificado conservadoramente como Otro.,UPDATE
GARRAFA|FANACIM|,GARRAFA,FANACIM,,5,"GARRAFA PARA GLP , CAPACIDAD: 45 KG, COLOR: AMARILLO, MARCA: FANACIM",0,Equipo,0,No Aplica,7,Otro,2,Otro,0,No Aplica,7,Otro,Alta,NO,Decision usuario: caso de revision clasificado conservadoramente como Otro.,UPDATE
GAVETERO DE MELAMINA||,GAVETERO DE MELAMINA,,,1,"GAVETERO MOVIL, CON CHAPA Y DOS LLAVES , MATERIAL: MELAMINA DE 25MM, MEDIDAS: 75X46X42 cm., BANDEJAS/DIVISIONES: CON 3 CAJONES, COLOR: WENGUE/NEGRO",0,Equipo,0,No Aplica,7,Otro,1,Utensilio,5,Menaje de cocina,7,Otro,Alta,NO,Utensilio: menaje o pieza removible de cocina por nombre/descripcion.,UPDATE
HORNO|WILDA|,HORNO,WILDA,,8,"HORNO GASTRONOMICO DE 6 BANDEJAS, CON FERMENTADOR, (CON MOTOR MARCA WEG TRIFASICO) , COLOR: METALICO, MARCA: WILDA",0,Equipo,0,No Aplica,7,Otro,0,Equipo,0,No Aplica,8,Equipos de calor,Alta,NO,Equipo: calor por nombre/descripcion.,UPDATE
HORNO CONVECTOR|ARIANNA|XEFT-04HS-ELDV,HORNO CONVECTOR,ARIANNA,XEFT-04HS-ELDV,1,"HORNO CONVECTOR ELECTRICO CONTROL LED , MATERIAL: INOX, MEDIDAS: 460X330 cm., MARCA: ARIANNA, MODELO: XEFT-04HS-ELDV, SERIE: 2021L0105834",0,Equipo,0,No Aplica,7,Otro,0,Equipo,0,No Aplica,8,Equipos de calor,Alta,NO,Equipo: calor por nombre/descripcion.,UPDATE
LAVAPLATOS DE ACERO INOXIDABLE||,LAVAPLATOS DE ACERO INOXIDABLE,,,17,"LAVAPLATOS SANITARIO DE UNA BACHA , MATERIAL: ACERO INOXIDABLE, MEDIDAS: 80X50X130 cm., COLOR: PLATEADO",0,Equipo,0,No Aplica,7,Otro,2,Otro,0,No Aplica,7,Otro,Alta,NO,Decision usuario: caso de revision clasificado conservadoramente como Otro.,UPDATE
LAVAPLATOS DE ACERO INOXIDABLE|WILDA|,LAVAPLATOS DE ACERO INOXIDABLE,WILDA,,13,"LAVAPLATOS DE 2 BACHAS (40X40X30) , MATERIAL: ACERO INOXDABLE, MEDIDAS: 85X180X60 cm., COLOR: METALICO, MARCA: WILDA",0,Equipo,0,No Aplica,7,Otro,2,Otro,0,No Aplica,7,Otro,Alta,NO,Decision usuario: caso de revision clasificado conservadoramente como Otro.,UPDATE
LICUADORA|OSTER|,LICUADORA,OSTER,,7,"LICUADORA ELECTRICA VASO DE VIDRIO, TECNOLOGIA REVERSIBLE 600W DE POTENCIA , MARCA: OSTER",0,Equipo,0,No Aplica,7,Otro,0,Equipo,0,No Aplica,12,Maquinas rotativas,Alta,NO,Equipo: maquina rotativa o motorizada por nombre/descripcion.,UPDATE
LICUADORA|OSTER|XPERT,LICUADORA,OSTER,XPERT,2,"LICUADRA JARRA DE VIDRIO, DE 6 ASPAS , CAPACIDAD: 2.5 KG, 2 LITROS , MARCA: OSTER, MODELO: XPERT",0,Equipo,0,No Aplica,7,Otro,0,Equipo,0,No Aplica,12,Maquinas rotativas,Alta,NO,Equipo: maquina rotativa o motorizada por nombre/descripcion.,UPDATE
MESA DE MADERA||,MESA DE MADERA,,,8,"MESA RECTANGULAR , MATERIAL: MADERA, MEDIDAS: 80X240X80 cm., COLOR: CAFE",0,Equipo,0,No Aplica,7,Otro,2,Otro,0,No Aplica,2,Mobiliario,Alta,NO,Correccion critica: mobiliario/infraestructura clasificado como Otro/Mobiliario.,UPDATE
MESA METALICA||,MESA METALICA,,,5,"MESA , MATERIAL: METAL Y FORMICA, MEDIDAS: 30X121X76 cm., COLOR: PLOMO JASPEADO",0,Equipo,0,No Aplica,7,Otro,2,Otro,0,No Aplica,2,Mobiliario,Alta,NO,Correccion critica: mobiliario/infraestructura clasificado como Otro/Mobiliario.,UPDATE
MESA METALICA|WILDA|,MESA METALICA,WILDA,,29,"MESA RECTANGULAR DE APOYO, CON 4 RODAPIES , MATERIAL: ACERO INOXIDABLE, BANDEJAS/DIVISIONES: 1 REPISA, COLOR: METALICO, MARCA: WILDA",0,Equipo,0,No Aplica,7,Otro,2,Otro,0,No Aplica,2,Mobiliario,Alta,NO,Correccion critica: mobiliario/infraestructura clasificado como Otro/Mobiliario.,UPDATE
MESON DE METAL||,MESON DE METAL,,,1,"MESON GASTRONOMICO CON 4 RODAPIES , MATERIAL: ACERO INOXIDABLE, MEDIDAS: 85X100X80 cm., BANDEJAS/DIVISIONES: 1 REPISA INFERIOR, COLOR: METALICO",0,Equipo,0,No Aplica,7,Otro,2,Otro,0,No Aplica,2,Mobiliario,Alta,NO,Correccion critica: mobiliario/infraestructura clasificado como Otro/Mobiliario.,UPDATE
MESON DE METAL|WILDA|,MESON DE METAL,WILDA,,14,"MESON GASTRONOMICO DE 1 REPISA INFERIOR , MATERIAL: ACERO INOXIDABLE, MEDIDAS: 85X200X60 cm., COLOR: METALICO, MARCA: WILDA",0,Equipo,0,No Aplica,7,Otro,2,Otro,0,No Aplica,2,Mobiliario,Alta,NO,Correccion critica: mobiliario/infraestructura clasificado como Otro/Mobiliario.,UPDATE
MESON REFRIGERADOR|VENTUS|VMR2PS-280E,MESON REFRIGERADOR,VENTUS,VMR2PS-280E,2,"MESON REFRIGERANTE CON 2 PUERTAS,4 REJILLAS BLANCAS, 4 DIVISIONES, MOVIBLE CON 4 RUEDAS, CHAPA CON 2 LLAVES, TEMPERATURA DE +5° A -5° , MATERIAL: ACERO INOXIDABLE, CAPACIDAD: 280 LTS 250 WATT 220V 50HZ, MEDIDAS: 85X70X13",0,Equipo,0,No Aplica,7,Otro,0,Equipo,0,No Aplica,9,Equipos de frio,Alta,NO,"Correccion tecnica: meson refrigerador es equipo de frio, no mobiliario.",UPDATE
MESON ROBUSTO||,MESON ROBUSTO,,,15,"MESON GASTRONOMICO PARA INSTRUCTOR CON 4 ANAFES, CAJONERIA , MATERIAL: ACERO INOXIDABLE, MEDIDAS: 200X100X85 cm., COLOR: PLATEADO",0,Equipo,0,No Aplica,7,Otro,2,Otro,0,No Aplica,2,Mobiliario,Alta,NO,Correccion critica: mobiliario/infraestructura clasificado como Otro/Mobiliario.,UPDATE
MESON ROBUSTO|WILDA|,MESON ROBUSTO,WILDA,,1,"MESON ROBUSTO CON ANAFE DE 4 HORNALLAS, 2 BANDEJAS CORREDIZAS, 1 BANDEJA EXTRAIBLE, 2 CHAPAS, 2 LLAVES , MATERIAL: ACERO INOXIDABLE, MEDIDAS: 85X200X100 cm., BANDEJAS/DIVISIONES: 4 PUERTAS, COLOR: METALICO, MARCA: WILDA,",0,Equipo,0,No Aplica,7,Otro,2,Otro,0,No Aplica,2,Mobiliario,Alta,NO,Correccion critica: mobiliario/infraestructura clasificado como Otro/Mobiliario.,UPDATE
MESON ROBUSTO|WILDA|A155 304L2B,MESON ROBUSTO,WILDA,A155 304L2B,3,"MESON ROBUSTO CON ANAFE DE 4 HORNALLAS, 2 BANDEJAS CORREDIZAS, 1 BANDEJA EXTRAIBLE, 2 CHAPAS, 2 LLAVES , MATERIAL: ACERO INOXIDABLE, MEDIDAS: 85X200X100 cm., BANDEJAS/DIVISIONES: 4 PUERTAS, COLOR: METALICO, MARCA: WILDA,",0,Equipo,0,No Aplica,7,Otro,2,Otro,0,No Aplica,2,Mobiliario,Alta,NO,Correccion critica: mobiliario/infraestructura clasificado como Otro/Mobiliario.,UPDATE
MICROONDA|LG|MH8236GIR,MICROONDA,LG,MH8236GIR,5,"MICROONDAS PANEL TOUCH , CAPACIDAD: DE 42 LITROS , COLOR: NEGRO JASPEADO, MARCA: LG, MODELO: MH8236GIR, SERIE: 302TATGEX185",0,Equipo,0,No Aplica,7,Otro,0,Equipo,0,No Aplica,8,Equipos de calor,Alta,NO,Correccion critica: microonda es equipo de calor.,UPDATE
MICROONDA|PANASONIC|NN-ST34HM,MICROONDA,PANASONIC,NN-ST34HM,1,"HORNO MICROONDAS , CAPACIDAD: 23 LITROS, MARCA: PANASAONIC, MODELO: NN-ST34HM, SERIE: 5A39210153",0,Equipo,0,No Aplica,7,Otro,0,Equipo,0,No Aplica,8,Equipos de calor,Alta,NO,Correccion critica: microonda es equipo de calor.,UPDATE
MICROONDA|SAMSUNG|MG402MADXBB,MICROONDA,SAMSUNG,MG402MADXBB,1,"MICROONDAS , CAPACIDAD: 40 LITROS, COLOR: NEGRO, MARCA: SAMSUNG, MODELO: MG402MADXBB, SERIE: 0AMM7WFT600193",0,Equipo,0,No Aplica,7,Otro,0,Equipo,0,No Aplica,8,Equipos de calor,Alta,NO,Correccion critica: microonda es equipo de calor.,UPDATE
MOLINO DE COFFIE|FIORENZATO|F64 E,MOLINO DE COFFIE,FIORENZATO,F64 E,1,"MOLINO DE CAFE VASO DE PLASTICO , MATERIAL: INOX/ACERO, COLOR: PLOMO, MARCA: FIORENZATO, MODELO: F64 E, SERIE: 66666622",0,Equipo,0,No Aplica,7,Otro,0,Equipo,0,No Aplica,12,Maquinas rotativas,Alta,NO,Equipo: maquina rotativa o motorizada por nombre/descripcion.,UPDATE
MONITOR LCD|LENOVO|2580AB1,MONITOR LCD,LENOVO,2580AB1,4,"MONITOR LCD DE 18.5 PULGADAS , COLOR: NEGRO, MARCA: LENOVO, MODELO: 2580AB1, SERIE: V1RVV53",0,Equipo,0,No Aplica,7,Otro,0,Equipo,0,No Aplica,6,Informatico / Software,Alta,NO,Correccion critica: activo informatico clasificado como equipo informatico.,UPDATE
MUEBLE DE MADERA PARA COMPUTADORA||,MUEBLE DE MADERA PARA COMPUTADORA,,,1,"MUEBLE PARA COMPUTADORA CON PORTA TECLADO Y PORTA CPU , MATERIAL: MADERA/METAL, MEDIDAS: 80X75X50 cm., COLOR: CAFE",0,Equipo,0,No Aplica,7,Otro,0,Equipo,0,No Aplica,6,Informatico / Software,Alta,NO,Equipo: informatico o telecomunicaciones por nombre/descripcion.,UPDATE
MUEBLE DE MELAMINA PARA COMPUTADORA||,MUEBLE DE MELAMINA PARA COMPUTADORA,,,5,"MUEBLE PARA COMPUTADORA CON PORTA TECLADO CORREDIZO, (1 CHAPA Y 2 LLAVES) , MATERIAL: MELAMINA, MEDIDAS: 189X73.5X51 cm., BANDEJAS/DIVISIONES: 3 PUERTAS, COLOR: CAFE",0,Equipo,0,No Aplica,7,Otro,0,Equipo,0,No Aplica,6,Informatico / Software,Alta,NO,Equipo: informatico o telecomunicaciones por nombre/descripcion.,UPDATE
MUEBLE METALICO PARA COMPUTADORA||,MUEBLE METALICO PARA COMPUTADORA,,,2,"MUEBLE PARA COMPUTADORA , MATERIAL: METALICA/MELAMINA, MEDIDAS: 83X110X73 cm., COLOR: PLOMO/BLANCO",0,Equipo,0,No Aplica,7,Otro,0,Equipo,0,No Aplica,6,Informatico / Software,Alta,NO,Equipo: informatico o telecomunicaciones por nombre/descripcion.,UPDATE
PINZA KELLY||,PINZA KELLY,,,2,"PINZA KELLY CURVA , MATERIAL: ACERO INOXIDABLE, MEDIDAS: 14 cm., COLOR: NIQUELADO",0,Equipo,0,No Aplica,7,Otro,1,Utensilio,5,Menaje de cocina,7,Otro,Alta,NO,Utensilio: menaje o pieza removible de cocina por nombre/descripcion.,UPDATE
PIZARRA CON MARCO METALICO ACRILICO||,PIZARRA CON MARCO METALICO ACRILICO,,,20,"PIZARRA CON PORTA MARCADORES , MATERIAL: ALUMINIO/ACRILICO, MEDIDAS: 120X300 cm., COLOR: PLOMO/BLANCO",0,Equipo,0,No Aplica,7,Otro,2,Otro,0,No Aplica,2,Mobiliario,Alta,NO,Correccion critica: mobiliario/infraestructura clasificado como Otro/Mobiliario.,UPDATE
PORTA BANDEJAS||,PORTA BANDEJAS,,,1,"PORTA BANDEJAS CON RODAPIES, DIVISIONES PARA BANDEJAS , MATERIAL: METALICO, COLOR: PLOMO",0,Equipo,0,No Aplica,7,Otro,1,Utensilio,5,Menaje de cocina,7,Otro,Alta,NO,Utensilio: menaje o pieza removible de cocina por nombre/descripcion.,UPDATE
PORTA TABLAS||,PORTA TABLAS,,,23,"PORTA TABLAS , MATERIAL: INOX, COLOR: PLATEADO",0,Equipo,0,No Aplica,7,Otro,1,Utensilio,5,Menaje de cocina,7,Otro,Alta,NO,Utensilio: menaje o pieza removible de cocina por nombre/descripcion.,UPDATE
PORTA UTENSILIOS||,PORTA UTENSILIOS,,,34,"PORTA UTENSILIOS , MATERIAL: INOX, MEDIDAS: 11X11X18 cm.",0,Equipo,0,No Aplica,7,Otro,1,Utensilio,5,Menaje de cocina,7,Otro,Alta,NO,Correccion critica: porta utensilios es utensilio/menaje.,UPDATE
PROYECTOR LED/LASER|CASIO|(YW-40) XJ-F20XN,PROYECTOR LED/LASER,CASIO,(YW-40) XJ-F20XN,1,"PROYECTOR LED CON CABLES DE CONECCION, CONTROL REMOTO, CON UN MODULO INALAMBRICO (MARCA: CASIO MOD: YW-40) , COLOR: BLANCO , MARCA: CASIO , MODELO: XJ-F20XN, SERIE: A995DDBY7B-093815",0,Equipo,0,No Aplica,7,Otro,0,Equipo,0,No Aplica,14,Equipos audiovisuales,Alta,NO,Equipo: audiovisual por nombre/descripcion.,UPDATE
PROYECTOR LED/LASER|CASIO|XJ-F20XN,PROYECTOR LED/LASER,CASIO,XJ-F20XN,4,"PROYECTOR LED CON CABLES DE CONECCION, CONTROL REMOTO, CON UN MODULO INALAMBRICO (MARCA: CASIO MOD: YW-40) , COLOR: BLANCO , MARCA: CASIO , MODELO: XJ-F20XN, SERIE: A995DDBY7B-093585",0,Equipo,0,No Aplica,7,Otro,0,Equipo,0,No Aplica,14,Equipos audiovisuales,Alta,NO,Equipo: audiovisual por nombre/descripcion.,UPDATE
REFRIGERADOR|VENTUS|VREF-1000BEN,REFRIGERADOR,VENTUS,VREF-1000BEN,1,"REFRIGERADOR DE 2 CUERPOS, 4 MEDIDAS PUERAS DUAL, MOVIBLE CON 4 RODAPIES , MATERIAL: ACERO INOXIDABLE, CAPACIDAD: 900 LTS, COLOR: INOX, MARCA: VENTUS, MODELO: VREF-1000BEN, SERIE: YBL9340CL6200319031300350005",0,Equipo,0,No Aplica,7,Otro,0,Equipo,0,No Aplica,9,Equipos de frio,Alta,NO,Equipo: frio/refrigeracion por nombre/descripcion.,UPDATE
REFRIGERADOR|VENTUS SORP|VREF-1000BEN,REFRIGERADOR,VENTUS SORP,VREF-1000BEN,1,"REFRIGERADOR DE 2 CUERPOS, 4 MEDIDAS PUERAS DUAL, MOVIBLE CON 4 RODAPIES , MATERIAL: ACERO INOXIDABLE, CAPACIDAD: 900 LTS, COLOR: INOX, MARCA: VENTUS CORP, MODELO: VREF-1000BEN, SERIE: YBL9340CL6200319031300350020",0,Equipo,0,No Aplica,7,Otro,0,Equipo,0,No Aplica,9,Equipos de frio,Alta,NO,Equipo: frio/refrigeracion por nombre/descripcion.,UPDATE
REPISA DE ACERO INOXIDABLE||,REPISA DE ACERO INOXIDABLE,,,16,"REPISA CON SISTEMA AUTOSOPORTANTE , MATERIAL: ACERO INOXIDABLE, MEDIDAS: 200X35 cm., COLOR: PLATEADO",0,Equipo,0,No Aplica,7,Otro,2,Otro,0,No Aplica,2,Mobiliario,Alta,NO,Correccion critica: mobiliario/infraestructura clasificado como Otro/Mobiliario.,UPDATE
REPISA DE ACERO INOXIDABLE|WILDA|,REPISA DE ACERO INOXIDABLE,WILDA,,4,"REPISA CON SISTEMA AUTOSOPORTANTE , MATERIAL: ACERO INOXIDABLE, MEDIDAS: 200X35 cm., COLOR: PLATEADO, MARCA: WILDA",0,Equipo,0,No Aplica,7,Otro,2,Otro,0,No Aplica,2,Mobiliario,Alta,NO,Correccion critica: mobiliario/infraestructura clasificado como Otro/Mobiliario.,UPDATE
ROUTER|VIEW SONIC|WPG-370,ROUTER,VIEW SONIC,WPG-370,2,"ROUTER CON DOS ANTENAS, ADAPTADOR DE ENERGÍA , COLOR: NEGRO, MARCA: VIEW SONIC, MODELO: WPG-370, SERIE: TK2142200824",0,Equipo,0,No Aplica,7,Otro,0,Equipo,0,No Aplica,6,Informatico / Software,Alta,NO,Equipo: informatico o telecomunicaciones por nombre/descripcion.,UPDATE
SILLA DE MADERA FIJA||,SILLA DE MADERA FIJA,,,47,"SILLA FIJA , MATERIAL: MADERA, COLOR: CAFE",0,Equipo,0,No Aplica,7,Otro,2,Otro,0,No Aplica,2,Mobiliario,Alta,NO,Correccion critica: mobiliario/infraestructura clasificado como Otro/Mobiliario.,UPDATE
SILLA DE MADERA FIJA TAPIZ TELA||,SILLA DE MADERA FIJA TAPIZ TELA,,,12,"SILLA DE MADERA TAPIZ TELA , MATERIAL: MADERA TAPIZ TELA, COLOR: CAFE",0,Equipo,0,No Aplica,7,Otro,2,Otro,0,No Aplica,2,Mobiliario,Alta,NO,Correccion critica: mobiliario/infraestructura clasificado como Otro/Mobiliario.,UPDATE
SILLA METALICA FIJA TAPIZ CUERINA||,SILLA METALICA FIJA TAPIZ CUERINA,,,3,"SILLA FIJA DE ESPERA, ESTRUCTURA METALICA TAPIZ CUERINA , MATERIAL: METALICO/CUERINA, BANDEJAS/DIVISIONES: , COLOR: NEGRO",0,Equipo,0,No Aplica,7,Otro,2,Otro,0,No Aplica,2,Mobiliario,Alta,NO,Correccion critica: mobiliario/infraestructura clasificado como Otro/Mobiliario.,UPDATE
SILLA METALICA FIJA TAPIZ TELA||,SILLA METALICA FIJA TAPIZ TELA,,,1,"SILLA FIJA DE ESPERA , MATERIAL: METAL/TAPIZ TELA, COLOR: NEGRO",0,Equipo,0,No Aplica,7,Otro,2,Otro,0,No Aplica,2,Mobiliario,Alta,NO,Correccion critica: mobiliario/infraestructura clasificado como Otro/Mobiliario.,UPDATE
SILLA METALICA GIRATORIA TAPIZ TELA||,SILLA METALICA GIRATORIA TAPIZ TELA,,,1,"SILLA GIRATORIA CON 5 RODAPIES, APOYA BRAZOS , MATERIAL: METAL/PLASTICO/TAPIZ TELA, COLOR: NEGRO/TELA AZUL",0,Equipo,0,No Aplica,7,Otro,2,Otro,0,No Aplica,2,Mobiliario,Alta,NO,Correccion critica: mobiliario/infraestructura clasificado como Otro/Mobiliario.,UPDATE
SOUS VIDE|METVISA|,SOUS VIDE,METVISA,,3,"SOUS VIDE , MATERIAL: ACERO INOXIDABLE, COLOR: PLATEADO, MARCA: METVISA",0,Equipo,0,No Aplica,7,Otro,0,Equipo,0,No Aplica,8,Equipos de calor,Alta,NO,Equipo: calor por nombre/descripcion.,UPDATE
TABURETE METALICO||,TABURETE METALICO,,,16,"TABURETE , MATERIAL: METALICO Y MADERA, COLOR: BEIGE/CAFE",0,Equipo,0,No Aplica,7,Otro,2,Otro,0,No Aplica,2,Mobiliario,Alta,NO,Correccion critica: mobiliario/infraestructura clasificado como Otro/Mobiliario.,UPDATE
TECLADO|DELUX|K8060,TECLADO,DELUX,K8060,1,"TECLADO , COLOR: NEGRO, MARCA: DELUX, MODELO: K8060, SERIE: K80600903013004",0,Equipo,0,No Aplica,7,Otro,0,Equipo,0,No Aplica,6,Informatico / Software,Alta,NO,Correccion critica: activo informatico clasificado como equipo informatico.,UPDATE
TECLADO|HP|PR1101U,TECLADO,HP,PR1101U,1,"TECLADO , COLOR: BLANCO , MARCA: HP, MODELO: PR1101U, SERIE: BFZYF0ALAAC0H9",0,Equipo,0,No Aplica,7,Otro,0,Equipo,0,No Aplica,6,Informatico / Software,Alta,NO,Correccion critica: activo informatico clasificado como equipo informatico.,UPDATE
TECLADO|LENOVO|KU-0225,TECLADO,LENOVO,KU-0225,4,"TECLADO , COLOR: NEGRO, MARCA: LENOVO, MODELO: KU-0225, SERIE: 2928973",0,Equipo,0,No Aplica,7,Otro,0,Equipo,0,No Aplica,6,Informatico / Software,Alta,NO,Correccion critica: activo informatico clasificado como equipo informatico.,UPDATE
TECLADO|LENOVO|SK - 8825,TECLADO,LENOVO,SK - 8825,1,"TECLADO , COLOR: NEGRO, MARCA: LENOVO, MODELO: SK - 8825, SERIE: 03647434",0,Equipo,0,No Aplica,7,Otro,0,Equipo,0,No Aplica,6,Informatico / Software,Alta,NO,Correccion critica: activo informatico clasificado como equipo informatico.,UPDATE
TELEVISOR LCD|SONY|KDL-40BX455,TELEVISOR LCD,SONY,KDL-40BX455,4,"TELEVISOR LCD DE 40 PULGADAS, CON CONTROL REMOTO Y PEDESTAL SOPORTE , COLOR: NEGRO, MARCA: SONY, MODELO: KDL-40BX455, SERIE: 5019941",0,Equipo,0,No Aplica,7,Otro,0,Equipo,0,No Aplica,14,Equipos audiovisuales,Alta,NO,Equipo: audiovisual por nombre/descripcion.,UPDATE
TELEVISOR LED|HAIER|LE55B8500DUA,TELEVISOR LED,HAIER,LE55B8500DUA,2,"TELEVISOR CON CONTROL REMOTO, EMPOTRADO EN LA PARED , COLOR: NEGRO, MARCA: HAIER, MODELO: LE55B8500DUA, SERIE: DH1VM0D4401D9H9C0323",0,Equipo,0,No Aplica,7,Otro,0,Equipo,0,No Aplica,14,Equipos audiovisuales,Alta,NO,Equipo: audiovisual por nombre/descripcion.,UPDATE
TELEVISOR LED|LG|50LN5400,TELEVISOR LED,LG,50LN5400,3,"TELEVISOR LED DE 50 PULGADAS, CON SOPORTE , COLOR: NEGRO, MARCA: LG, MODELO: 50LN5400, SERIE: 402RMYA62106",0,Equipo,0,No Aplica,7,Otro,0,Equipo,0,No Aplica,14,Equipos audiovisuales,Alta,NO,Equipo: audiovisual por nombre/descripcion.,UPDATE
TELEVISOR LED|SAMSUNG|UN48J5000AGXZS,TELEVISOR LED,SAMSUNG,UN48J5000AGXZS,1,"TELEVISOR LED CON SOPORTE PARA TV , COLOR: LED, MARCA: SAMSUNG, MODELO: UN48J5000AGXZS, SERIE: 04NS3CVH801270",0,Equipo,0,No Aplica,7,Otro,0,Equipo,0,No Aplica,14,Equipos audiovisuales,Alta,NO,Equipo: audiovisual por nombre/descripcion.,UPDATE
TERMO TANQUE|A6|27284,TERMO TANQUE,A6,27284,1,"TERMO TANQUE DE 1.100 LITROS , MEDIDAS: 143X41 cm., COLOR: PLOMO, MARCA: A6, MODELO: 027284",0,Equipo,0,No Aplica,7,Otro,0,Equipo,0,No Aplica,8,Equipos de calor,Alta,NO,Equipo: calor por nombre/descripcion.,UPDATE
THERMOMIX||TM6,THERMOMIX,,TM6,1,"THERMOMIX VASO, MARIPOSA, CESTILLO, VAROMA, ESPATULA , MODELO: TM6, SERIE: 62144842778514045362105",0,Equipo,0,No Aplica,7,Otro,0,Equipo,0,No Aplica,12,Maquinas rotativas,Alta,NO,Equipo: maquina rotativa o motorizada por nombre/descripcion.,UPDATE
VITRINA DE PARED||,VITRINA DE PARED,,,6,"VITRINA PEQUEÑA DE PARED 3 DIVISIONES, 2 PUERTAS DE VIDRIO , MATERIAL: METALICA, MEDIDAS: 80X50X33 cm., COLOR: PLOMO",0,Equipo,0,No Aplica,7,Otro,2,Otro,0,No Aplica,2,Mobiliario,Alta,NO,Otro: mobiliario/infraestructura sin clasificacion de equipo tecnico.,UPDATE
VITRINA METALICA||,VITRINA METALICA,,,1,"VITRINA METALICA CON 4 PUERTAS CON VIDRIO , UNA CHAPA CON LLAVE , MEDIDAS: 205X155X50 cm., BANDEJAS/DIVISIONES: CON 5 DIVISIONES , COLOR: CREMA",0,Equipo,0,No Aplica,7,Otro,1,Utensilio,5,Menaje de cocina,7,Otro,Alta,NO,Utensilio: menaje o pieza removible de cocina por nombre/descripcion.,UPDATE
