InventoryNumber,EquipmentKey,Lab,HasSupportedEnvironment,SourceSheet,SourceRow
225,BANCA DE MADERA||,,NO,1 · Catálogos,539
239,BANCA DE MADERA||,,NO,1 · Catálogos,540
401,TABURETE METALICO||,,NO,1 · Catálogos,460
406,TABURETE METALICO||,,NO,1 · Catálogos,461
416,TABURETE METALICO||,,NO,1 · Catálogos,462
423,TABURETE METALICO||,,NO,1 · Catálogos,463
696,SILLA DE MADERA FIJA||,,NO,1 · Catálogos,433
719,SILLA DE MADERA FIJA||,,NO,1 · Catálogos,443
1635,SILLA DE MADERA FIJA||,,NO,1 · Catálogos,438
2582,PORTA TABLAS||,,NO,1 · Catálogos,126
2584,PORTA TABLAS||,,NO,1 · Catálogos,127
2586,PORTA TABLAS||,,NO,1 · Catálogos,128
2588,PORTA TABLAS||,,NO,1 · Catálogos,129
2589,PORTA TABLAS||,,NO,1 · Catálogos,130
2590,PORTA TABLAS||,,NO,1 · Catálogos,217
2592,PORTA TABLAS||,,NO,1 · Catálogos,218
2593,PORTA TABLAS||,,NO,1 · Catálogos,219
2595,PORTA TABLAS||,,NO,1 · Catálogos,312
2791,MESA METALICA||,,NO,1 · Catálogos,455
2802,MESA METALICA||,,NO,1 · Catálogos,31
3275,PORTA TABLAS||,,NO,1 · Catálogos,313
3287,PORTA TABLAS||,,NO,1 · Catálogos,314
3289,PORTA TABLAS||,,NO,1 · Catálogos,315
3476,PORTA TABLAS||,,NO,1 · Catálogos,265
3478,PORTA TABLAS||,,NO,1 · Catálogos,266
3479,PORTA TABLAS||,,NO,1 · Catálogos,267
3480,PORTA TABLAS||,,NO,1 · Catálogos,268
3481,PORTA TABLAS||,,NO,1 · Catálogos,360
3497,PORTA TABLAS||,,NO,1 · Catálogos,361
3687,PORTA TABLAS||,,NO,1 · Catálogos,362
3695,PORTA TABLAS||,,NO,1 · Catálogos,363
9007,ESCRITORIO METALICO||,,NO,1 · Catálogos,490
9869,SILLA METALICA GIRATORIA TAPIZ TELA||,,NO,1 · Catálogos,34
10714,MUEBLE METALICO PARA COMPUTADORA||,,NO,1 · Catálogos,549
11848,TECLADO|DELUX|K8060,,NO,1 · Catálogos,38
12789,PINZA KELLY||,,NO,1 · Catálogos,35
12792,PINZA KELLY||,,NO,1 · Catálogos,36
13281,MESON ROBUSTO||,,NO,1 · Catálogos,302
13616,PORTA TABLAS||,,NO,1 · Catálogos,220
13617,PORTA TABLAS||,,NO,1 · Catálogos,221
14298,PORTA TABLAS||,,NO,1 · Catálogos,131
14302,VITRINA DE PARED||,,NO,1 · Catálogos,276
14464,MESA METALICA||,,NO,1 · Catálogos,456
14799,MESA METALICA||,,NO,1 · Catálogos,457
15501,MUEBLE METALICO PARA COMPUTADORA||,,NO,1 · Catálogos,32
17355,LICUADORA|OSTER|,H-1,YES,1 · Catálogos,110
17585,BACHA DE LAVADO||,,NO,1 · Catálogos,66
17613,BACHA DE LAVADO||,,NO,1 · Catálogos,424
18024,VITRINA DE PARED||,,NO,1 · Catálogos,98
18049,BACHA DE LAVADO||,,NO,1 · Catálogos,425
18081,ESTANTE METALICO||,,NO,1 · Catálogos,376
18366,SILLA DE MADERA FIJA||,,NO,1 · Catálogos,53
20208,ESTANTE BAR DE MADERA||,,NO,1 · Catálogos,377
20540,PORTA BANDEJAS||,,NO,1 · Catálogos,171
21933,TABURETE METALICO||,,NO,1 · Catálogos,464
21934,TABURETE METALICO||,,NO,1 · Catálogos,465
21935,TABURETE METALICO||,,NO,1 · Catálogos,466
21937,TABURETE METALICO||,,NO,1 · Catálogos,467
21938,TABURETE METALICO||,,NO,1 · Catálogos,468
21940,TABURETE METALICO||,,NO,1 · Catálogos,469
21952,TABURETE METALICO||,,NO,1 · Catálogos,470
21955,TABURETE METALICO||,,NO,1 · Catálogos,471
21956,TABURETE METALICO||,,NO,1 · Catálogos,472
21957,TABURETE METALICO||,,NO,1 · Catálogos,473
21958,TABURETE METALICO||,,NO,1 · Catálogos,474
21960,TABURETE METALICO||,,NO,1 · Catálogos,475
22060,VITRINA DE PARED||,,NO,1 · Catálogos,188
23096,ESTANTE PORTA BANDEJAS||,,NO,1 · Catálogos,132
23273,PIZARRA CON MARCO METALICO ACRILICO||,,NO,1 · Catálogos,442
25509,EXTINTOR|ABC|,,NO,1 · Catálogos,24
25510,EXTINTOR|ABC|,,NO,1 · Catálogos,25
25511,EXTINTOR|ABC|,,NO,1 · Catálogos,26
25513,EXTINTOR|ABC|,,NO,1 · Catálogos,27
25514,EXTINTOR|ABC|,,NO,1 · Catálogos,28
26431,GARRAFA||,,NO,1 · Catálogos,20
26681,CARRITO||,,NO,1 · Catálogos,23
30784,LICUADORA|OSTER|,,NO,1 · Catálogos,199
31123,VITRINA DE PARED||,,NO,1 · Catálogos,324
31169,VITRINA DE PARED||,,NO,1 · Catálogos,229
33306,VITRINA DE PARED||,,NO,1 · Catálogos,138
33308,LICUADORA|OSTER|,,NO,1 · Catálogos,243
33650,ESCRITORIO DE MADERA||,,NO,1 · Catálogos,436
33651,ESCRITORIO DE MADERA||,,NO,1 · Catálogos,431
33706,EXTRACTOR DE AIRE|LOREN SID|,,NO,1 · Catálogos,14
33956,MESA DE MADERA||,,NO,1 · Catálogos,546
33957,SILLA DE MADERA FIJA TAPIZ TELA||,,NO,1 · Catálogos,552
33958,SILLA DE MADERA FIJA TAPIZ TELA||,,NO,1 · Catálogos,553
33959,SILLA DE MADERA FIJA TAPIZ TELA||,,NO,1 · Catálogos,554
33960,SILLA DE MADERA FIJA TAPIZ TELA||,,NO,1 · Catálogos,555
33962,SILLA DE MADERA FIJA TAPIZ TELA||,,NO,1 · Catálogos,556
34046,MESON DE METAL|WILDA|,,NO,1 · Catálogos,93
34047,MESON DE METAL|WILDA|,,NO,1 · Catálogos,94
34073,LAVAPLATOS DE ACERO INOXIDABLE|WILDA|,,NO,1 · Catálogos,99
34075,MESON DE METAL|WILDA|,,NO,1 · Catálogos,95
34076,MESON DE METAL|WILDA|,,NO,1 · Catálogos,96
34077,MESON DE METAL|WILDA|,,NO,1 · Catálogos,97
34161,TELEVISOR LCD|SONY|KDL-40BX455,,NO,1 · Catálogos,68
34162,TELEVISOR LCD|SONY|KDL-40BX455,,NO,1 · Catálogos,58
34164,TELEVISOR LCD|SONY|KDL-40BX455,,NO,1 · Catálogos,59
34165,TELEVISOR LCD|SONY|KDL-40BX455,,NO,1 · Catálogos,488
34166,CASILLERO METALICO||,,NO,1 · Catálogos,502
34167,CASILLERO METALICO||,,NO,1 · Catálogos,503
34168,CASILLERO METALICO||,,NO,1 · Catálogos,504
34169,CASILLERO METALICO||,,NO,1 · Catálogos,505
34170,CASILLERO METALICO||,,NO,1 · Catálogos,506
34171,CASILLERO METALICO||,,NO,1 · Catálogos,507
34172,CASILLERO METALICO||,,NO,1 · Catálogos,508
34173,CASILLERO METALICO||,,NO,1 · Catálogos,509
34174,CASILLERO METALICO||,,NO,1 · Catálogos,510
34175,CASILLERO METALICO||,,NO,1 · Catálogos,511
34178,EXTINTOR|MMB CILINDERS|FNC 10,,NO,1 · Catálogos,208
34179,COCINA INDUSTRIAL|WILDA|AISI304L 2B,H-1,YES,1 · Catálogos,112
34180,COCINA INDUSTRIAL|WILDA|AISI304L 2B,H-1,YES,1 · Catálogos,113
34181,COCINA INDUSTRIAL|WILDA|AISI304L 2B,,NO,1 · Catálogos,114
34183,COCINA INDUSTRIAL|WILDA|AISI304L 2B,,NO,1 · Catálogos,115
34184,COCINA INDUSTRIAL|WILDA|AISI304L 2B,,NO,1 · Catálogos,116
34185,COCINA INDUSTRIAL|WILDA|AISI304L 2B,,NO,1 · Catálogos,484
34186,COCINA INDUSTRIAL|WILDA|AISI304L 2B,,NO,1 · Catálogos,160
34187,COCINA INDUSTRIAL|WILDA|AISI304L 2B,,NO,1 · Catálogos,161
34188,MESA METALICA|WILDA|,,NO,1 · Catálogos,86
34189,MESA METALICA|WILDA|,,NO,1 · Catálogos,87
34190,MESA METALICA|WILDA|,,NO,1 · Catálogos,88
34191,MESA METALICA|WILDA|,,NO,1 · Catálogos,89
34192,MESA METALICA|WILDA|,,NO,1 · Catálogos,90
34193,MESA METALICA||,,NO,1 · Catálogos,91
34245,MESON ROBUSTO|WILDA|A155 304L2B,,NO,1 · Catálogos,43
34246,MESON ROBUSTO|WILDA|A155 304L2B,,NO,1 · Catálogos,56
34247,HORNO|WILDA|,,NO,1 · Catálogos,155
34248,HORNO|WILDA|,,NO,1 · Catálogos,198
34249,EXTRACTOR DE HUMOS Y GRASAS|WILDA|,,NO,1 · Catálogos,83
34250,LAVAPLATOS DE ACERO INOXIDABLE|WILDA|,,NO,1 · Catálogos,476
34253,PIZARRA CON MARCO METALICO ACRILICO||,,NO,1 · Catálogos,65
34270,GARRAFA|FANACIM|,,NO,1 · Catálogos,15
34271,GARRAFA|FANACIM|,,NO,1 · Catálogos,16
34272,GARRAFA|FANACIM|,,NO,1 · Catálogos,17
34273,GARRAFA|FANACIM|,,NO,1 · Catálogos,18
34274,GARRAFA|FANACIM|,,NO,1 · Catálogos,19
34292,CPU DE ESCRITORIO|LENOVO|THINK CENTRE,,NO,1 · Catálogos,452
34296,CPU DE ESCRITORIO|LENOVO|THINK CENTRE,,NO,1 · Catálogos,61
34297,CPU DE ESCRITORIO|LENOVO|THINK CENTRE,,NO,1 · Catálogos,48
34309,CPU DE ESCRITORIO|LENOVO|THINK CENTRE,,NO,1 · Catálogos,37
34363,HORNO|WILDA|,,NO,1 · Catálogos,109
34365,MESON ROBUSTO|WILDA|,,NO,1 · Catálogos,486
34371,MONITOR LCD|LENOVO|2580AB1,,NO,1 · Catálogos,454
34373,FERMENTADOR|WILDA|A155 304L2B,,NO,1 · Catálogos,153
34379,MONITOR LCD|LENOVO|2580AB1,,NO,1 · Catálogos,50
34381,MONITOR LCD|LENOVO|2580AB1,,NO,1 · Catálogos,63
34386,MONITOR LCD|LENOVO|2580AB1,,NO,1 · Catálogos,39
34409,MESON ROBUSTO|WILDA|A155 304L2B,,NO,1 · Catálogos,67
34420,AMASADORA|WILDA|,,NO,1 · Catálogos,146
34483,TECLADO|LENOVO|KU-0225,,NO,1 · Catálogos,453
34491,TECLADO|LENOVO|KU-0225,,NO,1 · Catálogos,49
34492,MESON DE METAL|WILDA|,,NO,1 · Catálogos,134
34495,MESON DE METAL|WILDA|,,NO,1 · Catálogos,135
34500,TECLADO|LENOVO|KU-0225,,NO,1 · Catálogos,30
34502,TECLADO|LENOVO|KU-0225,,NO,1 · Catálogos,62
34515,HORNO|WILDA|,,NO,1 · Catálogos,156
34518,MESON DE METAL|WILDA|,,NO,1 · Catálogos,136
34520,HORNO|WILDA|,,NO,1 · Catálogos,157
34523,PIZARRA CON MARCO METALICO ACRILICO||,,NO,1 · Catálogos,41
34537,PIZARRA CON MARCO METALICO ACRILICO||,,NO,1 · Catálogos,52
34564,PIZARRA CON MARCO METALICO ACRILICO||,,NO,1 · Catálogos,550
34566,LAVAPLATOS DE ACERO INOXIDABLE|WILDA|,,NO,1 · Catálogos,139
34567,LAVAPLATOS DE ACERO INOXIDABLE|WILDA|,,NO,1 · Catálogos,140
34568,LAVAPLATOS DE ACERO INOXIDABLE|WILDA|,,NO,1 · Catálogos,141
34599,LAVAPLATOS DE ACERO INOXIDABLE|WILDA|,,NO,1 · Catálogos,100
34600,LAVAPLATOS DE ACERO INOXIDABLE|WILDA|,,NO,1 · Catálogos,101
34601,LAVAPLATOS DE ACERO INOXIDABLE|WILDA|,,NO,1 · Catálogos,102
34734,MUEBLE DE MELAMINA PARA COMPUTADORA||,,NO,1 · Catálogos,458
34735,MUEBLE DE MELAMINA PARA COMPUTADORA||,,NO,1 · Catálogos,40
34736,MUEBLE DE MELAMINA PARA COMPUTADORA||,,NO,1 · Catálogos,51
34737,MUEBLE DE MELAMINA PARA COMPUTADORA||,,NO,1 · Catálogos,64
34738,EXTRACTOR DE HUMOS Y GRASAS|WILDA|,,NO,1 · Catálogos,84
34739,EXTRACTOR DE HUMOS Y GRASAS|WILDA|,,NO,1 · Catálogos,85
34740,EXTRACTOR DE HUMOS Y GRASAS|WILDA|,,NO,1 · Catálogos,172
34741,MESON DE METAL||,,NO,1 · Catálogos,137
34742,BACHA DE LAVADO||,,NO,1 · Catálogos,54
34743,LAVAPLATOS DE ACERO INOXIDABLE|WILDA|,,NO,1 · Catálogos,103
34744,CAMPANA DE EXTRACCION||,H-1,YES,1 · Catálogos,106
34745,CAMPANA DE EXTRACCION||,,NO,1 · Catálogos,107
34746,CAMPANA DE EXTRACCION||,,NO,1 · Catálogos,108
34747,CAMPANA DE EXTRACCION||,,NO,1 · Catálogos,42
34748,CAMPANA DE EXTRACCION||,,NO,1 · Catálogos,55
34749,CAMPANA DE EXTRACCION||,,NO,1 · Catálogos,154
34814,EXTINTOR|CYLINDERS|,,NO,1 · Catálogos,256
34815,EXTINTOR|MMB CYLINDERS|,,NO,1 · Catálogos,117
34816,EXTINTOR|MMB CYLINDERS|,,NO,1 · Catálogos,44
34817,EXTINTOR|MMB CYLINDERS|,,NO,1 · Catálogos,162
35075,LICUADORA|OSTER|,,NO,1 · Catálogos,289
35196,CASILLERO METALICO||,,NO,1 · Catálogos,543
35197,CASILLERO METALICO||,,NO,1 · Catálogos,544
35394,BATIDORA|OSTER|,,NO,1 · Catálogos,147
35395,COCINA INDUSTRIAL|WILDA|,,NO,1 · Catálogos,485
35396,CAMPANA DE EXTRACCION|WILDA|,,NO,1 · Catálogos,478
35411,MESON DE METAL|WILDA|,,NO,1 · Catálogos,182
35412,MESON DE METAL|WILDA|,,NO,1 · Catálogos,183
35413,MESON DE METAL|WILDA|,,NO,1 · Catálogos,184
35414,MESON DE METAL|WILDA|,,NO,1 · Catálogos,185
35415,MESON DE METAL|WILDA|,,NO,1 · Catálogos,186
35416,MESON DE METAL|WILDA|,,NO,1 · Catálogos,187
35417,MESA METALICA|WILDA|,,NO,1 · Catálogos,175
35418,MESA METALICA|WILDA|,,NO,1 · Catálogos,176
35419,MESA METALICA|WILDA|,,NO,1 · Catálogos,177
35420,MESA METALICA|WILDA|,,NO,1 · Catálogos,178
35421,MESA METALICA|WILDA|,,NO,1 · Catálogos,179
35422,MESA METALICA|WILDA|,,NO,1 · Catálogos,180
35423,FREIDORA|WILDA|,,NO,1 · Catálogos,210
35424,LAVAPLATOS DE ACERO INOXIDABLE|WILDA|,,NO,1 · Catálogos,189
35425,LAVAPLATOS DE ACERO INOXIDABLE|WILDA|,,NO,1 · Catálogos,190
35426,LAVAPLATOS DE ACERO INOXIDABLE|WILDA|,,NO,1 · Catálogos,191
35427,LAVAPLATOS DE ACERO INOXIDABLE|WILDA|,,NO,1 · Catálogos,192
35428,COCINA INDUSTRIAL|WILDA|,,NO,1 · Catálogos,202
35429,COCINA INDUSTRIAL|WILDA|,,NO,1 · Catálogos,203
35430,COCINA INDUSTRIAL|WILDA|,,NO,1 · Catálogos,204
35431,COCINA INDUSTRIAL|WILDA|,,NO,1 · Catálogos,205
35432,COCINA INDUSTRIAL|WILDA|,,NO,1 · Catálogos,206
35433,COCINA INDUSTRIAL|WILDA|,,NO,1 · Catálogos,207
35434,CAMPANA DE EXTRACCION|WILDA|,,NO,1 · Catálogos,195
35435,CAMPANA DE EXTRACCION|WILDA|,,NO,1 · Catálogos,196
35436,CAMPANA DE EXTRACCION|WILDA|,,NO,1 · Catálogos,197
35437,EXTRACTOR DE HUMOS Y GRASAS|WILDA|,,NO,1 · Catálogos,173
35438,EXTRACTOR DE HUMOS Y GRASAS|WILDA|,,NO,1 · Catálogos,174
35528,TERMO TANQUE|A6|27284,CIRCULACION,YES,1 · Catálogos,22
35542,CASILLERO METALICO||,,NO,1 · Catálogos,512
35543,CASILLERO METALICO||,,NO,1 · Catálogos,513
35544,CASILLERO METALICO||,,NO,1 · Catálogos,514
35545,CASILLERO METALICO||,,NO,1 · Catálogos,515
35546,CASILLERO METALICO||,,NO,1 · Catálogos,516
35733,CAMARA DE VIDEO|HIKVISION|DS2CC5192N-IR1,,NO,1 · Catálogos,60
36052,CASILLERO METALICO||,,NO,1 · Catálogos,517
36053,CASILLERO METALICO||,,NO,1 · Catálogos,518
36054,CASILLERO METALICO||,,NO,1 · Catálogos,519
36055,CASILLERO METALICO||,,NO,1 · Catálogos,520
36056,CASILLERO METALICO||,,NO,1 · Catálogos,521
36264,ALL IN ONE|LENOVO|10BB-A0C900,,NO,1 · Catálogos,29
36600,EXTINTOR|FANACIM|,,NO,1 · Catálogos,57
36601,EXTINTOR|FANACIM|,,NO,1 · Catálogos,303
36602,EXTINTOR|FANACIM|,,NO,1 · Catálogos,351
36604,TELEVISOR LED|LG|50LN5400,,NO,1 · Catálogos,369
36605,TELEVISOR LED|LG|50LN5400,,NO,1 · Catálogos,76
36606,TELEVISOR LED|LG|50LN5400,,NO,1 · Catálogos,82
36607,PIZARRA CON MARCO METALICO ACRILICO||,,NO,1 · Catálogos,446
36608,PIZARRA CON MARCO METALICO ACRILICO||,,NO,1 · Catálogos,459
36609,PIZARRA CON MARCO METALICO ACRILICO||,,NO,1 · Catálogos,384
36689,ROUTER|VIEW SONIC|WPG-370,,NO,1 · Catálogos,70
36736,MESA DE MADERA||,,NO,1 · Catálogos,378
36737,MESA DE MADERA||,,NO,1 · Catálogos,379
36738,MESA DE MADERA||,,NO,1 · Catálogos,380
36739,MESA DE MADERA||,,NO,1 · Catálogos,381
36740,MESA DE MADERA||,,NO,1 · Catálogos,382
36741,MESA DE MADERA||,,NO,1 · Catálogos,383
36742,SILLA DE MADERA FIJA||,,NO,1 · Catálogos,385
36743,SILLA DE MADERA FIJA||,,NO,1 · Catálogos,386
36744,SILLA DE MADERA FIJA||,,NO,1 · Catálogos,387
36745,SILLA DE MADERA FIJA||,,NO,1 · Catálogos,388
36746,SILLA DE MADERA FIJA||,,NO,1 · Catálogos,389
36747,SILLA DE MADERA FIJA||,,NO,1 · Catálogos,390
36748,SILLA DE MADERA FIJA||,,NO,1 · Catálogos,391
36749,SILLA DE MADERA FIJA||,,NO,1 · Catálogos,392
36750,SILLA DE MADERA FIJA||,,NO,1 · Catálogos,393
36751,SILLA DE MADERA FIJA||,,NO,1 · Catálogos,394
36752,SILLA DE MADERA FIJA||,,NO,1 · Catálogos,395
36753,SILLA DE MADERA FIJA||,,NO,1 · Catálogos,396
36754,SILLA DE MADERA FIJA||,,NO,1 · Catálogos,397
36755,SILLA DE MADERA FIJA||,,NO,1 · Catálogos,398
36756,SILLA DE MADERA FIJA||,,NO,1 · Catálogos,399
36757,SILLA DE MADERA FIJA||,,NO,1 · Catálogos,400
36758,SILLA DE MADERA FIJA||,,NO,1 · Catálogos,401
36759,SILLA DE MADERA FIJA||,,NO,1 · Catálogos,402
36760,SILLA DE MADERA FIJA||,,NO,1 · Catálogos,403
36761,SILLA DE MADERA FIJA||,,NO,1 · Catálogos,404
36762,SILLA DE MADERA FIJA||,,NO,1 · Catálogos,405
36763,SILLA DE MADERA FIJA||,,NO,1 · Catálogos,406
36764,SILLA DE MADERA FIJA||,,NO,1 · Catálogos,407
36765,SILLA DE MADERA FIJA||,,NO,1 · Catálogos,408
36766,SILLA DE MADERA FIJA||,,NO,1 · Catálogos,409
36767,SILLA DE MADERA FIJA||,,NO,1 · Catálogos,410
36768,SILLA DE MADERA FIJA||,,NO,1 · Catálogos,411
36769,SILLA DE MADERA FIJA||,,NO,1 · Catálogos,412
36770,SILLA DE MADERA FIJA||,,NO,1 · Catálogos,413
36771,SILLA DE MADERA FIJA||,,NO,1 · Catálogos,414
36772,SILLA DE MADERA FIJA||,,NO,1 · Catálogos,415
36773,SILLA DE MADERA FIJA||,,NO,1 · Catálogos,416
36774,SILLA DE MADERA FIJA||,,NO,1 · Catálogos,417
36775,SILLA DE MADERA FIJA||,,NO,1 · Catálogos,418
36776,SILLA DE MADERA FIJA||,,NO,1 · Catálogos,419
36777,SILLA DE MADERA FIJA||,,NO,1 · Catálogos,420
36778,SILLA DE MADERA FIJA||,,NO,1 · Catálogos,421
36779,SILLA DE MADERA FIJA||,,NO,1 · Catálogos,447
36780,SILLA DE MADERA FIJA||,,NO,1 · Catálogos,448
36781,SILLA DE MADERA FIJA||,,NO,1 · Catálogos,449
37019,PIZARRA CON MARCO METALICO ACRILICO||,,NO,1 · Catálogos,364
37021,PIZARRA CON MARCO METALICO ACRILICO||,,NO,1 · Catálogos,79
37041,SILLA METALICA FIJA TAPIZ TELA||,,NO,1 · Catálogos,33
37059,CAMARA DE VIDEO|HIKVISION|DS-2CEE55A2N-IRN,,NO,1 · Catálogos,75
37060,CAMARA DE VIDEO|HIKVISION|DS-2CEE55A2N-IRN,,NO,1 · Catálogos,489
37061,CAMARA DE VIDEO|HIKVISION|DS-2CEE55A2N-IRN,,NO,1 · Catálogos,368
37070,ALL IN ONE|LENOVO|THINK CENTRE M73Z,,NO,1 · Catálogos,493
37077,TECLADO|LENOVO|SK - 8825,,NO,1 · Catálogos,494
37203,ROUTER|VIEW SONIC|WPG-370,,NO,1 · Catálogos,77
37204,COCINA INDUSTRIAL|WILDA|,,NO,1 · Catálogos,341
37205,COCINA INDUSTRIAL|WILDA|,,NO,1 · Catálogos,342
37206,COCINA INDUSTRIAL|WILDA|,,NO,1 · Catálogos,343
37207,COCINA INDUSTRIAL|WILDA|,,NO,1 · Catálogos,344
37208,COCINA INDUSTRIAL|WILDA|,,NO,1 · Catálogos,345
37209,COCINA INDUSTRIAL|WILDA|,,NO,1 · Catálogos,346
37210,COCINA INDUSTRIAL|WILDA|,,NO,1 · Catálogos,292
37211,COCINA INDUSTRIAL|WILDA|,,NO,1 · Catálogos,293
37212,COCINA INDUSTRIAL|WILDA|,,NO,1 · Catálogos,294
37213,COCINA INDUSTRIAL|WILDA|,,NO,1 · Catálogos,295
37214,COCINA INDUSTRIAL|WILDA|,,NO,1 · Catálogos,296
37215,COCINA INDUSTRIAL|WILDA|,,NO,1 · Catálogos,297
37216,COCINA INDUSTRIAL|WILDA|,,NO,1 · Catálogos,246
37217,COCINA INDUSTRIAL|WILDA|,,NO,1 · Catálogos,247
37218,COCINA INDUSTRIAL|WILDA|,,NO,1 · Catálogos,248
37219,COCINA INDUSTRIAL|WILDA|,,NO,1 · Catálogos,249
37220,COCINA INDUSTRIAL|WILDA|,,NO,1 · Catálogos,250
37221,COCINA INDUSTRIAL|WILDA|,,NO,1 · Catálogos,251
37222,LAVAPLATOS DE ACERO INOXIDABLE||,,NO,1 · Catálogos,325
37223,LAVAPLATOS DE ACERO INOXIDABLE||,,NO,1 · Catálogos,326
37224,LAVAPLATOS DE ACERO INOXIDABLE||,,NO,1 · Catálogos,327
37225,LAVAPLATOS DE ACERO INOXIDABLE||,,NO,1 · Catálogos,328
37226,LAVAPLATOS DE ACERO INOXIDABLE||,,NO,1 · Catálogos,329
37227,LAVAPLATOS DE ACERO INOXIDABLE||,,NO,1 · Catálogos,277
37228,LAVAPLATOS DE ACERO INOXIDABLE||,,NO,1 · Catálogos,278
37229,LAVAPLATOS DE ACERO INOXIDABLE||,,NO,1 · Catálogos,279
37230,LAVAPLATOS DE ACERO INOXIDABLE||,,NO,1 · Catálogos,280
37231,LAVAPLATOS DE ACERO INOXIDABLE||,,NO,1 · Catálogos,281
37232,LAVAPLATOS DE ACERO INOXIDABLE||,,NO,1 · Catálogos,230
37233,LAVAPLATOS DE ACERO INOXIDABLE||,,NO,1 · Catálogos,231
37234,LAVAPLATOS DE ACERO INOXIDABLE||,,NO,1 · Catálogos,232
37235,LAVAPLATOS DE ACERO INOXIDABLE||,,NO,1 · Catálogos,233
37236,LAVAPLATOS DE ACERO INOXIDABLE||,,NO,1 · Catálogos,234
37237,MESON ROBUSTO||,,NO,1 · Catálogos,347
37238,MESON ROBUSTO||,,NO,1 · Catálogos,348
37239,MESON ROBUSTO||,,NO,1 · Catálogos,349
37240,MESON ROBUSTO||,,NO,1 · Catálogos,350
37241,MESON ROBUSTO||,,NO,1 · Catálogos,298
37242,MESON ROBUSTO||,,NO,1 · Catálogos,299
37243,MESON ROBUSTO||,,NO,1 · Catálogos,300
37244,MESON ROBUSTO||,,NO,1 · Catálogos,301
37245,MESON ROBUSTO||,,NO,1 · Catálogos,252
37246,MESON ROBUSTO||,,NO,1 · Catálogos,253
37247,MESON ROBUSTO||,,NO,1 · Catálogos,254
37248,MESON ROBUSTO||,,NO,1 · Catálogos,255
37249,HORNO|WILDA|,,NO,1 · Catálogos,337
37250,HORNO|WILDA|,,NO,1 · Catálogos,288
37251,HORNO|WILDA|,,NO,1 · Catálogos,242
37252,REPISA DE ACERO INOXIDABLE||,,NO,1 · Catálogos,282
37253,REPISA DE ACERO INOXIDABLE||,,NO,1 · Catálogos,283
37254,REPISA DE ACERO INOXIDABLE||,,NO,1 · Catálogos,284
37255,REPISA DE ACERO INOXIDABLE||,,NO,1 · Catálogos,285
37256,CAMPANA DE EXTRACCION|WILDA|,,NO,1 · Catálogos,239
37257,CAMPANA DE EXTRACCION|WILDA|,,NO,1 · Catálogos,240
37258,CAMPANA DE EXTRACCION|WILDA|,,NO,1 · Catálogos,241
37259,CAMPANA DE EXTRACCION|WILDA|,,NO,1 · Catálogos,335
37260,CAMPANA DE EXTRACCION|WILDA|,,NO,1 · Catálogos,336
37261,CAMPANA DE EXTRACCION|WILDA|,,NO,1 · Catálogos,286
37262,CAMPANA DE EXTRACCION|WILDA|,,NO,1 · Catálogos,287
37263,CAMPANA DE EXTRACCION||,,NO,1 · Catálogos,73
37265,CAMPANA DE EXTRACCION|WILDA|,,NO,1 · Catálogos,366
37266,EXTRACTOR DE HUMOS Y GRASAS||,,NO,1 · Catálogos,6
37267,EXTRACTOR DE HUMOS Y GRASAS||,,NO,1 · Catálogos,7
37268,EXTRACTOR DE HUMOS Y GRASAS||,,NO,1 · Catálogos,8
37269,EXTRACTOR DE HUMOS Y GRASAS||,,NO,1 · Catálogos,9
37270,EXTRACTOR DE HUMOS Y GRASAS||,,NO,1 · Catálogos,10
37271,EXTRACTOR DE HUMOS Y GRASAS||,,NO,1 · Catálogos,11
37272,EXTRACTOR DE HUMOS Y GRASAS||,,NO,1 · Catálogos,12
37273,EXTRACTOR DE HUMOS Y GRASAS||,,NO,1 · Catálogos,13
37274,MESA METALICA|WILDA|,,NO,1 · Catálogos,317
37275,MESA METALICA|WILDA|,,NO,1 · Catálogos,318
37276,MESA METALICA|WILDA|,,NO,1 · Catálogos,319
37277,MESA METALICA|WILDA|,,NO,1 · Catálogos,320
37278,MESA METALICA|WILDA|,,NO,1 · Catálogos,321
37279,MESA METALICA|WILDA|,,NO,1 · Catálogos,322
37280,MESA METALICA|WILDA|,,NO,1 · Catálogos,269
37281,MESA METALICA|WILDA|,,NO,1 · Catálogos,270
37282,MESA METALICA|WILDA|,,NO,1 · Catálogos,271
37283,MESA METALICA|WILDA|,,NO,1 · Catálogos,272
37284,MESA METALICA|WILDA|,,NO,1 · Catálogos,273
37285,MESA METALICA|WILDA|,,NO,1 · Catálogos,274
37286,MESA METALICA|WILDA|,,NO,1 · Catálogos,222
37287,MESA METALICA|WILDA|,,NO,1 · Catálogos,223
37288,MESA METALICA|WILDA|,,NO,1 · Catálogos,224
37289,MESA METALICA|WILDA|,,NO,1 · Catálogos,225
37290,MESA METALICA|WILDA|,,NO,1 · Catálogos,226
37291,MESA METALICA|WILDA|,,NO,1 · Catálogos,227
37292,LAVAPLATOS DE ACERO INOXIDABLE||,,NO,1 · Catálogos,72
37293,BACHA DE LAVADO||,,NO,1 · Catálogos,81
37294,LAVAPLATOS DE ACERO INOXIDABLE||,,NO,1 · Catálogos,365
37295,REPISA DE ACERO INOXIDABLE||,,NO,1 · Catálogos,330
37296,REPISA DE ACERO INOXIDABLE||,,NO,1 · Catálogos,331
37297,MESON ROBUSTO||,,NO,1 · Catálogos,74
37299,MESON ROBUSTO||,,NO,1 · Catálogos,367
37300,CAMARA CONSERVADORA|ASBER|ARR-43,,NO,1 · Catálogos,477
37314,REPISA DE ACERO INOXIDABLE||,,NO,1 · Catálogos,332
37315,REPISA DE ACERO INOXIDABLE||,,NO,1 · Catálogos,333
37316,REPISA DE ACERO INOXIDABLE||,,NO,1 · Catálogos,142
37317,REPISA DE ACERO INOXIDABLE||,,NO,1 · Catálogos,143
37318,REPISA DE ACERO INOXIDABLE||,,NO,1 · Catálogos,144
37319,REPISA DE ACERO INOXIDABLE||,,NO,1 · Catálogos,145
37320,REPISA DE ACERO INOXIDABLE|WILDA|,,NO,1 · Catálogos,235
37321,REPISA DE ACERO INOXIDABLE|WILDA|,,NO,1 · Catálogos,236
37322,REPISA DE ACERO INOXIDABLE|WILDA|,,NO,1 · Catálogos,237
37323,REPISA DE ACERO INOXIDABLE||,,NO,1 · Catálogos,193
37324,REPISA DE ACERO INOXIDABLE|WILDA|,,NO,1 · Catálogos,238
37325,REPISA DE ACERO INOXIDABLE||,,NO,1 · Catálogos,194
37326,REPISA DE ACERO INOXIDABLE||,,NO,1 · Catálogos,104
37327,REPISA DE ACERO INOXIDABLE||,,NO,1 · Catálogos,105
37361,BEBEDERO DE AGUA|IBBL|BAG 40,,NO,1 · Catálogos,21
37395,MUEBLE DE MELAMINA PARA COMPUTADORA||,,NO,1 · Catálogos,548
37900,SILLA DE MADERA FIJA||,,NO,1 · Catálogos,450
37901,SILLA DE MADERA FIJA||,,NO,1 · Catálogos,422
37902,ESCRITORIO DE MADERA||,,NO,1 · Catálogos,445
37903,ESCRITORIO DE MADERA||,,NO,1 · Catálogos,78
37904,ESCRITORIO DE MADERA||,,NO,1 · Catálogos,375
37906,ESCRITORIO DE MADERA||,,NO,1 · Catálogos,441
37907,SILLA DE MADERA FIJA||,,NO,1 · Catálogos,80
37908,PIZARRA CON MARCO METALICO ACRILICO||,,NO,1 · Catálogos,432
37909,PIZARRA CON MARCO METALICO ACRILICO||,,NO,1 · Catálogos,437
37910,PIZARRA CON MARCO METALICO ACRILICO||,,NO,1 · Catálogos,71
37911,PIZARRA CON MARCO METALICO ACRILICO||,,NO,1 · Catálogos,491
37917,PIZARRA CON MARCO METALICO ACRILICO||,,NO,1 · Catálogos,181
37918,PIZARRA CON MARCO METALICO ACRILICO||,,NO,1 · Catálogos,275
37919,PIZARRA CON MARCO METALICO ACRILICO||,,NO,1 · Catálogos,92
37920,PIZARRA CON MARCO METALICO ACRILICO||,,NO,1 · Catálogos,323
37922,PIZARRA CON MARCO METALICO ACRILICO||,,NO,1 · Catálogos,228
38259,ACCES POINT|CISCO|AIR-CAP3702E-A-K9,,NO,1 · Catálogos,374
38260,ACCES POINT|CISCO|AIR-CAP3702E-A-K9,,NO,1 · Catálogos,440
38270,ACCES POINT|CISCO|AIR-CAP370,,NO,1 · Catálogos,435
38639,BALANZA ELECTRONICA||,,NO,1 · Catálogos,258
38641,BALANZA ELECTRONICA|ELECTRONIC SCALE|,,NO,1 · Catálogos,164
38643,BALANZA ELECTRONICA|ELECTRONIC SCALE|,,NO,1 · Catálogos,305
38798,CASILLERO METALICO||,,NO,1 · Catálogos,522
38799,CASILLERO METALICO||,,NO,1 · Catálogos,523
38800,CASILLERO METALICO||,,NO,1 · Catálogos,524
38801,CASILLERO METALICO||,,NO,1 · Catálogos,525
38802,CASILLERO METALICO||,,NO,1 · Catálogos,526
38803,CASILLERO METALICO||,,NO,1 · Catálogos,527
38804,CASILLERO METALICO||,,NO,1 · Catálogos,528
39021,VITRINA METALICA||,,NO,1 · Catálogos,423
39161,BALANZA ELECTRONICA|OHAUS|RANGER R31P30,,NO,1 · Catálogos,165
39163,CAMARA DE VIDEO||,,NO,1 · Catálogos,69
39169,BALANZA ELECTRONICA|OHAUS|RANGER R31P30,,NO,1 · Catálogos,353
39170,BALANZA ELECTRONICA|OHAUS|RANGER R31P30,H-1,YES,1 · Catálogos,119
39171,BALANZA ELECTRONICA|OHAUS|RANGER R31P30,,NO,1 · Catálogos,166
39269,GARRAFA||,,NO,1 · Catálogos,483
39273,TELEVISOR LED|SAMSUNG|UN48J5000AGXZS,,NO,1 · Catálogos,429
39432,SILLA DE MADERA FIJA TAPIZ TELA||,,NO,1 · Catálogos,557
39433,SILLA DE MADERA FIJA TAPIZ TELA||,,NO,1 · Catálogos,558
39434,SILLA DE MADERA FIJA TAPIZ TELA||,,NO,1 · Catálogos,559
39435,SILLA DE MADERA FIJA TAPIZ TELA||,,NO,1 · Catálogos,560
39436,SILLA DE MADERA FIJA TAPIZ TELA||,,NO,1 · Catálogos,561
39437,SILLA DE MADERA FIJA TAPIZ TELA||,,NO,1 · Catálogos,562
39438,MESA DE MADERA||,,NO,1 · Catálogos,545
39479,CAMARA DE VIDEO|SONY BALUMS|,,NO,1 · Catálogos,45
39591,ABATIDOR FASTER|AFINOX|FASTER 5T GF 230V,,NO,1 · Catálogos,487
39632,MUEBLE DE MADERA PARA COMPUTADORA||,,NO,1 · Catálogos,547
39691,SILLA DE MADERA FIJA TAPIZ TELA||,,NO,1 · Catálogos,551
43486,ESCRITORIO DE MELAMINA MODULAR||,,NO,1 · Catálogos,495
43487,GAVETERO DE MELAMINA||,,NO,1 · Catálogos,496
43488,SILLA METALICA FIJA TAPIZ CUERINA||,,NO,1 · Catálogos,499
43489,SILLA METALICA FIJA TAPIZ CUERINA||,,NO,1 · Catálogos,497
43490,SILLA METALICA FIJA TAPIZ CUERINA||,,NO,1 · Catálogos,498
43491,CREDENZA DE MELAMINA||,,NO,1 · Catálogos,500
44865,PROYECTOR LED/LASER|CASIO|XJ-F20XN,,NO,1 · Catálogos,492
44866,PROYECTOR LED/LASER|CASIO|(YW-40) XJ-F20XN,,NO,1 · Catálogos,434
44867,PROYECTOR LED/LASER|CASIO|XJ-F20XN,,NO,1 · Catálogos,439
44868,PROYECTOR LED/LASER|CASIO|XJ-F20XN,,NO,1 · Catálogos,444
44869,PROYECTOR LED/LASER|CASIO|XJ-F20XN,,NO,1 · Catálogos,451
44904,"BATIDORA|KITCHENAID|5KSM7591,",,NO,1 · Catálogos,148
44905,BATIDORA|KITCHENAID|5KSM7591,,NO,1 · Catálogos,149
44906,BATIDORA|KITCHENAID|5KSM7591,,NO,1 · Catálogos,150
44907,BATIDORA|KITCHENAID|5KSM7591,,NO,1 · Catálogos,151
44908,BATIDORA|KITCHENAID|5KSM7591,,NO,1 · Catálogos,152
45024,CASILLERO METALICO||,,NO,1 · Catálogos,529
45025,CASILLERO METALICO||,,NO,1 · Catálogos,530
45026,CASILLERO METALICO||,,NO,1 · Catálogos,531
45027,CASILLERO METALICO||,,NO,1 · Catálogos,532
45028,CASILLERO METALICO||,,NO,1 · Catálogos,533
45029,CASILLERO METALICO||,,NO,1 · Catálogos,534
45030,CASILLERO METALICO||,,NO,1 · Catálogos,535
45031,CASILLERO METALICO||,,NO,1 · Catálogos,536
45032,CASILLERO METALICO||,,NO,1 · Catálogos,537
45033,CASILLERO METALICO||,,NO,1 · Catálogos,538
45744,TELEVISOR LED|HAIER|LE55B8500DUA,,NO,1 · Catálogos,46
45745,TELEVISOR LED|HAIER|LE55B8500DUA,,NO,1 · Catálogos,47
45840,APARATO TELEFONICO|CISCO|CP-3905,,NO,1 · Catálogos,501
46358,ALL IN ONE|HP|24-E015LA,,NO,1 · Catálogos,541
46359,TECLADO|HP|PR1101U,,NO,1 · Catálogos,542
46373,PORTA UTENSILIOS||,,NO,1 · Catálogos,121
46374,PORTA UTENSILIOS||,,NO,1 · Catálogos,120
46375,PORTA UTENSILIOS||,,NO,1 · Catálogos,122
46376,PORTA UTENSILIOS||,,NO,1 · Catálogos,123
46377,PORTA UTENSILIOS||,,NO,1 · Catálogos,124
46378,PORTA UTENSILIOS||,,NO,1 · Catálogos,125
46379,PORTA UTENSILIOS||,,NO,1 · Catálogos,211
46380,PORTA UTENSILIOS||,,NO,1 · Catálogos,212
46381,PORTA UTENSILIOS||,,NO,1 · Catálogos,213
46382,PORTA UTENSILIOS||,,NO,1 · Catálogos,214
46383,PORTA UTENSILIOS||,,NO,1 · Catálogos,215
46384,PORTA UTENSILIOS||,,NO,1 · Catálogos,216
46385,PORTA UTENSILIOS||,,NO,1 · Catálogos,167
46386,PORTA UTENSILIOS||,,NO,1 · Catálogos,168
46387,PORTA UTENSILIOS||,,NO,1 · Catálogos,169
46388,PORTA UTENSILIOS||,,NO,1 · Catálogos,170
46389,PORTA UTENSILIOS||,,NO,1 · Catálogos,259
46390,PORTA UTENSILIOS||,,NO,1 · Catálogos,260
46391,PORTA UTENSILIOS||,,NO,1 · Catálogos,261
46392,PORTA UTENSILIOS||,,NO,1 · Catálogos,262
46393,PORTA UTENSILIOS||,,NO,1 · Catálogos,263
46394,PORTA UTENSILIOS||,,NO,1 · Catálogos,264
46395,PORTA UTENSILIOS||,,NO,1 · Catálogos,354
46396,PORTA UTENSILIOS||,,NO,1 · Catálogos,306
46397,PORTA UTENSILIOS||,,NO,1 · Catálogos,307
46398,PORTA UTENSILIOS||,,NO,1 · Catálogos,308
46399,PORTA UTENSILIOS||,,NO,1 · Catálogos,309
46400,PORTA UTENSILIOS||,,NO,1 · Catálogos,310
46401,PORTA UTENSILIOS||,,NO,1 · Catálogos,311
46402,PORTA UTENSILIOS||,,NO,1 · Catálogos,355
46403,PORTA UTENSILIOS||,,NO,1 · Catálogos,356
46404,PORTA UTENSILIOS||,,NO,1 · Catálogos,357
46405,PORTA UTENSILIOS||,,NO,1 · Catálogos,358
46406,PORTA UTENSILIOS||,,NO,1 · Catálogos,359
47789,REFRIGERADOR|VENTUS|VREF-1000BEN,,NO,1 · Catálogos,244
47790,REFRIGERADOR|VENTUS SORP|VREF-1000BEN,,NO,1 · Catálogos,200
47873,MESON REFRIGERADOR|VENTUS|VMR2PS-280E,,NO,1 · Catálogos,290
47874,MESON REFRIGERADOR|VENTUS|VMR2PS-280E,,NO,1 · Catálogos,339
48024,PIZARRA CON MARCO METALICO ACRILICO||,,NO,1 · Catálogos,133
48885,CAFETERA IND|ASTORIA|INDUS. ITALIANA,,NO,1 · Catálogos,428
48886,FLITRO ABLANDADOR DE AGUA||,,NO,1 · Catálogos,430
49055,MOLINO DE COFFIE|FIORENZATO|F64 E,,NO,1 · Catálogos,427
49134,HORNO CONVECTOR|ARIANNA|XEFT-04HS-ELDV,,NO,1 · Catálogos,479
49136,MICROONDA|PANASONIC|NN-ST34HM,,NO,1 · Catálogos,482
49190,LICUADORA|OSTER|XPERT,,NO,1 · Catálogos,480
49192,LICUADORA|OSTER|XPERT,,NO,1 · Catálogos,481
49220,ENVASADORA AL VACIO|VENTUS|,,NO,1 · Catálogos,334
49221,MICROONDA|SAMSUNG|MG402MADXBB,,NO,1 · Catálogos,159
49222,LICUADORA|OSTER|,,NO,1 · Catálogos,158
49223,LICUADORA|OSTER|,,NO,1 · Catálogos,426
49224,LICUADORA|OSTER|,,NO,1 · Catálogos,338
49236,THERMOMIX||TM6,H-3,YES,1 · Catálogos,373
49511,EXTINTOR TIPO K||,,NO,1 · Catálogos,118
49512,EXTINTOR TIPO K||,,NO,1 · Catálogos,209
49513,EXTINTOR TIPO K||,,NO,1 · Catálogos,163
49514,EXTINTOR TIPO K||,,NO,1 · Catálogos,257
49515,EXTINTOR TIPO K||,,NO,1 · Catálogos,304
49516,EXTINTOR TIPO K||,,NO,1 · Catálogos,352
49820,MICROONDA|LG|MH8236GIR,,NO,1 · Catálogos,111
49821,MICROONDA|LG|MH8236GIR,,NO,1 · Catálogos,201
49822,MICROONDA|LG|MH8236GIR,,NO,1 · Catálogos,245
49823,MICROONDA|LG|MH8236GIR,,NO,1 · Catálogos,291
49824,MICROONDA|LG|MH8236GIR,,NO,1 · Catálogos,340
49873,SOUS VIDE|METVISA|,,NO,1 · Catálogos,370
49874,SOUS VIDE|METVISA|,,NO,1 · Catálogos,371
49875,SOUS VIDE|METVISA|,,NO,1 · Catálogos,372
