"Severity","Sheet","Row","Column","Message"
"ERROR","8 · Plan de Mantenimiento","9","A","Invalid management value ''. Expected YYYY-S."
"ERROR","1 · Catálogos","316","B","Duplicate inventory '3289'. First occurrence is row 315."
"ERROR","3 · Verificaciones","96","A","Verification references 'H-6', which is not a known inventory number."
"ERROR","3 · Verificaciones","253","A","Verification references 'H1', which is not a known inventory number."
"ERROR","3 · Verificaciones","270","A","Verification references 'H2', which is not a known inventory number."
"ERROR","3 · Verificaciones","287","A","Verification references 'H3', which is not a known inventory number."
"ERROR","3 · Verificaciones","313","A","Verification references 'H4', which is not a known inventory number."
"ERROR","3 · Verificaciones","330","A","Verification references 'H5', which is not a known inventory number."
"ERROR","3 · Verificaciones","346","A","Verification references 'H6', which is not a known inventory number."
"ERROR","3 · Verificaciones","363","A","Verification references 'H7', which is not a known inventory number."
"ERROR","3 · Verificaciones","390","A","Verification references 'k1', which is not a known inventory number."
"ERROR","3 · Verificaciones","404","A","Verification references 'k2', which is not a known inventory number."
"ERROR","3 · Verificaciones","408","A","Verification references 'k3', which is not a known inventory number."
"ERROR","3 · Verificaciones","413","A","Verification references 'k4', which is not a known inventory number."
"ERROR","3 · Verificaciones","418","A","Verification references 'k5', which is not a known inventory number."
"ERROR","3 · Verificaciones","422","A","Verification references 'k6', which is not a known inventory number."
"ERROR","3 · Verificaciones","425","A","Verification references 'h102', which is not a known inventory number."
"ERROR","3 · Verificaciones","437","A","Verification references 'h103', which is not a known inventory number."
"ERROR","3 · Verificaciones","450","A","Verification references 'H104', which is not a known inventory number."
"ERROR","3 · Verificaciones","459","A","Verification references 'H105', which is not a known inventory number."
"ERROR","3 · Verificaciones","465","A","Verification references 'H106', which is not a known inventory number."
"ERROR","3 · Verificaciones","472","A","Verification references 'H107', which is not a known inventory number."
"ERROR","3 · Verificaciones","478","A","Verification references 'OFICINA', which is not a known inventory number."
"ERROR","3 · Verificaciones","485","A","Verification references 'AREA CIRCULACION', which is not a known inventory number."
"ERROR","3 · Verificaciones","496","A","Verification references 'VESTUARIOS', which is not a known inventory number."
"ERROR","3 · Verificaciones","499","A","Verification references 'SLA DOCENTE', which is not a known inventory number."
"ERROR","3 · Verificaciones","508","A","Verification references 'ECONOMATO', which is not a known inventory number."
"WARN","4 · Solicitudes","6","C","Priority is empty. RequestPriority.Medium=1 will be used."
"WARN","4 · Solicitudes","7","C","Priority is empty. RequestPriority.Medium=1 will be used."
"WARN","4 · Solicitudes","8","C","Priority is empty. RequestPriority.Medium=1 will be used."
"ERROR","4 · Solicitudes","8","A","Request inventory '34745' has no laboratory. Request cannot be inserted."
"WARN","4 · Solicitudes","9","C","Priority is empty. RequestPriority.Medium=1 will be used."
"WARN","4 · Solicitudes","9","G","Excel unique identifier is ignored; importer generates an internal correlation key."
"ERROR","4 · Solicitudes","9","A","Request inventory '34746' has no laboratory. Request cannot be inserted."
"WARN","4 · Solicitudes","10","C","Priority is empty. RequestPriority.Medium=1 will be used."
"WARN","4 · Solicitudes","11","C","Priority is empty. RequestPriority.Medium=1 will be used."
"WARN","4 · Solicitudes","12","C","Priority is empty. RequestPriority.Medium=1 will be used."
"ERROR","4 · Solicitudes","12","A","Request inventory '34181' has no laboratory. Request cannot be inserted."
"ERROR","4 · Solicitudes","13","A","Invalid inventory token(s): 34182."
"WARN","4 · Solicitudes","14","C","Priority is empty. RequestPriority.Medium=1 will be used."
"ERROR","4 · Solicitudes","14","A","Request inventory '34183' has no laboratory. Request cannot be inserted."
"WARN","4 · Solicitudes","15","C","Priority is empty. RequestPriority.Medium=1 will be used."
"ERROR","4 · Solicitudes","15","A","Request inventory '34184' has no laboratory. Request cannot be inserted."
"WARN","4 · Solicitudes","16","C","Priority is empty. RequestPriority.Medium=1 will be used."
"ERROR","4 · Solicitudes","16","A","Request inventory '49511' has no laboratory. Request cannot be inserted."
"WARN","4 · Solicitudes","17","C","Priority is empty. RequestPriority.Medium=1 will be used."
"ERROR","4 · Solicitudes","17","A","Request inventory '34249' has no laboratory. Request cannot be inserted."
"WARN","4 · Solicitudes","18","C","Priority is empty. RequestPriority.Medium=1 will be used."
"ERROR","4 · Solicitudes","18","A","Request inventory '34738' has no laboratory. Request cannot be inserted."
"WARN","4 · Solicitudes","19","C","Priority is empty. RequestPriority.Medium=1 will be used."
"ERROR","4 · Solicitudes","19","A","Request inventory '34739' has no laboratory. Request cannot be inserted."
"WARN","4 · Solicitudes","21","C","Priority is empty. RequestPriority.Medium=1 will be used."
"ERROR","4 · Solicitudes","21","A","Request inventory '34363' has no laboratory. Request cannot be inserted."
"WARN","4 · Solicitudes","22","C","Priority is empty. RequestPriority.Medium=1 will be used."
"WARN","4 · Solicitudes","23","C","Priority is empty. RequestPriority.Medium=1 will be used."
"ERROR","4 · Solicitudes","23","A","Request inventory '49820' has no laboratory. Request cannot be inserted."
"WARN","4 · Solicitudes","24","A","Multiple inventory numbers detected. One request will be generated per valid inventory."
"WARN","4 · Solicitudes","24","C","Priority is empty. RequestPriority.Medium=1 will be used."
"ERROR","4 · Solicitudes","24","A","Request inventory '34188' has no laboratory. Request cannot be inserted."
"ERROR","4 · Solicitudes","24","A","Request inventory '34189' has no laboratory. Request cannot be inserted."
"ERROR","4 · Solicitudes","24","A","Request inventory '34190' has no laboratory. Request cannot be inserted."
"ERROR","4 · Solicitudes","24","A","Request inventory '34191' has no laboratory. Request cannot be inserted."
"ERROR","4 · Solicitudes","24","A","Request inventory '34192' has no laboratory. Request cannot be inserted."
"ERROR","4 · Solicitudes","24","A","Request inventory '34193' has no laboratory. Request cannot be inserted."
"WARN","4 · Solicitudes","25","A","Multiple inventory numbers detected. One request will be generated per valid inventory."
"WARN","4 · Solicitudes","25","C","Priority is empty. RequestPriority.Medium=1 will be used."
"ERROR","4 · Solicitudes","25","A","Request inventory '34076' has no laboratory. Request cannot be inserted."
"ERROR","4 · Solicitudes","25","A","Request inventory '34077' has no laboratory. Request cannot be inserted."
"ERROR","4 · Solicitudes","25","A","Request inventory '34046' has no laboratory. Request cannot be inserted."
"ERROR","4 · Solicitudes","25","A","Request inventory '34047' has no laboratory. Request cannot be inserted."
"ERROR","4 · Solicitudes","25","A","Request inventory '34075' has no laboratory. Request cannot be inserted."
"WARN","4 · Solicitudes","26","C","Priority is empty. RequestPriority.Medium=1 will be used."
"ERROR","4 · Solicitudes","26","A","Request inventory '37361' has no laboratory. Request cannot be inserted."
"WARN","4 · Solicitudes","27","C","Priority is empty. RequestPriority.Medium=1 will be used."
"ERROR","4 · Solicitudes","27","A","Request inventory '26681' has no laboratory. Request cannot be inserted."
"WARN","4 · Solicitudes","28","C","Priority is empty. RequestPriority.Medium=1 will be used."
"ERROR","4 · Solicitudes","28","A","Request inventory '37273' has no laboratory. Request cannot be inserted."
"WARN","4 · Solicitudes","29","C","Priority is empty. RequestPriority.Medium=1 will be used."
"ERROR","4 · Solicitudes","29","A","Request inventory '37271' has no laboratory. Request cannot be inserted."
"WARN","4 · Solicitudes","30","C","Priority is empty. RequestPriority.Medium=1 will be used."
"ERROR","4 · Solicitudes","30","A","Request inventory '37269' has no laboratory. Request cannot be inserted."
"WARN","4 · Solicitudes","31","C","Priority is empty. RequestPriority.Medium=1 will be used."
"ERROR","4 · Solicitudes","31","A","Request inventory '37267' has no laboratory. Request cannot be inserted."
"WARN","4 · Solicitudes","32","C","Priority is empty. RequestPriority.Medium=1 will be used."
"ERROR","4 · Solicitudes","32","A","Request inventory '37272' has no laboratory. Request cannot be inserted."
"WARN","4 · Solicitudes","33","C","Priority is empty. RequestPriority.Medium=1 will be used."
"ERROR","4 · Solicitudes","33","A","Request inventory '37270' has no laboratory. Request cannot be inserted."
"WARN","4 · Solicitudes","34","C","Priority is empty. RequestPriority.Medium=1 will be used."
"ERROR","4 · Solicitudes","34","A","Request inventory '37268' has no laboratory. Request cannot be inserted."
"WARN","4 · Solicitudes","35","C","Priority is empty. RequestPriority.Medium=1 will be used."
"ERROR","4 · Solicitudes","35","A","Request inventory '37266' has no laboratory. Request cannot be inserted."
"WARN","4 · Solicitudes","36","C","Priority is empty. RequestPriority.Medium=1 will be used."
"ERROR","4 · Solicitudes","36","A","Request inventory '33706' has no laboratory. Request cannot be inserted."
"WARN","4 · Solicitudes","37","C","Priority is empty. RequestPriority.Medium=1 will be used."
"ERROR","4 · Solicitudes","37","A","Request inventory '25509' has no laboratory. Request cannot be inserted."
"WARN","4 · Solicitudes","38","C","Priority is empty. RequestPriority.Medium=1 will be used."
"ERROR","4 · Solicitudes","38","A","Request inventory '25510' has no laboratory. Request cannot be inserted."
"WARN","4 · Solicitudes","39","C","Priority is empty. RequestPriority.Medium=1 will be used."
"ERROR","4 · Solicitudes","39","A","Request inventory '25511' has no laboratory. Request cannot be inserted."
"WARN","4 · Solicitudes","40","C","Priority is empty. RequestPriority.Medium=1 will be used."
"ERROR","4 · Solicitudes","40","A","Request inventory '25513' has no laboratory. Request cannot be inserted."
"WARN","4 · Solicitudes","41","C","Priority is empty. RequestPriority.Medium=1 will be used."
"ERROR","4 · Solicitudes","41","A","Request inventory '25511' has no laboratory. Request cannot be inserted."
"WARN","4 · Solicitudes","42","C","Priority is empty. RequestPriority.Medium=1 will be used."
"ERROR","4 · Solicitudes","43","A","Invalid inventory token(s): 38805."
"ERROR","4 · Solicitudes","44","A","Invalid inventory token(s): 38806."
"ERROR","4 · Solicitudes","45","A","Invalid inventory token(s): 37301."
"ERROR","4 · Solicitudes","46","A","Invalid inventory token(s): 34158."
"ERROR","4 · Solicitudes","47","A","Invalid inventory token(s): 34159."
"ERROR","4 · Solicitudes","48","A","Invalid inventory token(s): 38645."
"ERROR","4 · Solicitudes","49","A","Invalid inventory token(s): 39285."
"ERROR","4 · Solicitudes","50","A","Invalid inventory token(s): 39165."
"ERROR","4 · Solicitudes","52","A","Invalid inventory token(s): 34158."
"WARN","4 · Solicitudes","53","C","Priority is empty. RequestPriority.Medium=1 will be used."
"ERROR","4 · Solicitudes","53","A","Request inventory '35434' has no laboratory. Request cannot be inserted."
"WARN","4 · Solicitudes","54","C","Priority is empty. RequestPriority.Medium=1 will be used."
"ERROR","4 · Solicitudes","54","A","Request inventory '35435' has no laboratory. Request cannot be inserted."
"WARN","4 · Solicitudes","55","C","Priority is empty. RequestPriority.Medium=1 will be used."
"ERROR","4 · Solicitudes","55","A","Request inventory '35436' has no laboratory. Request cannot be inserted."
"WARN","4 · Solicitudes","56","C","Priority is empty. RequestPriority.Medium=1 will be used."
"ERROR","4 · Solicitudes","56","A","Request inventory '35430' has no laboratory. Request cannot be inserted."
"WARN","4 · Solicitudes","57","C","Priority is empty. RequestPriority.Medium=1 will be used."
"ERROR","4 · Solicitudes","57","A","Request inventory '35428' has no laboratory. Request cannot be inserted."
"WARN","4 · Solicitudes","58","C","Priority is empty. RequestPriority.Medium=1 will be used."
"ERROR","4 · Solicitudes","58","A","Request inventory '35433' has no laboratory. Request cannot be inserted."
"WARN","4 · Solicitudes","59","C","Priority is empty. RequestPriority.Medium=1 will be used."
"ERROR","4 · Solicitudes","59","A","Request inventory '35431' has no laboratory. Request cannot be inserted."
"WARN","4 · Solicitudes","60","C","Priority is empty. RequestPriority.Medium=1 will be used."
"ERROR","4 · Solicitudes","60","A","Request inventory '35429' has no laboratory. Request cannot be inserted."
"WARN","4 · Solicitudes","61","C","Priority is empty. RequestPriority.Medium=1 will be used."
"ERROR","4 · Solicitudes","61","A","Request inventory '35432' has no laboratory. Request cannot be inserted."
"WARN","4 · Solicitudes","62","C","Priority is empty. RequestPriority.Medium=1 will be used."
"ERROR","4 · Solicitudes","62","A","Request inventory '49512' has no laboratory. Request cannot be inserted."
"WARN","4 · Solicitudes","63","C","Priority is empty. RequestPriority.Medium=1 will be used."
"ERROR","4 · Solicitudes","63","A","Request inventory '35437' has no laboratory. Request cannot be inserted."
"WARN","4 · Solicitudes","64","C","Priority is empty. RequestPriority.Medium=1 will be used."
"ERROR","4 · Solicitudes","64","A","Request inventory '34740' has no laboratory. Request cannot be inserted."
"WARN","4 · Solicitudes","65","C","Priority is empty. RequestPriority.Medium=1 will be used."
"ERROR","4 · Solicitudes","65","A","Request inventory '35438' has no laboratory. Request cannot be inserted."
"WARN","4 · Solicitudes","66","C","Priority is empty. RequestPriority.Medium=1 will be used."
"ERROR","4 · Solicitudes","66","A","Request inventory '35423' has no laboratory. Request cannot be inserted."
"WARN","4 · Solicitudes","67","C","Priority is empty. RequestPriority.Medium=1 will be used."
"ERROR","4 · Solicitudes","67","A","Request inventory '34248' has no laboratory. Request cannot be inserted."
"WARN","4 · Solicitudes","68","C","Priority is empty. RequestPriority.Medium=1 will be used."
"ERROR","4 · Solicitudes","68","A","Request inventory '30784' has no laboratory. Request cannot be inserted."
"WARN","4 · Solicitudes","69","A","Multiple inventory numbers detected. One request will be generated per valid inventory."
"WARN","4 · Solicitudes","69","C","Priority is empty. RequestPriority.Medium=1 will be used."
"ERROR","4 · Solicitudes","69","A","Request inventory '35417' has no laboratory. Request cannot be inserted."
"ERROR","4 · Solicitudes","69","A","Request inventory '35418' has no laboratory. Request cannot be inserted."
"ERROR","4 · Solicitudes","69","A","Request inventory '35419' has no laboratory. Request cannot be inserted."
"ERROR","4 · Solicitudes","69","A","Request inventory '35420' has no laboratory. Request cannot be inserted."
"ERROR","4 · Solicitudes","69","A","Request inventory '35421' has no laboratory. Request cannot be inserted."
"ERROR","4 · Solicitudes","69","A","Request inventory '35422' has no laboratory. Request cannot be inserted."
"WARN","4 · Solicitudes","70","A","Multiple inventory numbers detected. One request will be generated per valid inventory."
"WARN","4 · Solicitudes","70","C","Priority is empty. RequestPriority.Medium=1 will be used."
"ERROR","4 · Solicitudes","70","A","Request inventory '35411' has no laboratory. Request cannot be inserted."
"ERROR","4 · Solicitudes","70","A","Request inventory '35412' has no laboratory. Request cannot be inserted."
"ERROR","4 · Solicitudes","70","A","Request inventory '35413' has no laboratory. Request cannot be inserted."
"ERROR","4 · Solicitudes","70","A","Request inventory '35414' has no laboratory. Request cannot be inserted."
"ERROR","4 · Solicitudes","70","A","Request inventory '35415' has no laboratory. Request cannot be inserted."
"ERROR","4 · Solicitudes","70","A","Request inventory '35416' has no laboratory. Request cannot be inserted."
"WARN","4 · Solicitudes","71","C","Priority is empty. RequestPriority.Medium=1 will be used."
"ERROR","4 · Solicitudes","71","A","Request inventory '49821' has no laboratory. Request cannot be inserted."
"WARN","4 · Solicitudes","72","C","Priority is empty. RequestPriority.Medium=1 will be used."
"ERROR","4 · Solicitudes","72","A","Request inventory '47790' has no laboratory. Request cannot be inserted."
"WARN","4 · Solicitudes","73","C","Priority is empty. RequestPriority.Medium=1 will be used."
"ERROR","4 · Solicitudes","73","A","Request inventory '34420' has no laboratory. Request cannot be inserted."
"WARN","4 · Solicitudes","74","C","Priority is empty. RequestPriority.Medium=1 will be used."
"ERROR","4 · Solicitudes","74","A","Request inventory '38641' has no laboratory. Request cannot be inserted."
"WARN","4 · Solicitudes","75","C","Priority is empty. RequestPriority.Medium=1 will be used."
"ERROR","4 · Solicitudes","75","A","Request inventory '39161' has no laboratory. Request cannot be inserted."
"WARN","4 · Solicitudes","76","C","Priority is empty. RequestPriority.Medium=1 will be used."
"ERROR","4 · Solicitudes","76","A","Request inventory '39171' has no laboratory. Request cannot be inserted."
"WARN","4 · Solicitudes","77","C","Priority is empty. RequestPriority.Medium=1 will be used."
"ERROR","4 · Solicitudes","77","A","Request inventory '44904' has no laboratory. Request cannot be inserted."
"WARN","4 · Solicitudes","78","C","Priority is empty. RequestPriority.Medium=1 will be used."
"ERROR","4 · Solicitudes","78","A","Request inventory '44905' has no laboratory. Request cannot be inserted."
"WARN","4 · Solicitudes","79","C","Priority is empty. RequestPriority.Medium=1 will be used."
"ERROR","4 · Solicitudes","79","A","Request inventory '44906' has no laboratory. Request cannot be inserted."
"WARN","4 · Solicitudes","80","C","Priority is empty. RequestPriority.Medium=1 will be used."
"ERROR","4 · Solicitudes","80","A","Request inventory '44907' has no laboratory. Request cannot be inserted."
"WARN","4 · Solicitudes","81","C","Priority is empty. RequestPriority.Medium=1 will be used."
"ERROR","4 · Solicitudes","81","A","Request inventory '44908' has no laboratory. Request cannot be inserted."
"WARN","4 · Solicitudes","82","C","Priority is empty. RequestPriority.Medium=1 will be used."
"ERROR","4 · Solicitudes","82","A","Request inventory '35394' has no laboratory. Request cannot be inserted."
"WARN","4 · Solicitudes","83","C","Priority is empty. RequestPriority.Medium=1 will be used."
"ERROR","4 · Solicitudes","83","A","Request inventory '34749' has no laboratory. Request cannot be inserted."
"WARN","4 · Solicitudes","84","C","Priority is empty. RequestPriority.Medium=1 will be used."
"ERROR","4 · Solicitudes","84","A","Request inventory '34186' has no laboratory. Request cannot be inserted."
"WARN","4 · Solicitudes","85","C","Priority is empty. RequestPriority.Medium=1 will be used."
"ERROR","4 · Solicitudes","85","A","Request inventory '34187' has no laboratory. Request cannot be inserted."
"WARN","4 · Solicitudes","86","C","Priority is empty. RequestPriority.Medium=1 will be used."
"ERROR","4 · Solicitudes","86","A","Request inventory '34247' has no laboratory. Request cannot be inserted."
"WARN","4 · Solicitudes","87","C","Priority is empty. RequestPriority.Medium=1 will be used."
"ERROR","4 · Solicitudes","87","A","Request inventory '34515' has no laboratory. Request cannot be inserted."
"WARN","4 · Solicitudes","88","C","Priority is empty. RequestPriority.Medium=1 will be used."
"ERROR","4 · Solicitudes","88","A","Request inventory '34520' has no laboratory. Request cannot be inserted."
"WARN","4 · Solicitudes","89","C","Priority is empty. RequestPriority.Medium=1 will be used."
"ERROR","4 · Solicitudes","89","A","Request inventory '34373' has no laboratory. Request cannot be inserted."
"WARN","4 · Solicitudes","90","C","Priority is empty. RequestPriority.Medium=1 will be used."
"ERROR","4 · Solicitudes","90","A","Request inventory '49513' has no laboratory. Request cannot be inserted."
"ERROR","4 · Solicitudes","91","A","Invalid inventory token(s): 9222."
"ERROR","4 · Solicitudes","92","A","Invalid inventory token(s): 34, 492, 344, 953, 451, 800, 000."
"WARN","4 · Solicitudes","93","C","Priority is empty. RequestPriority.Medium=1 will be used."
"ERROR","4 · Solicitudes","93","A","Request inventory '49221' has no laboratory. Request cannot be inserted."
"WARN","4 · Solicitudes","94","C","Priority is empty. RequestPriority.Medium=1 will be used."
"WARN","4 · Solicitudes","95","C","Priority is empty. RequestPriority.Medium=1 will be used."
"ERROR","4 · Solicitudes","95","A","Request inventory '38639' has no laboratory. Request cannot be inserted."
"WARN","4 · Solicitudes","96","C","Priority is empty. RequestPriority.Medium=1 will be used."
"ERROR","4 · Solicitudes","96","A","Request inventory '37256' has no laboratory. Request cannot be inserted."
"WARN","4 · Solicitudes","97","C","Priority is empty. RequestPriority.Medium=1 will be used."
"ERROR","4 · Solicitudes","97","A","Request inventory '37257' has no laboratory. Request cannot be inserted."
"WARN","4 · Solicitudes","98","C","Priority is empty. RequestPriority.Medium=1 will be used."
"ERROR","4 · Solicitudes","98","A","Request inventory '37258' has no laboratory. Request cannot be inserted."
"WARN","4 · Solicitudes","99","C","Priority is empty. RequestPriority.Medium=1 will be used."
"ERROR","4 · Solicitudes","99","A","Request inventory '37216' has no laboratory. Request cannot be inserted."
"WARN","4 · Solicitudes","100","C","Priority is empty. RequestPriority.Medium=1 will be used."
"ERROR","4 · Solicitudes","100","A","Request inventory '37221' has no laboratory. Request cannot be inserted."
"WARN","4 · Solicitudes","101","C","Priority is empty. RequestPriority.Medium=1 will be used."
"ERROR","4 · Solicitudes","101","A","Request inventory '37219' has no laboratory. Request cannot be inserted."
"WARN","4 · Solicitudes","102","C","Priority is empty. RequestPriority.Medium=1 will be used."
"ERROR","4 · Solicitudes","102","A","Request inventory '37217' has no laboratory. Request cannot be inserted."
"WARN","4 · Solicitudes","103","C","Priority is empty. RequestPriority.Medium=1 will be used."
"ERROR","4 · Solicitudes","103","A","Request inventory '37220' has no laboratory. Request cannot be inserted."
"WARN","4 · Solicitudes","104","C","Priority is empty. RequestPriority.Medium=1 will be used."
"ERROR","4 · Solicitudes","104","A","Request inventory '37218' has no laboratory. Request cannot be inserted."
"WARN","4 · Solicitudes","105","C","Priority is empty. RequestPriority.Medium=1 will be used."
"ERROR","4 · Solicitudes","105","A","Request inventory '49514' has no laboratory. Request cannot be inserted."
"WARN","4 · Solicitudes","106","C","Priority is empty. RequestPriority.Medium=1 will be used."
"ERROR","4 · Solicitudes","106","A","Request inventory '37251' has no laboratory. Request cannot be inserted."
"WARN","4 · Solicitudes","107","C","Priority is empty. RequestPriority.Medium=1 will be used."
"ERROR","4 · Solicitudes","107","A","Request inventory '33308' has no laboratory. Request cannot be inserted."
"WARN","4 · Solicitudes","108","C","Priority is empty. RequestPriority.Medium=1 will be used."
"ERROR","4 · Solicitudes","108","A","Request inventory '49822' has no laboratory. Request cannot be inserted."
"WARN","4 · Solicitudes","109","A","Multiple inventory numbers detected. One request will be generated per valid inventory."
"WARN","4 · Solicitudes","109","C","Priority is empty. RequestPriority.Medium=1 will be used."
"ERROR","4 · Solicitudes","109","A","Request inventory '37286' has no laboratory. Request cannot be inserted."
"ERROR","4 · Solicitudes","109","A","Request inventory '37287' has no laboratory. Request cannot be inserted."
"ERROR","4 · Solicitudes","109","A","Request inventory '37288' has no laboratory. Request cannot be inserted."
"ERROR","4 · Solicitudes","109","A","Request inventory '37289' has no laboratory. Request cannot be inserted."
"ERROR","4 · Solicitudes","109","A","Request inventory '37290' has no laboratory. Request cannot be inserted."
"ERROR","4 · Solicitudes","109","A","Request inventory '37291' has no laboratory. Request cannot be inserted."
"ERROR","4 · Solicitudes","110","A","Invalid inventory token(s): 37, .245, 372, 463, 724, 700, 000."
"WARN","4 · Solicitudes","111","C","Priority is empty. RequestPriority.Medium=1 will be used."
"ERROR","4 · Solicitudes","111","A","Request inventory '47789' has no laboratory. Request cannot be inserted."
"WARN","4 · Solicitudes","112","C","Priority is empty. RequestPriority.Medium=1 will be used."
"ERROR","4 · Solicitudes","112","A","Request inventory '38643' has no laboratory. Request cannot be inserted."
"WARN","4 · Solicitudes","113","C","Priority is empty. RequestPriority.Medium=1 will be used."
"ERROR","4 · Solicitudes","113","A","Request inventory '37261' has no laboratory. Request cannot be inserted."
"WARN","4 · Solicitudes","114","C","Priority is empty. RequestPriority.Medium=1 will be used."
"ERROR","4 · Solicitudes","114","A","Request inventory '37262' has no laboratory. Request cannot be inserted."
"WARN","4 · Solicitudes","115","C","Priority is empty. RequestPriority.Medium=1 will be used."
"ERROR","4 · Solicitudes","115","A","Request inventory '37215' has no laboratory. Request cannot be inserted."
"WARN","4 · Solicitudes","116","C","Priority is empty. RequestPriority.Medium=1 will be used."
"ERROR","4 · Solicitudes","116","A","Request inventory '37213' has no laboratory. Request cannot be inserted."
"WARN","4 · Solicitudes","117","C","Priority is empty. RequestPriority.Medium=1 will be used."
"ERROR","4 · Solicitudes","117","A","Request inventory '37211' has no laboratory. Request cannot be inserted."
"WARN","4 · Solicitudes","118","C","Priority is empty. RequestPriority.Medium=1 will be used."
"ERROR","4 · Solicitudes","118","A","Request inventory '37214' has no laboratory. Request cannot be inserted."
"WARN","4 · Solicitudes","119","C","Priority is empty. RequestPriority.Medium=1 will be used."
"ERROR","4 · Solicitudes","119","A","Request inventory '37212' has no laboratory. Request cannot be inserted."
"WARN","4 · Solicitudes","120","C","Priority is empty. RequestPriority.Medium=1 will be used."
"ERROR","4 · Solicitudes","120","A","Request inventory '37210' has no laboratory. Request cannot be inserted."
"WARN","4 · Solicitudes","121","C","Priority is empty. RequestPriority.Medium=1 will be used."
"ERROR","4 · Solicitudes","121","A","Request inventory '49515' has no laboratory. Request cannot be inserted."
"WARN","4 · Solicitudes","122","C","Priority is empty. RequestPriority.Medium=1 will be used."
"ERROR","4 · Solicitudes","122","A","Request inventory '37250' has no laboratory. Request cannot be inserted."
"WARN","4 · Solicitudes","123","C","Priority is empty. RequestPriority.Medium=1 will be used."
"ERROR","4 · Solicitudes","123","A","Request inventory '35075' has no laboratory. Request cannot be inserted."
"WARN","4 · Solicitudes","124","C","Priority is empty. RequestPriority.Medium=1 will be used."
"ERROR","4 · Solicitudes","124","A","Request inventory '49823' has no laboratory. Request cannot be inserted."
"ERROR","4 · Solicitudes","125","A","Invalid inventory token(s): 3.72, 803, 728, 137, 282, 000, 000, 000, 000, 000."
"ERROR","4 · Solicitudes","126","A","Invalid inventory token(s): 1.328, 137, 241, 372, 420, 000, 000, 000."
"WARN","4 · Solicitudes","127","C","Priority is empty. RequestPriority.Medium=1 will be used."
"ERROR","4 · Solicitudes","127","A","Request inventory '47873' has no laboratory. Request cannot be inserted."
"WARN","4 · Solicitudes","128","C","Priority is empty. RequestPriority.Medium=1 will be used."
"ERROR","4 · Solicitudes","128","A","Request inventory '39169' has no laboratory. Request cannot be inserted."
"WARN","4 · Solicitudes","129","C","Priority is empty. RequestPriority.Medium=1 will be used."
"ERROR","4 · Solicitudes","129","A","Request inventory '37259' has no laboratory. Request cannot be inserted."
"WARN","4 · Solicitudes","130","C","Priority is empty. RequestPriority.Medium=1 will be used."
"ERROR","4 · Solicitudes","130","A","Request inventory '37260' has no laboratory. Request cannot be inserted."
"WARN","4 · Solicitudes","131","C","Priority is empty. RequestPriority.Medium=1 will be used."
"ERROR","4 · Solicitudes","131","A","Request inventory '37204' has no laboratory. Request cannot be inserted."
"WARN","4 · Solicitudes","132","C","Priority is empty. RequestPriority.Medium=1 will be used."
"ERROR","4 · Solicitudes","132","A","Request inventory '37209' has no laboratory. Request cannot be inserted."
"WARN","4 · Solicitudes","133","C","Priority is empty. RequestPriority.Medium=1 will be used."
"ERROR","4 · Solicitudes","133","A","Request inventory '37207' has no laboratory. Request cannot be inserted."
"WARN","4 · Solicitudes","134","C","Priority is empty. RequestPriority.Medium=1 will be used."
"ERROR","4 · Solicitudes","134","A","Request inventory '37205' has no laboratory. Request cannot be inserted."
"WARN","4 · Solicitudes","135","C","Priority is empty. RequestPriority.Medium=1 will be used."
"ERROR","4 · Solicitudes","135","A","Request inventory '37208' has no laboratory. Request cannot be inserted."
"WARN","4 · Solicitudes","136","C","Priority is empty. RequestPriority.Medium=1 will be used."
"ERROR","4 · Solicitudes","136","A","Request inventory '37206' has no laboratory. Request cannot be inserted."
"WARN","4 · Solicitudes","137","C","Priority is empty. RequestPriority.Medium=1 will be used."
"ERROR","4 · Solicitudes","137","A","Request inventory '49220' has no laboratory. Request cannot be inserted."
"WARN","4 · Solicitudes","138","C","Priority is empty. RequestPriority.Medium=1 will be used."
"ERROR","4 · Solicitudes","138","A","Request inventory '49516' has no laboratory. Request cannot be inserted."
"WARN","4 · Solicitudes","139","C","Priority is empty. RequestPriority.Medium=1 will be used."
"ERROR","4 · Solicitudes","139","A","Request inventory '37249' has no laboratory. Request cannot be inserted."
"WARN","4 · Solicitudes","140","C","Priority is empty. RequestPriority.Medium=1 will be used."
"ERROR","4 · Solicitudes","140","A","Request inventory '49224' has no laboratory. Request cannot be inserted."
"ERROR","4 · Solicitudes","141","A","Invalid inventory token(s): 372, 743, 727, 537, 276, 000, 000, 000, 000, 000."
"ERROR","4 · Solicitudes","142","A","Invalid inventory token(s): 37, 237, 372, 383, 723, 900, 000."
"WARN","4 · Solicitudes","143","C","Priority is empty. RequestPriority.Medium=1 will be used."
"ERROR","4 · Solicitudes","143","A","Request inventory '49824' has no laboratory. Request cannot be inserted."
"WARN","4 · Solicitudes","144","C","Priority is empty. RequestPriority.Medium=1 will be used."
"ERROR","4 · Solicitudes","144","A","Request inventory '47874' has no laboratory. Request cannot be inserted."
"WARN","4 · Solicitudes","145","C","Priority is empty. RequestPriority.Medium=1 will be used."
"ERROR","4 · Solicitudes","145","A","Request inventory '39591' has no laboratory. Request cannot be inserted."
"WARN","4 · Solicitudes","146","C","Priority is empty. RequestPriority.Medium=1 will be used."
"ERROR","4 · Solicitudes","146","A","Request inventory '37300' has no laboratory. Request cannot be inserted."
"WARN","4 · Solicitudes","147","C","Priority is empty. RequestPriority.Medium=1 will be used."
"ERROR","4 · Solicitudes","147","A","Request inventory '35395' has no laboratory. Request cannot be inserted."
"WARN","4 · Solicitudes","148","C","Priority is empty. RequestPriority.Medium=1 will be used."
"ERROR","4 · Solicitudes","148","A","Request inventory '34365' has no laboratory. Request cannot be inserted."
"WARN","4 · Solicitudes","149","C","Priority is empty. RequestPriority.Medium=1 will be used."
"ERROR","4 · Solicitudes","149","A","Request inventory '35396' has no laboratory. Request cannot be inserted."
"WARN","4 · Solicitudes","150","C","Priority is empty. RequestPriority.Medium=1 will be used."
"ERROR","4 · Solicitudes","150","A","Request inventory '49134' has no laboratory. Request cannot be inserted."
"WARN","4 · Solicitudes","151","C","Priority is empty. RequestPriority.Medium=1 will be used."
"ERROR","4 · Solicitudes","151","A","Request inventory '49136' has no laboratory. Request cannot be inserted."
"WARN","4 · Solicitudes","152","C","Priority is empty. RequestPriority.Medium=1 will be used."
"ERROR","4 · Solicitudes","152","A","Request inventory '49190' has no laboratory. Request cannot be inserted."
"WARN","4 · Solicitudes","153","C","Priority is empty. RequestPriority.Medium=1 will be used."
"ERROR","4 · Solicitudes","153","A","Request inventory '49192' has no laboratory. Request cannot be inserted."
"ERROR","4 · Solicitudes","154","A","Invalid inventory token(s): 34951."
"ERROR","4 · Solicitudes","155","A","Invalid inventory token(s): 34952."
"ERROR","4 · Solicitudes","156","A","Invalid inventory token(s): 32156."
"WARN","4 · Solicitudes","157","C","Priority is empty. RequestPriority.Medium=1 will be used."
"ERROR","4 · Solicitudes","157","A","Request inventory '49055' has no laboratory. Request cannot be inserted."
"WARN","4 · Solicitudes","158","C","Priority is empty. RequestPriority.Medium=1 will be used."
"ERROR","4 · Solicitudes","158","A","Request inventory '48885' has no laboratory. Request cannot be inserted."
"WARN","4 · Solicitudes","159","C","Priority is empty. RequestPriority.Medium=1 will be used."
"ERROR","4 · Solicitudes","159","A","Request inventory '49223' has no laboratory. Request cannot be inserted."
"WARN","4 · Solicitudes","160","C","Priority is empty. RequestPriority.Medium=1 will be used."
"ERROR","4 · Solicitudes","160","A","Request inventory '34245' has no laboratory. Request cannot be inserted."
"WARN","4 · Solicitudes","161","C","Priority is empty. RequestPriority.Medium=1 will be used."
"ERROR","4 · Solicitudes","161","A","Request inventory '34246' has no laboratory. Request cannot be inserted."
"WARN","4 · Solicitudes","162","C","Priority is empty. RequestPriority.Medium=1 will be used."
"ERROR","4 · Solicitudes","162","A","Request inventory '34409' has no laboratory. Request cannot be inserted."
"WARN","4 · Solicitudes","163","C","Priority is empty. RequestPriority.Medium=1 will be used."
"ERROR","4 · Solicitudes","163","A","Request inventory '37299' has no laboratory. Request cannot be inserted."
"WARN","4 · Solicitudes","164","C","Priority is empty. RequestPriority.Medium=1 will be used."
"ERROR","4 · Solicitudes","164","A","Request inventory '37297' has no laboratory. Request cannot be inserted."
"WARN","4 · Solicitudes","165","C","Priority is empty. RequestPriority.Medium=1 will be used."
"ERROR","4 · Solicitudes","165","A","Request inventory '34747' has no laboratory. Request cannot be inserted."
"WARN","4 · Solicitudes","166","C","Priority is empty. RequestPriority.Medium=1 will be used."
"ERROR","4 · Solicitudes","166","A","Request inventory '34748' has no laboratory. Request cannot be inserted."
"WARN","4 · Solicitudes","167","C","Priority is empty. RequestPriority.Medium=1 will be used."
"ERROR","4 · Solicitudes","167","A","Request inventory '37265' has no laboratory. Request cannot be inserted."
"WARN","4 · Solicitudes","168","C","Priority is empty. RequestPriority.Medium=1 will be used."
"ERROR","4 · Solicitudes","168","A","Request inventory '37263' has no laboratory. Request cannot be inserted."
"WARN","4 · Solicitudes","169","C","Priority is empty. RequestPriority.Medium=1 will be used."
"WARN","4 · Solicitudes","170","C","Priority is empty. RequestPriority.Medium=1 will be used."
"WARN","4 · Solicitudes","171","C","Priority is empty. RequestPriority.Medium=1 will be used."
"ERROR","4 · Solicitudes","171","A","Request inventory '34745' has no laboratory. Request cannot be inserted."
"WARN","4 · Solicitudes","172","C","Priority is empty. RequestPriority.Medium=1 will be used."
"ERROR","4 · Solicitudes","172","A","Request inventory '34746' has no laboratory. Request cannot be inserted."
"WARN","4 · Solicitudes","173","C","Priority is empty. RequestPriority.Medium=1 will be used."
"WARN","4 · Solicitudes","174","C","Priority is empty. RequestPriority.Medium=1 will be used."
"WARN","4 · Solicitudes","175","C","Priority is empty. RequestPriority.Medium=1 will be used."
"ERROR","4 · Solicitudes","175","A","Request inventory '34181' has no laboratory. Request cannot be inserted."
"ERROR","4 · Solicitudes","176","A","Invalid inventory token(s): 34182."
"WARN","4 · Solicitudes","177","C","Priority is empty. RequestPriority.Medium=1 will be used."
"ERROR","4 · Solicitudes","177","A","Request inventory '34183' has no laboratory. Request cannot be inserted."
"WARN","4 · Solicitudes","178","C","Priority is empty. RequestPriority.Medium=1 will be used."
"ERROR","4 · Solicitudes","178","A","Request inventory '34184' has no laboratory. Request cannot be inserted."
"WARN","4 · Solicitudes","179","C","Priority is empty. RequestPriority.Medium=1 will be used."
"ERROR","4 · Solicitudes","179","A","Request inventory '49511' has no laboratory. Request cannot be inserted."
"WARN","4 · Solicitudes","180","C","Priority is empty. RequestPriority.Medium=1 will be used."
"ERROR","4 · Solicitudes","180","A","Request inventory '34249' has no laboratory. Request cannot be inserted."
"WARN","4 · Solicitudes","181","C","Priority is empty. RequestPriority.Medium=1 will be used."
"ERROR","4 · Solicitudes","181","A","Request inventory '34738' has no laboratory. Request cannot be inserted."
"WARN","4 · Solicitudes","182","C","Priority is empty. RequestPriority.Medium=1 will be used."
"ERROR","4 · Solicitudes","182","A","Request inventory '34739' has no laboratory. Request cannot be inserted."
"WARN","4 · Solicitudes","184","C","Priority is empty. RequestPriority.Medium=1 will be used."
"ERROR","4 · Solicitudes","184","A","Request inventory '34363' has no laboratory. Request cannot be inserted."
"WARN","4 · Solicitudes","185","C","Priority is empty. RequestPriority.Medium=1 will be used."
"WARN","4 · Solicitudes","186","C","Priority is empty. RequestPriority.Medium=1 will be used."
"ERROR","4 · Solicitudes","186","A","Request inventory '49820' has no laboratory. Request cannot be inserted."
"WARN","4 · Solicitudes","187","A","Multiple inventory numbers detected. One request will be generated per valid inventory."
"WARN","4 · Solicitudes","187","C","Priority is empty. RequestPriority.Medium=1 will be used."
"ERROR","4 · Solicitudes","187","A","Request inventory '14298' has no laboratory. Request cannot be inserted."
"ERROR","4 · Solicitudes","187","A","Request inventory '2582' has no laboratory. Request cannot be inserted."
"ERROR","4 · Solicitudes","187","A","Request inventory '2584' has no laboratory. Request cannot be inserted."
"ERROR","4 · Solicitudes","187","A","Request inventory '2586' has no laboratory. Request cannot be inserted."
"ERROR","4 · Solicitudes","187","A","Request inventory '2588' has no laboratory. Request cannot be inserted."
"ERROR","4 · Solicitudes","187","A","Request inventory '2589' has no laboratory. Request cannot be inserted."
"WARN","4 · Solicitudes","188","A","Multiple inventory numbers detected. One request will be generated per valid inventory."
"WARN","4 · Solicitudes","188","C","Priority is empty. RequestPriority.Medium=1 will be used."
"ERROR","4 · Solicitudes","188","A","Request inventory '34188' has no laboratory. Request cannot be inserted."
"ERROR","4 · Solicitudes","188","A","Request inventory '34189' has no laboratory. Request cannot be inserted."
"ERROR","4 · Solicitudes","188","A","Request inventory '34190' has no laboratory. Request cannot be inserted."
"ERROR","4 · Solicitudes","188","A","Request inventory '34191' has no laboratory. Request cannot be inserted."
"ERROR","4 · Solicitudes","188","A","Request inventory '34192' has no laboratory. Request cannot be inserted."
"ERROR","4 · Solicitudes","188","A","Request inventory '34193' has no laboratory. Request cannot be inserted."
"WARN","4 · Solicitudes","189","A","Multiple inventory numbers detected. One request will be generated per valid inventory."
"WARN","4 · Solicitudes","189","C","Priority is empty. RequestPriority.Medium=1 will be used."
"ERROR","4 · Solicitudes","189","A","Request inventory '34076' has no laboratory. Request cannot be inserted."
"ERROR","4 · Solicitudes","189","A","Request inventory '34077' has no laboratory. Request cannot be inserted."
"ERROR","4 · Solicitudes","189","A","Request inventory '34046' has no laboratory. Request cannot be inserted."
"ERROR","4 · Solicitudes","189","A","Request inventory '34047' has no laboratory. Request cannot be inserted."
"ERROR","4 · Solicitudes","189","A","Request inventory '34075' has no laboratory. Request cannot be inserted."
"WARN","4 · Solicitudes","190","C","Priority is empty. RequestPriority.Medium=1 will be used."
"ERROR","4 · Solicitudes","190","A","Request inventory '35434' has no laboratory. Request cannot be inserted."
"WARN","4 · Solicitudes","191","C","Priority is empty. RequestPriority.Medium=1 will be used."
"ERROR","4 · Solicitudes","191","A","Request inventory '35435' has no laboratory. Request cannot be inserted."
"WARN","4 · Solicitudes","192","C","Priority is empty. RequestPriority.Medium=1 will be used."
"ERROR","4 · Solicitudes","192","A","Request inventory '35436' has no laboratory. Request cannot be inserted."
"WARN","4 · Solicitudes","193","C","Priority is empty. RequestPriority.Medium=1 will be used."
"ERROR","4 · Solicitudes","193","A","Request inventory '35430' has no laboratory. Request cannot be inserted."
"WARN","4 · Solicitudes","194","C","Priority is empty. RequestPriority.Medium=1 will be used."
"ERROR","4 · Solicitudes","194","A","Request inventory '35428' has no laboratory. Request cannot be inserted."
"WARN","4 · Solicitudes","195","C","Priority is empty. RequestPriority.Medium=1 will be used."
"ERROR","4 · Solicitudes","195","A","Request inventory '35433' has no laboratory. Request cannot be inserted."
"WARN","4 · Solicitudes","196","C","Priority is empty. RequestPriority.Medium=1 will be used."
"ERROR","4 · Solicitudes","196","A","Request inventory '35431' has no laboratory. Request cannot be inserted."
"WARN","4 · Solicitudes","197","C","Priority is empty. RequestPriority.Medium=1 will be used."
"ERROR","4 · Solicitudes","197","A","Request inventory '35429' has no laboratory. Request cannot be inserted."
"WARN","4 · Solicitudes","198","C","Priority is empty. RequestPriority.Medium=1 will be used."
"ERROR","4 · Solicitudes","198","A","Request inventory '35432' has no laboratory. Request cannot be inserted."
"WARN","4 · Solicitudes","199","C","Priority is empty. RequestPriority.Medium=1 will be used."
"ERROR","4 · Solicitudes","199","A","Request inventory '49512' has no laboratory. Request cannot be inserted."
"WARN","4 · Solicitudes","200","C","Priority is empty. RequestPriority.Medium=1 will be used."
"ERROR","4 · Solicitudes","200","A","Request inventory '35437' has no laboratory. Request cannot be inserted."
"WARN","4 · Solicitudes","201","C","Priority is empty. RequestPriority.Medium=1 will be used."
"ERROR","4 · Solicitudes","201","A","Request inventory '34740' has no laboratory. Request cannot be inserted."
"WARN","4 · Solicitudes","202","C","Priority is empty. RequestPriority.Medium=1 will be used."
"ERROR","4 · Solicitudes","202","A","Request inventory '35438' has no laboratory. Request cannot be inserted."
"WARN","4 · Solicitudes","203","C","Priority is empty. RequestPriority.Medium=1 will be used."
"ERROR","4 · Solicitudes","203","A","Request inventory '35423' has no laboratory. Request cannot be inserted."
"WARN","4 · Solicitudes","204","C","Priority is empty. RequestPriority.Medium=1 will be used."
"ERROR","4 · Solicitudes","204","A","Request inventory '34248' has no laboratory. Request cannot be inserted."
"WARN","4 · Solicitudes","205","C","Priority is empty. RequestPriority.Medium=1 will be used."
"ERROR","4 · Solicitudes","205","A","Request inventory '30784' has no laboratory. Request cannot be inserted."
"WARN","4 · Solicitudes","206","A","Multiple inventory numbers detected. One request will be generated per valid inventory."
"WARN","4 · Solicitudes","206","C","Priority is empty. RequestPriority.Medium=1 will be used."
"ERROR","4 · Solicitudes","206","A","Request inventory '35417' has no laboratory. Request cannot be inserted."
"ERROR","4 · Solicitudes","206","A","Request inventory '35418' has no laboratory. Request cannot be inserted."
"ERROR","4 · Solicitudes","206","A","Request inventory '35419' has no laboratory. Request cannot be inserted."
"ERROR","4 · Solicitudes","206","A","Request inventory '35420' has no laboratory. Request cannot be inserted."
"ERROR","4 · Solicitudes","206","A","Request inventory '35421' has no laboratory. Request cannot be inserted."
"ERROR","4 · Solicitudes","206","A","Request inventory '35422' has no laboratory. Request cannot be inserted."
"WARN","4 · Solicitudes","207","A","Multiple inventory numbers detected. One request will be generated per valid inventory."
"WARN","4 · Solicitudes","207","C","Priority is empty. RequestPriority.Medium=1 will be used."
"ERROR","4 · Solicitudes","207","A","Request inventory '35411' has no laboratory. Request cannot be inserted."
"ERROR","4 · Solicitudes","207","A","Request inventory '35412' has no laboratory. Request cannot be inserted."
"ERROR","4 · Solicitudes","207","A","Request inventory '35413' has no laboratory. Request cannot be inserted."
"ERROR","4 · Solicitudes","207","A","Request inventory '35414' has no laboratory. Request cannot be inserted."
"ERROR","4 · Solicitudes","207","A","Request inventory '35415' has no laboratory. Request cannot be inserted."
"ERROR","4 · Solicitudes","207","A","Request inventory '35416' has no laboratory. Request cannot be inserted."
"WARN","4 · Solicitudes","208","C","Priority is empty. RequestPriority.Medium=1 will be used."
"ERROR","4 · Solicitudes","208","A","Request inventory '49821' has no laboratory. Request cannot be inserted."
"WARN","4 · Solicitudes","209","C","Priority is empty. RequestPriority.Medium=1 will be used."
"ERROR","4 · Solicitudes","209","A","Request inventory '47790' has no laboratory. Request cannot be inserted."
"WARN","4 · Solicitudes","210","A","Multiple inventory numbers detected. One request will be generated per valid inventory."
"WARN","4 · Solicitudes","210","C","Priority is empty. RequestPriority.Medium=1 will be used."
"ERROR","4 · Solicitudes","210","A","Request inventory '13616' has no laboratory. Request cannot be inserted."
"ERROR","4 · Solicitudes","210","A","Request inventory '13617' has no laboratory. Request cannot be inserted."
"ERROR","4 · Solicitudes","210","A","Request inventory '2590' has no laboratory. Request cannot be inserted."
"ERROR","4 · Solicitudes","210","A","Request inventory '2592' has no laboratory. Request cannot be inserted."
"ERROR","4 · Solicitudes","210","A","Request inventory '2593' has no laboratory. Request cannot be inserted."
"WARN","4 · Solicitudes","211","C","Priority is empty. RequestPriority.Medium=1 will be used."
"ERROR","4 · Solicitudes","211","A","Request inventory '38641' has no laboratory. Request cannot be inserted."
"WARN","4 · Solicitudes","212","C","Priority is empty. RequestPriority.Medium=1 will be used."
"ERROR","4 · Solicitudes","212","A","Request inventory '39161' has no laboratory. Request cannot be inserted."
"WARN","4 · Solicitudes","213","C","Priority is empty. RequestPriority.Medium=1 will be used."
"ERROR","4 · Solicitudes","213","A","Request inventory '39171' has no laboratory. Request cannot be inserted."
"WARN","4 · Solicitudes","214","C","Priority is empty. RequestPriority.Medium=1 will be used."
"ERROR","4 · Solicitudes","214","A","Request inventory '44904' has no laboratory. Request cannot be inserted."
"WARN","4 · Solicitudes","215","C","Priority is empty. RequestPriority.Medium=1 will be used."
"ERROR","4 · Solicitudes","215","A","Request inventory '44905' has no laboratory. Request cannot be inserted."
"WARN","4 · Solicitudes","216","C","Priority is empty. RequestPriority.Medium=1 will be used."
"ERROR","4 · Solicitudes","216","A","Request inventory '44906' has no laboratory. Request cannot be inserted."
"WARN","4 · Solicitudes","217","C","Priority is empty. RequestPriority.Medium=1 will be used."
"ERROR","4 · Solicitudes","217","A","Request inventory '44907' has no laboratory. Request cannot be inserted."
"WARN","4 · Solicitudes","218","C","Priority is empty. RequestPriority.Medium=1 will be used."
"ERROR","4 · Solicitudes","218","A","Request inventory '44908' has no laboratory. Request cannot be inserted."
"WARN","4 · Solicitudes","219","C","Priority is empty. RequestPriority.Medium=1 will be used."
"ERROR","4 · Solicitudes","219","A","Request inventory '35394' has no laboratory. Request cannot be inserted."
"WARN","4 · Solicitudes","220","C","Priority is empty. RequestPriority.Medium=1 will be used."
"ERROR","4 · Solicitudes","220","A","Request inventory '34749' has no laboratory. Request cannot be inserted."
"WARN","4 · Solicitudes","221","C","Priority is empty. RequestPriority.Medium=1 will be used."
"ERROR","4 · Solicitudes","221","A","Request inventory '34186' has no laboratory. Request cannot be inserted."
"WARN","4 · Solicitudes","222","C","Priority is empty. RequestPriority.Medium=1 will be used."
"ERROR","4 · Solicitudes","222","A","Request inventory '34187' has no laboratory. Request cannot be inserted."
"WARN","4 · Solicitudes","223","C","Priority is empty. RequestPriority.Medium=1 will be used."
"ERROR","4 · Solicitudes","223","A","Request inventory '34247' has no laboratory. Request cannot be inserted."
"WARN","4 · Solicitudes","224","C","Priority is empty. RequestPriority.Medium=1 will be used."
"ERROR","4 · Solicitudes","224","A","Request inventory '34515' has no laboratory. Request cannot be inserted."
"WARN","4 · Solicitudes","225","C","Priority is empty. RequestPriority.Medium=1 will be used."
"ERROR","4 · Solicitudes","225","A","Request inventory '34520' has no laboratory. Request cannot be inserted."
"WARN","4 · Solicitudes","226","C","Priority is empty. RequestPriority.Medium=1 will be used."
"ERROR","4 · Solicitudes","226","A","Request inventory '34373' has no laboratory. Request cannot be inserted."
"WARN","4 · Solicitudes","227","C","Priority is empty. RequestPriority.Medium=1 will be used."
"ERROR","4 · Solicitudes","227","A","Request inventory '49513' has no laboratory. Request cannot be inserted."
"ERROR","4 · Solicitudes","228","A","Invalid inventory token(s): 9222."
"WARN","4 · Solicitudes","229","A","Multiple inventory numbers detected. One request will be generated per valid inventory."
"WARN","4 · Solicitudes","229","C","Priority is empty. RequestPriority.Medium=1 will be used."
"ERROR","4 · Solicitudes","229","A","Request inventory '34492' has no laboratory. Request cannot be inserted."
"ERROR","4 · Solicitudes","229","A","Request inventory '34495' has no laboratory. Request cannot be inserted."
"ERROR","4 · Solicitudes","229","A","Request inventory '34518' has no laboratory. Request cannot be inserted."
"ERROR","4 · Solicitudes","229","A","Request inventory '34741' has no laboratory. Request cannot be inserted."
"WARN","4 · Solicitudes","230","C","Priority is empty. RequestPriority.Medium=1 will be used."
"ERROR","4 · Solicitudes","230","A","Request inventory '49221' has no laboratory. Request cannot be inserted."
"WARN","4 · Solicitudes","231","C","Priority is empty. RequestPriority.Medium=1 will be used."
"WARN","4 · Solicitudes","232","C","Priority is empty. RequestPriority.Medium=1 will be used."
"ERROR","4 · Solicitudes","232","A","Request inventory '38639' has no laboratory. Request cannot be inserted."
"WARN","4 · Solicitudes","233","C","Priority is empty. RequestPriority.Medium=1 will be used."
"ERROR","4 · Solicitudes","233","A","Request inventory '37256' has no laboratory. Request cannot be inserted."
"WARN","4 · Solicitudes","234","C","Priority is empty. RequestPriority.Medium=1 will be used."
"ERROR","4 · Solicitudes","234","A","Request inventory '37257' has no laboratory. Request cannot be inserted."
"WARN","4 · Solicitudes","235","C","Priority is empty. RequestPriority.Medium=1 will be used."
"ERROR","4 · Solicitudes","235","A","Request inventory '37258' has no laboratory. Request cannot be inserted."
"WARN","4 · Solicitudes","236","C","Priority is empty. RequestPriority.Medium=1 will be used."
"ERROR","4 · Solicitudes","236","A","Request inventory '37216' has no laboratory. Request cannot be inserted."
"WARN","4 · Solicitudes","237","C","Priority is empty. RequestPriority.Medium=1 will be used."
"ERROR","4 · Solicitudes","237","A","Request inventory '37221' has no laboratory. Request cannot be inserted."
"WARN","4 · Solicitudes","238","C","Priority is empty. RequestPriority.Medium=1 will be used."
"ERROR","4 · Solicitudes","238","A","Request inventory '37219' has no laboratory. Request cannot be inserted."
"WARN","4 · Solicitudes","239","C","Priority is empty. RequestPriority.Medium=1 will be used."
"ERROR","4 · Solicitudes","239","A","Request inventory '37217' has no laboratory. Request cannot be inserted."
"WARN","4 · Solicitudes","240","C","Priority is empty. RequestPriority.Medium=1 will be used."
"ERROR","4 · Solicitudes","240","A","Request inventory '37220' has no laboratory. Request cannot be inserted."
"WARN","4 · Solicitudes","241","C","Priority is empty. RequestPriority.Medium=1 will be used."
"ERROR","4 · Solicitudes","241","A","Request inventory '37218' has no laboratory. Request cannot be inserted."
"WARN","4 · Solicitudes","242","C","Priority is empty. RequestPriority.Medium=1 will be used."
"ERROR","4 · Solicitudes","242","A","Request inventory '49514' has no laboratory. Request cannot be inserted."
"WARN","4 · Solicitudes","243","C","Priority is empty. RequestPriority.Medium=1 will be used."
"ERROR","4 · Solicitudes","243","A","Request inventory '37251' has no laboratory. Request cannot be inserted."
"WARN","4 · Solicitudes","244","C","Priority is empty. RequestPriority.Medium=1 will be used."
"ERROR","4 · Solicitudes","244","A","Request inventory '33308' has no laboratory. Request cannot be inserted."
"WARN","4 · Solicitudes","245","C","Priority is empty. RequestPriority.Medium=1 will be used."
"ERROR","4 · Solicitudes","245","A","Request inventory '49822' has no laboratory. Request cannot be inserted."
"ERROR","4 · Solicitudes","246","A","Invalid inventory token(s): 27288."
"WARN","4 · Solicitudes","246","A","Multiple inventory numbers detected. One request will be generated per valid inventory."
"WARN","4 · Solicitudes","246","C","Priority is empty. RequestPriority.Medium=1 will be used."
"ERROR","4 · Solicitudes","246","A","Request inventory '37286' has no laboratory. Request cannot be inserted."
"ERROR","4 · Solicitudes","246","A","Request inventory '37287' has no laboratory. Request cannot be inserted."
"ERROR","4 · Solicitudes","246","A","Request inventory '37289' has no laboratory. Request cannot be inserted."
"ERROR","4 · Solicitudes","246","A","Request inventory '37290' has no laboratory. Request cannot be inserted."
"ERROR","4 · Solicitudes","246","A","Request inventory '37291' has no laboratory. Request cannot be inserted."
"WARN","4 · Solicitudes","247","A","Multiple inventory numbers detected. One request will be generated per valid inventory."
"WARN","4 · Solicitudes","247","C","Priority is empty. RequestPriority.Medium=1 will be used."
"ERROR","4 · Solicitudes","247","A","Request inventory '37254' has no laboratory. Request cannot be inserted."
"ERROR","4 · Solicitudes","247","A","Request inventory '37246' has no laboratory. Request cannot be inserted."
"ERROR","4 · Solicitudes","247","A","Request inventory '37247' has no laboratory. Request cannot be inserted."
"ERROR","4 · Solicitudes","247","A","Request inventory '37248' has no laboratory. Request cannot be inserted."
"WARN","4 · Solicitudes","248","C","Priority is empty. RequestPriority.Medium=1 will be used."
"ERROR","4 · Solicitudes","248","A","Request inventory '47789' has no laboratory. Request cannot be inserted."
"WARN","4 · Solicitudes","249","C","Priority is empty. RequestPriority.Medium=1 will be used."
"ERROR","4 · Solicitudes","249","A","Request inventory '38643' has no laboratory. Request cannot be inserted."
"WARN","4 · Solicitudes","250","C","Priority is empty. RequestPriority.Medium=1 will be used."
"ERROR","4 · Solicitudes","250","A","Request inventory '37261' has no laboratory. Request cannot be inserted."
"WARN","4 · Solicitudes","251","C","Priority is empty. RequestPriority.Medium=1 will be used."
"ERROR","4 · Solicitudes","251","A","Request inventory '37262' has no laboratory. Request cannot be inserted."
"WARN","4 · Solicitudes","252","C","Priority is empty. RequestPriority.Medium=1 will be used."
"ERROR","4 · Solicitudes","252","A","Request inventory '37215' has no laboratory. Request cannot be inserted."
"WARN","4 · Solicitudes","253","C","Priority is empty. RequestPriority.Medium=1 will be used."
"ERROR","4 · Solicitudes","253","A","Request inventory '37213' has no laboratory. Request cannot be inserted."
"WARN","4 · Solicitudes","254","C","Priority is empty. RequestPriority.Medium=1 will be used."
"ERROR","4 · Solicitudes","254","A","Request inventory '37211' has no laboratory. Request cannot be inserted."
"WARN","4 · Solicitudes","255","C","Priority is empty. RequestPriority.Medium=1 will be used."
"ERROR","4 · Solicitudes","255","A","Request inventory '37214' has no laboratory. Request cannot be inserted."
"WARN","4 · Solicitudes","256","C","Priority is empty. RequestPriority.Medium=1 will be used."
"ERROR","4 · Solicitudes","256","A","Request inventory '37212' has no laboratory. Request cannot be inserted."
"WARN","4 · Solicitudes","257","C","Priority is empty. RequestPriority.Medium=1 will be used."
"ERROR","4 · Solicitudes","257","A","Request inventory '37210' has no laboratory. Request cannot be inserted."
"WARN","4 · Solicitudes","258","C","Priority is empty. RequestPriority.Medium=1 will be used."
"ERROR","4 · Solicitudes","258","A","Request inventory '49515' has no laboratory. Request cannot be inserted."
"WARN","4 · Solicitudes","259","C","Priority is empty. RequestPriority.Medium=1 will be used."
"ERROR","4 · Solicitudes","259","A","Request inventory '37250' has no laboratory. Request cannot be inserted."
"WARN","4 · Solicitudes","260","C","Priority is empty. RequestPriority.Medium=1 will be used."
"ERROR","4 · Solicitudes","260","A","Request inventory '35075' has no laboratory. Request cannot be inserted."
"WARN","4 · Solicitudes","261","C","Priority is empty. RequestPriority.Medium=1 will be used."
"ERROR","4 · Solicitudes","261","A","Request inventory '49823' has no laboratory. Request cannot be inserted."
"WARN","4 · Solicitudes","262","A","Multiple inventory numbers detected. One request will be generated per valid inventory."
"WARN","4 · Solicitudes","262","C","Priority is empty. RequestPriority.Medium=1 will be used."
"ERROR","4 · Solicitudes","262","A","Request inventory '37280' has no laboratory. Request cannot be inserted."
"ERROR","4 · Solicitudes","262","A","Request inventory '37281' has no laboratory. Request cannot be inserted."
"ERROR","4 · Solicitudes","262","A","Request inventory '37282' has no laboratory. Request cannot be inserted."
"ERROR","4 · Solicitudes","262","A","Request inventory '37283' has no laboratory. Request cannot be inserted."
"ERROR","4 · Solicitudes","262","A","Request inventory '37284' has no laboratory. Request cannot be inserted."
"ERROR","4 · Solicitudes","262","A","Request inventory '37285' has no laboratory. Request cannot be inserted."
"ERROR","4 · Solicitudes","263","A","Invalid inventory token(s): 000, 000, 000, 000."
"WARN","4 · Solicitudes","263","A","Multiple inventory numbers detected. One request will be generated per valid inventory."
"WARN","4 · Solicitudes","263","C","Priority is empty. RequestPriority.Medium=1 will be used."
"ERROR","4 · Solicitudes","263","A","Request inventory '13281' has no laboratory. Request cannot be inserted."
"ERROR","4 · Solicitudes","263","A","Request inventory '37241' has no laboratory. Request cannot be inserted."
"ERROR","4 · Solicitudes","263","A","Request inventory '37242' has no laboratory. Request cannot be inserted."
"WARN","4 · Solicitudes","264","C","Priority is empty. RequestPriority.Medium=1 will be used."
"ERROR","4 · Solicitudes","264","A","Request inventory '47873' has no laboratory. Request cannot be inserted."
"WARN","4 · Solicitudes","265","C","Priority is empty. RequestPriority.Medium=1 will be used."
"ERROR","4 · Solicitudes","265","A","Request inventory '39169' has no laboratory. Request cannot be inserted."
"WARN","4 · Solicitudes","266","C","Priority is empty. RequestPriority.Medium=1 will be used."
"ERROR","4 · Solicitudes","266","A","Request inventory '37259' has no laboratory. Request cannot be inserted."
"WARN","4 · Solicitudes","267","C","Priority is empty. RequestPriority.Medium=1 will be used."
"ERROR","4 · Solicitudes","267","A","Request inventory '37260' has no laboratory. Request cannot be inserted."
"WARN","4 · Solicitudes","268","C","Priority is empty. RequestPriority.Medium=1 will be used."
"ERROR","4 · Solicitudes","268","A","Request inventory '37204' has no laboratory. Request cannot be inserted."
"WARN","4 · Solicitudes","269","C","Priority is empty. RequestPriority.Medium=1 will be used."
"ERROR","4 · Solicitudes","269","A","Request inventory '37209' has no laboratory. Request cannot be inserted."
"WARN","4 · Solicitudes","270","C","Priority is empty. RequestPriority.Medium=1 will be used."
"ERROR","4 · Solicitudes","270","A","Request inventory '37207' has no laboratory. Request cannot be inserted."
"WARN","4 · Solicitudes","271","C","Priority is empty. RequestPriority.Medium=1 will be used."
"ERROR","4 · Solicitudes","271","A","Request inventory '37205' has no laboratory. Request cannot be inserted."
"WARN","4 · Solicitudes","272","C","Priority is empty. RequestPriority.Medium=1 will be used."
"ERROR","4 · Solicitudes","272","A","Request inventory '37208' has no laboratory. Request cannot be inserted."
"WARN","4 · Solicitudes","273","C","Priority is empty. RequestPriority.Medium=1 will be used."
"ERROR","4 · Solicitudes","273","A","Request inventory '37206' has no laboratory. Request cannot be inserted."
"WARN","4 · Solicitudes","274","C","Priority is empty. RequestPriority.Medium=1 will be used."
"ERROR","4 · Solicitudes","274","A","Request inventory '49220' has no laboratory. Request cannot be inserted."
"WARN","4 · Solicitudes","275","C","Priority is empty. RequestPriority.Medium=1 will be used."
"ERROR","4 · Solicitudes","275","A","Request inventory '49516' has no laboratory. Request cannot be inserted."
"WARN","4 · Solicitudes","276","C","Priority is empty. RequestPriority.Medium=1 will be used."
"ERROR","4 · Solicitudes","276","A","Request inventory '37249' has no laboratory. Request cannot be inserted."
"WARN","4 · Solicitudes","277","C","Priority is empty. RequestPriority.Medium=1 will be used."
"ERROR","4 · Solicitudes","277","A","Request inventory '49224' has no laboratory. Request cannot be inserted."
"WARN","4 · Solicitudes","278","A","Multiple inventory numbers detected. One request will be generated per valid inventory."
"WARN","4 · Solicitudes","278","C","Priority is empty. RequestPriority.Medium=1 will be used."
"ERROR","4 · Solicitudes","278","A","Request inventory '37274' has no laboratory. Request cannot be inserted."
"ERROR","4 · Solicitudes","278","A","Request inventory '37275' has no laboratory. Request cannot be inserted."
"ERROR","4 · Solicitudes","278","A","Request inventory '37276' has no laboratory. Request cannot be inserted."
"ERROR","4 · Solicitudes","278","A","Request inventory '37277' has no laboratory. Request cannot be inserted."
"ERROR","4 · Solicitudes","278","A","Request inventory '37278' has no laboratory. Request cannot be inserted."
"ERROR","4 · Solicitudes","278","A","Request inventory '37279' has no laboratory. Request cannot be inserted."
"ERROR","4 · Solicitudes","279","A","Invalid inventory token(s): 000, 000."
"WARN","4 · Solicitudes","279","A","Multiple inventory numbers detected. One request will be generated per valid inventory."
"WARN","4 · Solicitudes","279","C","Priority is empty. RequestPriority.Medium=1 will be used."
"ERROR","4 · Solicitudes","279","A","Request inventory '37237' has no laboratory. Request cannot be inserted."
"ERROR","4 · Solicitudes","279","A","Request inventory '37238' has no laboratory. Request cannot be inserted."
"ERROR","4 · Solicitudes","279","A","Request inventory '37239' has no laboratory. Request cannot be inserted."
"WARN","4 · Solicitudes","280","C","Priority is empty. RequestPriority.Medium=1 will be used."
"ERROR","4 · Solicitudes","280","A","Request inventory '49824' has no laboratory. Request cannot be inserted."
"WARN","4 · Solicitudes","281","C","Priority is empty. RequestPriority.Medium=1 will be used."
"ERROR","4 · Solicitudes","281","A","Request inventory '47874' has no laboratory. Request cannot be inserted."
"WARN","4 · Solicitudes","282","C","Priority is empty. RequestPriority.Medium=1 will be used."
"ERROR","4 · Solicitudes","282","A","Request inventory '39591' has no laboratory. Request cannot be inserted."
"WARN","4 · Solicitudes","283","C","Priority is empty. RequestPriority.Medium=1 will be used."
"ERROR","4 · Solicitudes","283","A","Request inventory '37300' has no laboratory. Request cannot be inserted."
"WARN","4 · Solicitudes","284","C","Priority is empty. RequestPriority.Medium=1 will be used."
"ERROR","4 · Solicitudes","284","A","Request inventory '35395' has no laboratory. Request cannot be inserted."
"WARN","4 · Solicitudes","285","C","Priority is empty. RequestPriority.Medium=1 will be used."
"ERROR","4 · Solicitudes","285","A","Request inventory '34365' has no laboratory. Request cannot be inserted."
"WARN","4 · Solicitudes","286","C","Priority is empty. RequestPriority.Medium=1 will be used."
"ERROR","4 · Solicitudes","286","A","Request inventory '35396' has no laboratory. Request cannot be inserted."
"WARN","4 · Solicitudes","287","C","Priority is empty. RequestPriority.Medium=1 will be used."
"ERROR","4 · Solicitudes","287","A","Request inventory '49134' has no laboratory. Request cannot be inserted."
"WARN","4 · Solicitudes","288","C","Priority is empty. RequestPriority.Medium=1 will be used."
"ERROR","4 · Solicitudes","288","A","Request inventory '49136' has no laboratory. Request cannot be inserted."
"WARN","4 · Solicitudes","289","C","Priority is empty. RequestPriority.Medium=1 will be used."
"ERROR","4 · Solicitudes","289","A","Request inventory '49190' has no laboratory. Request cannot be inserted."
"WARN","4 · Solicitudes","290","C","Priority is empty. RequestPriority.Medium=1 will be used."
"ERROR","4 · Solicitudes","290","A","Request inventory '49192' has no laboratory. Request cannot be inserted."
"ERROR","4 · Solicitudes","291","A","Invalid inventory token(s): 34951."
"ERROR","4 · Solicitudes","292","A","Invalid inventory token(s): 34952."
"ERROR","4 · Solicitudes","293","A","Invalid inventory token(s): 32156."
"WARN","4 · Solicitudes","294","C","Priority is empty. RequestPriority.Medium=1 will be used."
"ERROR","4 · Solicitudes","294","A","Request inventory '49055' has no laboratory. Request cannot be inserted."
"WARN","4 · Solicitudes","295","C","Priority is empty. RequestPriority.Medium=1 will be used."
"ERROR","4 · Solicitudes","295","A","Request inventory '48885' has no laboratory. Request cannot be inserted."
"WARN","4 · Solicitudes","296","C","Priority is empty. RequestPriority.Medium=1 will be used."
"ERROR","4 · Solicitudes","296","A","Request inventory '48886' has no laboratory. Request cannot be inserted."
"WARN","4 · Solicitudes","297","C","Priority is empty. RequestPriority.Medium=1 will be used."
"ERROR","4 · Solicitudes","297","A","Request inventory '49223' has no laboratory. Request cannot be inserted."
"WARN","4 · Solicitudes","298","C","Priority is empty. RequestPriority.Medium=1 will be used."
"ERROR","4 · Solicitudes","298","A","Request inventory '34246' has no laboratory. Request cannot be inserted."
"WARN","4 · Solicitudes","299","C","Priority is empty. RequestPriority.Medium=1 will be used."
"ERROR","4 · Solicitudes","299","A","Request inventory '34409' has no laboratory. Request cannot be inserted."
"WARN","4 · Solicitudes","300","C","Priority is empty. RequestPriority.Medium=1 will be used."
"ERROR","4 · Solicitudes","300","A","Request inventory '37299' has no laboratory. Request cannot be inserted."
"WARN","4 · Solicitudes","301","C","Priority is empty. RequestPriority.Medium=1 will be used."
"ERROR","4 · Solicitudes","301","A","Request inventory '37297' has no laboratory. Request cannot be inserted."
"WARN","4 · Solicitudes","302","C","Priority is empty. RequestPriority.Medium=1 will be used."
"ERROR","4 · Solicitudes","302","A","Request inventory '34747' has no laboratory. Request cannot be inserted."
"WARN","4 · Solicitudes","303","C","Priority is empty. RequestPriority.Medium=1 will be used."
"ERROR","4 · Solicitudes","303","A","Request inventory '34748' has no laboratory. Request cannot be inserted."
"WARN","4 · Solicitudes","304","C","Priority is empty. RequestPriority.Medium=1 will be used."
"ERROR","4 · Solicitudes","304","A","Request inventory '37265' has no laboratory. Request cannot be inserted."
"WARN","4 · Solicitudes","305","C","Priority is empty. RequestPriority.Medium=1 will be used."
"ERROR","4 · Solicitudes","305","A","Request inventory '37263' has no laboratory. Request cannot be inserted."
"WARN","4 · Solicitudes","306","C","Priority is empty. RequestPriority.Medium=1 will be used."
"ERROR","4 · Solicitudes","306","A","Request inventory '37361' has no laboratory. Request cannot be inserted."
"WARN","4 · Solicitudes","307","C","Priority is empty. RequestPriority.Medium=1 will be used."
"ERROR","4 · Solicitudes","307","A","Request inventory '26681' has no laboratory. Request cannot be inserted."
"WARN","4 · Solicitudes","308","C","Priority is empty. RequestPriority.Medium=1 will be used."
"ERROR","4 · Solicitudes","308","A","Request inventory '37273' has no laboratory. Request cannot be inserted."
"WARN","4 · Solicitudes","309","C","Priority is empty. RequestPriority.Medium=1 will be used."
"ERROR","4 · Solicitudes","309","A","Request inventory '37271' has no laboratory. Request cannot be inserted."
"WARN","4 · Solicitudes","310","C","Priority is empty. RequestPriority.Medium=1 will be used."
"ERROR","4 · Solicitudes","310","A","Request inventory '37269' has no laboratory. Request cannot be inserted."
"WARN","4 · Solicitudes","311","C","Priority is empty. RequestPriority.Medium=1 will be used."
"ERROR","4 · Solicitudes","311","A","Request inventory '37267' has no laboratory. Request cannot be inserted."
"WARN","4 · Solicitudes","312","C","Priority is empty. RequestPriority.Medium=1 will be used."
"ERROR","4 · Solicitudes","312","A","Request inventory '37272' has no laboratory. Request cannot be inserted."
"WARN","4 · Solicitudes","313","C","Priority is empty. RequestPriority.Medium=1 will be used."
"ERROR","4 · Solicitudes","313","A","Request inventory '37270' has no laboratory. Request cannot be inserted."
"WARN","4 · Solicitudes","314","C","Priority is empty. RequestPriority.Medium=1 will be used."
"ERROR","4 · Solicitudes","314","A","Request inventory '37268' has no laboratory. Request cannot be inserted."
"WARN","4 · Solicitudes","315","C","Priority is empty. RequestPriority.Medium=1 will be used."
"ERROR","4 · Solicitudes","315","A","Request inventory '37266' has no laboratory. Request cannot be inserted."
"WARN","4 · Solicitudes","316","C","Priority is empty. RequestPriority.Medium=1 will be used."
"ERROR","4 · Solicitudes","316","A","Request inventory '33706' has no laboratory. Request cannot be inserted."
"WARN","4 · Solicitudes","317","C","Priority is empty. RequestPriority.Medium=1 will be used."
"ERROR","4 · Solicitudes","317","A","Request inventory '25509' has no laboratory. Request cannot be inserted."
"WARN","4 · Solicitudes","318","C","Priority is empty. RequestPriority.Medium=1 will be used."
"ERROR","4 · Solicitudes","318","A","Request inventory '25510' has no laboratory. Request cannot be inserted."
"WARN","4 · Solicitudes","319","C","Priority is empty. RequestPriority.Medium=1 will be used."
"ERROR","4 · Solicitudes","319","A","Request inventory '25511' has no laboratory. Request cannot be inserted."
"WARN","4 · Solicitudes","320","C","Priority is empty. RequestPriority.Medium=1 will be used."
"ERROR","4 · Solicitudes","320","A","Request inventory '25513' has no laboratory. Request cannot be inserted."
"WARN","4 · Solicitudes","321","C","Priority is empty. RequestPriority.Medium=1 will be used."
"ERROR","4 · Solicitudes","321","A","Request inventory '25511' has no laboratory. Request cannot be inserted."
"WARN","4 · Solicitudes","322","C","Priority is empty. RequestPriority.Medium=1 will be used."
"ERROR","4 · Solicitudes","323","A","Invalid inventory token(s): 39286."
"ERROR","4 · Solicitudes","324","A","Invalid inventory token(s): 44913."
"ERROR","4 · Solicitudes","325","A","Invalid inventory token(s): 47783."
"ERROR","4 · Solicitudes","326","A","Invalid inventory token(s): 47784."
"ERROR","4 · Solicitudes","327","A","Invalid inventory token(s): 47785."
"ERROR","4 · Solicitudes","328","A","Invalid inventory token(s): 47786."
"ERROR","4 · Solicitudes","329","A","Invalid inventory token(s): 47787."
"ERROR","4 · Solicitudes","330","A","Invalid inventory token(s): 47788."
"ERROR","4 · Solicitudes","331","A","Invalid inventory token(s): 38805."
"ERROR","5 · Kardex Mantenimiento","7","E/G","Maintenance row lacks maintenance type or technician/provider."
"WARN","7 · Salidas (L-3)","6","","Person/provider 'ING. SARA PEREZ YAÑEZ' was auto-created because it was referenced but not listed in sheet 9."
"WARN","7 · Salidas (L-3)","6","H","Estimated return date is empty. DepartureDate will be used because the database requires a value."
"WARN","7 · Salidas (L-3)","7","","Person/provider 'DOCENTE MARTINEZ' was auto-created because it was referenced but not listed in sheet 9."
