"Entity","NaturalKey","SourceSheet","SourceRow","Fields"
"Faculty","Facultad de Gastronomia y Turismo - Carrera de Gastronomía","0 · Facultades","6","Code=GASTRO; Description=Facultad que administra laboratorios de cocina H-1 a H-7"
"Faculty","Facultad de Ciencias de la Salud - Carrera de Medicina","0 · Facultades","7","Code=MEDIC; Description=Administra laboratorios clínicos en Edificio América"
"Faculty","Facultad de Ciencias de la Salud - Carrera de Nutricion","0b · Carreras","8","Code=; Description="
"Career","Gastronomía","0b · Carreras","6","Faculty=Facultad de Gastronomia y Turismo - Carrera de Gastronomía; Status=0"
"Career","Turismo y Hoteleria","0b · Carreras","7","Faculty=Facultad de Gastronomia y Turismo - Carrera de Gastronomía; Status=0"
"Career","Nutricion y Dietetica","0b · Carreras","8","Faculty=Facultad de Ciencias de la Salud - Carrera de Nutricion; Status=0"
"Career","Ciencias Gastronomicas","0b · Carreras","9","Faculty=Facultad de Gastronomia y Turismo - Carrera de Gastronomía; Status=0"
"Laboratory","H-1","0c · Laboratorios","6","Name=Laboratorio de Cocina H-1; Faculty=Facultad de Gastronomia y Turismo - Carrera de Gastronomía"
"Laboratory","H-2","0c · Laboratorios","7","Name=Laboratorio de Cocina H-2; Faculty=Facultad de Gastronomia y Turismo - Carrera de Gastronomía"
"Laboratory","H-4","0c · Laboratorios","8","Name=Laboratorio de Cocina H-4; Faculty=Facultad de Gastronomia y Turismo - Carrera de Gastronomía"
"Laboratory","H-5","0c · Laboratorios","9","Name=Laboratorio de Cocina H-5; Faculty=Facultad de Gastronomia y Turismo - Carrera de Gastronomía"
"Laboratory","H-6","0c · Laboratorios","10","Name=Laboratorio de Cocina H-6; Faculty=Facultad de Gastronomia y Turismo - Carrera de Gastronomía"
"Laboratory","H-3","0c · Laboratorios","11","Name=Laboratorio Panadería y Pastelería H-3; Faculty=Facultad de Gastronomia y Turismo - Carrera de Gastronomía"
"Laboratory","H-7","0c · Laboratorios","12","Name=Laboratorio de Cocina H-7; Faculty=Facultad de Gastronomia y Turismo - Carrera de Gastronomía"
"Laboratory","K-1","0c · Laboratorios","13","Name=Laboratorio K-1 Cocteleria; Faculty=Facultad de Gastronomia y Turismo - Carrera de Gastronomía"
"Laboratory","CIRCULACION","0c · Laboratorios","14","Name=Área de Circulación General; Faculty=Facultad de Gastronomia y Turismo - Carrera de Gastronomía"
"Laboratory","OFICINAS 1ER PISO","0c · Laboratorios","15","Name=Área de Circulación General; Faculty=Facultad de Gastronomia y Turismo - Carrera de Gastronomía"
"Laboratory","OFICINAS PLANTA BAJA","0c · Laboratorios","16","Name=Área de Circulación General; Faculty=Facultad de Gastronomia y Turismo - Carrera de Gastronomía"
"Laboratory","H-102","0c · Laboratorios","17","Name=Área de Circulación General; Faculty=Facultad de Gastronomia y Turismo - Carrera de Gastronomía"
"Laboratory","H-103","0c · Laboratorios","18","Name=Área de Circulación General; Faculty=Facultad de Gastronomia y Turismo - Carrera de Gastronomía"
"Laboratory","H-104","0c · Laboratorios","19","Name=Área de Circulación General; Faculty=Facultad de Gastronomia y Turismo - Carrera de Gastronomía"
"Person","BRUNO NOVILLO","9 · Técnicos y Proveedores","8","External=False; Company=False; Category=1"
"Person","CASATERMO SRL","9 · Técnicos y Proveedores","9","External=True; Company=True; Category=5"
"Person","CONSULTORA PROYECTOS Y SERVICIOS PCS","9 · Técnicos y Proveedores","10","External=True; Company=True; Category=5"
"Person","DOCENTE MARTINEZ","7 · Salidas (L-3)","7","External=False; Company=False; Category=2"
"Person","ING. APAZA","9 · Técnicos y Proveedores","7","External=False; Company=False; Category=1"
"Person","ING. EVER HERBAS","9 · Técnicos y Proveedores","6","External=False; Company=False; Category=1"
"Person","ING. SARA PEREZ YAÑEZ","7 · Salidas (L-3)","6","External=False; Company=False; Category=99"
"Person","TALLER UNIVALLE","9 · Técnicos y Proveedores","11","External=False; Company=True; Category=1"
"Management","2023-1","8 - Plan","6","Year=2023; Semester=1"
"Management","2023-2","8 - Plan","7","Year=2023; Semester=2"
"Management","2025-1","8 - Plan","8","Year=2025; Semester=1"
"Equipment","ABATIDOR FASTER|AFINOX|FASTER 5T GF 230V","1 · Catálogos","487","Name=ABATIDOR FASTER; Brand=AFINOX; Model=FASTER 5T GF 230V"
"Equipment","ACCES POINT|CISCO|AIR-CAP370","1 · Catálogos","435","Name=ACCES POINT; Brand=CISCO; Model=AIR-CAP370"
"Equipment","ACCES POINT|CISCO|AIR-CAP3702E-A-K9","1 · Catálogos","374","Name=ACCES POINT; Brand=CISCO; Model=AIR-CAP3702E-A-K9"
"Equipment","ALL IN ONE|HP|24-E015LA","1 · Catálogos","541","Name=ALL IN ONE; Brand=HP; Model=24-E015LA"
"Equipment","ALL IN ONE|LENOVO|10BB-A0C900","1 · Catálogos","29","Name=ALL IN ONE; Brand=LENOVO; Model=10BB-A0C900"
"Equipment","ALL IN ONE|LENOVO|THINK CENTRE M73Z","1 · Catálogos","493","Name=ALL IN ONE; Brand=LENOVO; Model=THINK CENTRE M73Z"
"Equipment","AMASADORA|WILDA|","1 · Catálogos","146","Name=AMASADORA; Brand=WILDA; Model="
"Equipment","APARATO TELEFONICO|CISCO|CP-3905","1 · Catálogos","501","Name=APARATO TELEFONICO; Brand=CISCO; Model=CP-3905"
"Equipment","BACHA DE LAVADO||","1 · Catálogos","54","Name=BACHA DE LAVADO; Brand=; Model="
"Equipment","BALANZA ELECTRONICA||","1 · Catálogos","258","Name=BALANZA ELECTRONICA; Brand=; Model="
"Equipment","BALANZA ELECTRONICA|ELECTRONIC SCALE|","1 · Catálogos","164","Name=BALANZA ELECTRONICA; Brand=ELECTRONIC SCALE; Model="
"Equipment","BALANZA ELECTRONICA|OHAUS|RANGER R31P30","1 · Catálogos","119","Name=BALANZA ELECTRONICA; Brand=OHAUS; Model=RANGER R31P30"
"Equipment","BANCA DE MADERA||","1 · Catálogos","539","Name=BANCA DE MADERA; Brand=; Model="
"Equipment","BATIDORA|KITCHENAID|5KSM7591","1 · Catálogos","149","Name=BATIDORA; Brand=KITCHENAID; Model=5KSM7591"
"Equipment","BATIDORA|KITCHENAID|5KSM7591,","1 · Catálogos","148","Name=BATIDORA; Brand=KITCHENAID; Model=5KSM7591,"
"Equipment","BATIDORA|OSTER|","1 · Catálogos","147","Name=BATIDORA; Brand=OSTER; Model="
"Equipment","BEBEDERO DE AGUA|IBBL|BAG 40","1 · Catálogos","21","Name=BEBEDERO DE AGUA; Brand=IBBL; Model=BAG 40"
"Equipment","CAFETERA IND|ASTORIA|INDUS. ITALIANA","1 · Catálogos","428","Name=CAFETERA IND; Brand=ASTORIA; Model=INDUS. ITALIANA"
"Equipment","CAMARA CONSERVADORA|ASBER|ARR-43","1 · Catálogos","477","Name=CAMARA CONSERVADORA; Brand=ASBER; Model=ARR-43"
"Equipment","CAMARA DE VIDEO||","1 · Catálogos","69","Name=CAMARA DE VIDEO; Brand=; Model="
"Equipment","CAMARA DE VIDEO|HIKVISION|DS-2CEE55A2N-IRN","1 · Catálogos","75","Name=CAMARA DE VIDEO; Brand=HIKVISION; Model=DS-2CEE55A2N-IRN"
"Equipment","CAMARA DE VIDEO|HIKVISION|DS2CC5192N-IR1","1 · Catálogos","60","Name=CAMARA DE VIDEO; Brand=HIKVISION; Model=DS2CC5192N-IR1"
"Equipment","CAMARA DE VIDEO|SONY BALUMS|","1 · Catálogos","45","Name=CAMARA DE VIDEO; Brand=SONY BALUMS; Model="
"Equipment","CAMPANA DE EXTRACCION||","1 · Catálogos","42","Name=CAMPANA DE EXTRACCION; Brand=; Model="
"Equipment","CAMPANA DE EXTRACCION|WILDA|","1 · Catálogos","195","Name=CAMPANA DE EXTRACCION; Brand=WILDA; Model="
"Equipment","CARRITO||","1 · Catálogos","23","Name=CARRITO; Brand=; Model="
"Equipment","CASILLERO METALICO||","1 · Catálogos","502","Name=CASILLERO METALICO; Brand=; Model="
"Equipment","COCINA INDUSTRIAL|WILDA|","1 · Catálogos","202","Name=COCINA INDUSTRIAL; Brand=WILDA; Model="
"Equipment","COCINA INDUSTRIAL|WILDA|AISI304L 2B","1 · Catálogos","112","Name=COCINA INDUSTRIAL; Brand=WILDA; Model=AISI304L 2B"
"Equipment","CPU DE ESCRITORIO|LENOVO|THINK CENTRE","1 · Catálogos","37","Name=CPU DE ESCRITORIO; Brand=LENOVO; Model=THINK CENTRE"
"Equipment","CREDENZA DE MELAMINA||","1 · Catálogos","500","Name=CREDENZA DE MELAMINA; Brand=; Model="
"Equipment","ENVASADORA AL VACIO|VENTUS|","1 · Catálogos","334","Name=ENVASADORA AL VACIO; Brand=VENTUS; Model="
"Equipment","ESCRITORIO DE MADERA||","1 · Catálogos","78","Name=ESCRITORIO DE MADERA; Brand=; Model="
"Equipment","ESCRITORIO DE MELAMINA MODULAR||","1 · Catálogos","495","Name=ESCRITORIO DE MELAMINA MODULAR; Brand=; Model="
"Equipment","ESCRITORIO METALICO||","1 · Catálogos","490","Name=ESCRITORIO METALICO; Brand=; Model="
"Equipment","ESTANTE BAR DE MADERA||","1 · Catálogos","377","Name=ESTANTE BAR DE MADERA; Brand=; Model="
"Equipment","ESTANTE METALICO||","1 · Catálogos","376","Name=ESTANTE METÁLICO; Brand=; Model="
"Equipment","ESTANTE PORTA BANDEJAS||","1 · Catálogos","132","Name=ESTANTE PORTA BANDEJAS; Brand=; Model="
"Equipment","EXTINTOR TIPO K||","1 · Catálogos","118","Name=EXTINTOR TIPO K; Brand=; Model="
"Equipment","EXTINTOR|ABC|","1 · Catálogos","24","Name=EXTINTOR; Brand=ABC; Model="
"Equipment","EXTINTOR|CYLINDERS|","1 · Catálogos","256","Name=EXTINTOR; Brand=CYLINDERS; Model="
"Equipment","EXTINTOR|FANACIM|","1 · Catálogos","57","Name=EXTINTOR; Brand=FANACIM; Model="
"Equipment","EXTINTOR|MMB CILINDERS|FNC 10","1 · Catálogos","208","Name=EXTINTOR; Brand=MMB CILINDERS; Model=FNC 10"
"Equipment","EXTINTOR|MMB CYLINDERS|","1 · Catálogos","44","Name=EXTINTOR; Brand=MMB CYLINDERS; Model="
"Equipment","EXTRACTOR DE AIRE|LOREN SID|","1 · Catálogos","14","Name=EXTRACTOR DE AIRE; Brand=LOREN SID; Model="
"Equipment","EXTRACTOR DE HUMOS Y GRASAS||","1 · Catálogos","6","Name=EXTRACTOR DE HUMOS Y GRASAS; Brand=; Model="
"Equipment","EXTRACTOR DE HUMOS Y GRASAS|WILDA|","1 · Catálogos","83","Name=EXTRACTOR DE HUMOS Y GRASAS; Brand=WILDA; Model="
"Equipment","FERMENTADOR|WILDA|A155 304L2B","1 · Catálogos","153","Name=FERMENTADOR; Brand=WILDA; Model=A155 304L2B"
"Equipment","FLITRO ABLANDADOR DE AGUA||","1 · Catálogos","430","Name=FLITRO ABLANDADOR DE AGUA; Brand=; Model="
"Equipment","FREIDORA|WILDA|","1 · Catálogos","210","Name=FREIDORA; Brand=WILDA; Model="
"Equipment","GARRAFA||","1 · Catálogos","20","Name=GARRAFA; Brand=; Model="
"Equipment","GARRAFA|FANACIM|","1 · Catálogos","15","Name=GARRAFA; Brand=FANACIM; Model="
"Equipment","GAVETERO DE MELAMINA||","1 · Catálogos","496","Name=GAVETERO DE MELAMINA; Brand=; Model="
"Equipment","HORNO CONVECTOR|ARIANNA|XEFT-04HS-ELDV","1 · Catálogos","479","Name=HORNO CONVECTOR; Brand=ARIANNA; Model=XEFT-04HS-ELDV"
"Equipment","HORNO|WILDA|","1 · Catálogos","109","Name=HORNO; Brand=WILDA; Model="
"Equipment","LAVAPLATOS DE ACERO INOXIDABLE||","1 · Catálogos","72","Name=LAVAPLATOS DE ACERO INOXIDABLE; Brand=; Model="
"Equipment","LAVAPLATOS DE ACERO INOXIDABLE|WILDA|","1 · Catálogos","99","Name=LAVAPLATOS DE ACERO INOXIDABLE; Brand=WILDA; Model="
"Equipment","LICUADORA|OSTER|","1 · Catálogos","110","Name=LICUADORA; Brand=OSTER; Model="
"Equipment","LICUADORA|OSTER|XPERT","1 · Catálogos","480","Name=LICUADORA; Brand=OSTER; Model=XPERT"
"Equipment","MESA DE MADERA||","1 · Catálogos","378","Name=MESA DE MADERA; Brand=; Model="
"Equipment","MESA METALICA||","1 · Catálogos","31","Name=MESA METALICA; Brand=; Model="
"Equipment","MESA METALICA|WILDA|","1 · Catálogos","86","Name=MESA METALICA; Brand=WILDA; Model="
"Equipment","MESON DE METAL||","1 · Catálogos","137","Name=MESON DE METAL; Brand=; Model="
"Equipment","MESON DE METAL|WILDA|","1 · Catálogos","93","Name=MESON DE METAL; Brand=WILDA; Model="
"Equipment","MESON REFRIGERADOR|VENTUS|VMR2PS-280E","1 · Catálogos","290","Name=MESON REFRIGERADOR; Brand=VENTUS; Model=VMR2PS-280E"
"Equipment","MESON ROBUSTO||","1 · Catálogos","74","Name=MESON ROBUSTO; Brand=; Model="
"Equipment","MESON ROBUSTO|WILDA|","1 · Catálogos","486","Name=MESON ROBUSTO; Brand=WILDA; Model="
"Equipment","MESON ROBUSTO|WILDA|A155 304L2B","1 · Catálogos","43","Name=MESON ROBUSTO; Brand=WILDA; Model=A155 304L2B"
"Equipment","MICROONDA|LG|MH8236GIR","1 · Catálogos","111","Name=MICROONDA; Brand=LG; Model=MH8236GIR"
"Equipment","MICROONDA|PANASONIC|NN-ST34HM","1 · Catálogos","482","Name=MICROONDA; Brand=PANASONIC; Model=NN-ST34HM"
"Equipment","MICROONDA|SAMSUNG|MG402MADXBB","1 · Catálogos","159","Name=MICROONDA; Brand=SAMSUNG; Model=MG402MADXBB"
"Equipment","MOLINO DE COFFIE|FIORENZATO|F64 E","1 · Catálogos","427","Name=MOLINO DE COFFIE; Brand=FIORENZATO; Model=F64 E"
"Equipment","MONITOR LCD|LENOVO|2580AB1","1 · Catálogos","39","Name=MONITOR LCD; Brand=LENOVO; Model=2580AB1"
"Equipment","MUEBLE DE MADERA PARA COMPUTADORA||","1 · Catálogos","547","Name=MUEBLE DE MADERA PARA COMPUTADORA; Brand=; Model="
"Equipment","MUEBLE DE MELAMINA PARA COMPUTADORA||","1 · Catálogos","40","Name=MUEBLE DE MELAMINA PARA COMPUTADORA; Brand=; Model="
"Equipment","MUEBLE METALICO PARA COMPUTADORA||","1 · Catálogos","32","Name=MUEBLE METALICO PARA COMPUTADORA; Brand=; Model="
"Equipment","PINZA KELLY||","1 · Catálogos","35","Name=PINZA KELLY; Brand=; Model="
"Equipment","PIZARRA CON MARCO METALICO ACRILICO||","1 · Catálogos","41","Name=PIZARRA CON MARCO METALICO ACRILICO; Brand=; Model="
"Equipment","PORTA BANDEJAS||","1 · Catálogos","171","Name=PORTA BANDEJAS; Brand=; Model="
"Equipment","PORTA TABLAS||","1 · Catálogos","126","Name=PORTA TABLAS; Brand=; Model="
"Equipment","PORTA UTENSILIOS||","1 · Catálogos","120","Name=PORTA UTENSILIOS; Brand=; Model="
"Equipment","PROYECTOR LED/LASER|CASIO|(YW-40) XJ-F20XN","1 · Catálogos","434","Name=PROYECTOR LED/LASER; Brand=CASIO; Model=(YW-40) XJ-F20XN"
"Equipment","PROYECTOR LED/LASER|CASIO|XJ-F20XN","1 · Catálogos","439","Name=PROYECTOR LED/LASER; Brand=CASIO; Model=XJ-F20XN"
"Equipment","REFRIGERADOR|VENTUS SORP|VREF-1000BEN","1 · Catálogos","200","Name=REFRIGERADOR; Brand=VENTUS SORP; Model=VREF-1000BEN"
"Equipment","REFRIGERADOR|VENTUS|VREF-1000BEN","1 · Catálogos","244","Name=REFRIGERADOR; Brand=VENTUS; Model=VREF-1000BEN"
"Equipment","REPISA DE ACERO INOXIDABLE||","1 · Catálogos","104","Name=REPISA DE ACERO INOXIDABLE; Brand=; Model="
"Equipment","REPISA DE ACERO INOXIDABLE|WILDA|","1 · Catálogos","235","Name=REPISA DE ACERO INOXIDABLE; Brand=WILDA; Model="
"Equipment","ROUTER|VIEW SONIC|WPG-370","1 · Catálogos","70","Name=ROUTER; Brand=VIEW SONIC; Model=WPG-370"
"Equipment","SILLA DE MADERA FIJA TAPIZ TELA||","1 · Catálogos","551","Name=SILLA DE MADERA FIJA TAPIZ TELA; Brand=; Model="
"Equipment","SILLA DE MADERA FIJA||","1 · Catálogos","53","Name=SILLA DE MADERA FIJA; Brand=; Model="
"Equipment","SILLA METALICA FIJA TAPIZ CUERINA||","1 · Catálogos","497","Name=SILLA METALICA FIJA TAPIZ CUERINA; Brand=; Model="
"Equipment","SILLA METALICA FIJA TAPIZ TELA||","1 · Catálogos","33","Name=SILLA METALICA FIJA TAPIZ TELA; Brand=; Model="
"Equipment","SILLA METALICA GIRATORIA TAPIZ TELA||","1 · Catálogos","34","Name=SILLA METALICA GIRATORIA TAPIZ TELA; Brand=; Model="
"Equipment","SOUS VIDE|METVISA|","1 · Catálogos","370","Name=SOUS VIDE; Brand=METVISA; Model="
"Equipment","TABURETE METALICO||","1 · Catálogos","460","Name=TABURETE METALICO; Brand=; Model="
"Equipment","TECLADO|DELUX|K8060","1 · Catálogos","38","Name=TECLADO; Brand=DELUX; Model=K8060"
"Equipment","TECLADO|HP|PR1101U","1 · Catálogos","542","Name=TECLADO; Brand=HP; Model=PR1101U"
"Equipment","TECLADO|LENOVO|KU-0225","1 · Catálogos","30","Name=TECLADO; Brand=LENOVO; Model=KU-0225"
"Equipment","TECLADO|LENOVO|SK - 8825","1 · Catálogos","494","Name=TECLADO; Brand=LENOVO; Model=SK - 8825"
"Equipment","TELEVISOR LCD|SONY|KDL-40BX455","1 · Catálogos","58","Name=TELEVISOR LCD; Brand=SONY; Model=KDL-40BX455"
"Equipment","TELEVISOR LED|HAIER|LE55B8500DUA","1 · Catálogos","46","Name=TELEVISOR LED; Brand=HAIER; Model=LE55B8500DUA"
"Equipment","TELEVISOR LED|LG|50LN5400","1 · Catálogos","76","Name=TELEVISOR LED; Brand=LG; Model=50LN5400"
"Equipment","TELEVISOR LED|SAMSUNG|UN48J5000AGXZS","1 · Catálogos","429","Name=TELEVISOR LED; Brand=SAMSUNG; Model=UN48J5000AGXZS"
"Equipment","TERMO TANQUE|A6|27284","1 · Catálogos","22","Name=TERMO TANQUE; Brand=A6; Model=27284"
"Equipment","THERMOMIX||TM6","1 · Catálogos","373","Name=THERMOMIX; Brand=; Model=TM6"
"Equipment","VITRINA DE PARED||","1 · Catálogos","98","Name=VITRINA DE PARED; Brand=; Model="
"Equipment","VITRINA METALICA||","1 · Catálogos","423","Name=VITRINA METALICA; Brand=; Model="
"EquipmentUnit","225","1 · Catálogos","539","EquipmentKey=BANCA DE MADERA||; Lab=; Career="
"EquipmentUnit","239","1 · Catálogos","540","EquipmentKey=BANCA DE MADERA||; Lab=; Career="
"EquipmentUnit","401","1 · Catálogos","460","EquipmentKey=TABURETE METALICO||; Lab=; Career="
"EquipmentUnit","406","1 · Catálogos","461","EquipmentKey=TABURETE METALICO||; Lab=; Career="
"EquipmentUnit","416","1 · Catálogos","462","EquipmentKey=TABURETE METALICO||; Lab=; Career="
"EquipmentUnit","423","1 · Catálogos","463","EquipmentKey=TABURETE METALICO||; Lab=; Career="
"EquipmentUnit","696","1 · Catálogos","433","EquipmentKey=SILLA DE MADERA FIJA||; Lab=; Career="
"EquipmentUnit","719","1 · Catálogos","443","EquipmentKey=SILLA DE MADERA FIJA||; Lab=; Career="
"EquipmentUnit","1635","1 · Catálogos","438","EquipmentKey=SILLA DE MADERA FIJA||; Lab=; Career="
"EquipmentUnit","2582","1 · Catálogos","126","EquipmentKey=PORTA TABLAS||; Lab=; Career="
"EquipmentUnit","2584","1 · Catálogos","127","EquipmentKey=PORTA TABLAS||; Lab=; Career="
"EquipmentUnit","2586","1 · Catálogos","128","EquipmentKey=PORTA TABLAS||; Lab=; Career="
"EquipmentUnit","2588","1 · Catálogos","129","EquipmentKey=PORTA TABLAS||; Lab=; Career="
"EquipmentUnit","2589","1 · Catálogos","130","EquipmentKey=PORTA TABLAS||; Lab=; Career="
"EquipmentUnit","2590","1 · Catálogos","217","EquipmentKey=PORTA TABLAS||; Lab=; Career="
"EquipmentUnit","2592","1 · Catálogos","218","EquipmentKey=PORTA TABLAS||; Lab=; Career="
"EquipmentUnit","2593","1 · Catálogos","219","EquipmentKey=PORTA TABLAS||; Lab=; Career="
"EquipmentUnit","2595","1 · Catálogos","312","EquipmentKey=PORTA TABLAS||; Lab=; Career="
"EquipmentUnit","2791","1 · Catálogos","455","EquipmentKey=MESA METALICA||; Lab=; Career="
"EquipmentUnit","2802","1 · Catálogos","31","EquipmentKey=MESA METALICA||; Lab=; Career="
"EquipmentUnit","3275","1 · Catálogos","313","EquipmentKey=PORTA TABLAS||; Lab=; Career="
"EquipmentUnit","3287","1 · Catálogos","314","EquipmentKey=PORTA TABLAS||; Lab=; Career="
"EquipmentUnit","3289","1 · Catálogos","315","EquipmentKey=PORTA TABLAS||; Lab=; Career="
"EquipmentUnit","3476","1 · Catálogos","265","EquipmentKey=PORTA TABLAS||; Lab=; Career="
"EquipmentUnit","3478","1 · Catálogos","266","EquipmentKey=PORTA TABLAS||; Lab=; Career="
"EquipmentUnit","3479","1 · Catálogos","267","EquipmentKey=PORTA TABLAS||; Lab=; Career="
"EquipmentUnit","3480","1 · Catálogos","268","EquipmentKey=PORTA TABLAS||; Lab=; Career="
"EquipmentUnit","3481","1 · Catálogos","360","EquipmentKey=PORTA TABLAS||; Lab=; Career="
"EquipmentUnit","3497","1 · Catálogos","361","EquipmentKey=PORTA TABLAS||; Lab=; Career="
"EquipmentUnit","3687","1 · Catálogos","362","EquipmentKey=PORTA TABLAS||; Lab=; Career="
"EquipmentUnit","3695","1 · Catálogos","363","EquipmentKey=PORTA TABLAS||; Lab=; Career="
"EquipmentUnit","9007","1 · Catálogos","490","EquipmentKey=ESCRITORIO METALICO||; Lab=; Career="
"EquipmentUnit","9869","1 · Catálogos","34","EquipmentKey=SILLA METALICA GIRATORIA TAPIZ TELA||; Lab=; Career="
"EquipmentUnit","10714","1 · Catálogos","549","EquipmentKey=MUEBLE METALICO PARA COMPUTADORA||; Lab=; Career="
"EquipmentUnit","11848","1 · Catálogos","38","EquipmentKey=TECLADO|DELUX|K8060; Lab=; Career="
"EquipmentUnit","12789","1 · Catálogos","35","EquipmentKey=PINZA KELLY||; Lab=; Career="
"EquipmentUnit","12792","1 · Catálogos","36","EquipmentKey=PINZA KELLY||; Lab=; Career="
"EquipmentUnit","13281","1 · Catálogos","302","EquipmentKey=MESON ROBUSTO||; Lab=; Career="
"EquipmentUnit","13616","1 · Catálogos","220","EquipmentKey=PORTA TABLAS||; Lab=; Career="
"EquipmentUnit","13617","1 · Catálogos","221","EquipmentKey=PORTA TABLAS||; Lab=; Career="
"EquipmentUnit","14298","1 · Catálogos","131","EquipmentKey=PORTA TABLAS||; Lab=; Career="
"EquipmentUnit","14302","1 · Catálogos","276","EquipmentKey=VITRINA DE PARED||; Lab=; Career="
"EquipmentUnit","14464","1 · Catálogos","456","EquipmentKey=MESA METALICA||; Lab=; Career="
"EquipmentUnit","14799","1 · Catálogos","457","EquipmentKey=MESA METALICA||; Lab=; Career="
"EquipmentUnit","15501","1 · Catálogos","32","EquipmentKey=MUEBLE METALICO PARA COMPUTADORA||; Lab=; Career="
"EquipmentUnit","17355","1 · Catálogos","110","EquipmentKey=LICUADORA|OSTER|; Lab=H-1; Career=Gastronomía"
"EquipmentUnit","17585","1 · Catálogos","66","EquipmentKey=BACHA DE LAVADO||; Lab=; Career="
"EquipmentUnit","17613","1 · Catálogos","424","EquipmentKey=BACHA DE LAVADO||; Lab=; Career="
"EquipmentUnit","18024","1 · Catálogos","98","EquipmentKey=VITRINA DE PARED||; Lab=; Career="
"EquipmentUnit","18049","1 · Catálogos","425","EquipmentKey=BACHA DE LAVADO||; Lab=; Career="
"EquipmentUnit","18081","1 · Catálogos","376","EquipmentKey=ESTANTE METALICO||; Lab=; Career="
"EquipmentUnit","18366","1 · Catálogos","53","EquipmentKey=SILLA DE MADERA FIJA||; Lab=; Career="
"EquipmentUnit","20208","1 · Catálogos","377","EquipmentKey=ESTANTE BAR DE MADERA||; Lab=; Career="
"EquipmentUnit","20540","1 · Catálogos","171","EquipmentKey=PORTA BANDEJAS||; Lab=; Career="
"EquipmentUnit","21933","1 · Catálogos","464","EquipmentKey=TABURETE METALICO||; Lab=; Career="
"EquipmentUnit","21934","1 · Catálogos","465","EquipmentKey=TABURETE METALICO||; Lab=; Career="
"EquipmentUnit","21935","1 · Catálogos","466","EquipmentKey=TABURETE METALICO||; Lab=; Career="
"EquipmentUnit","21937","1 · Catálogos","467","EquipmentKey=TABURETE METALICO||; Lab=; Career="
"EquipmentUnit","21938","1 · Catálogos","468","EquipmentKey=TABURETE METALICO||; Lab=; Career="
"EquipmentUnit","21940","1 · Catálogos","469","EquipmentKey=TABURETE METALICO||; Lab=; Career="
"EquipmentUnit","21952","1 · Catálogos","470","EquipmentKey=TABURETE METALICO||; Lab=; Career="
"EquipmentUnit","21955","1 · Catálogos","471","EquipmentKey=TABURETE METALICO||; Lab=; Career="
"EquipmentUnit","21956","1 · Catálogos","472","EquipmentKey=TABURETE METALICO||; Lab=; Career="
"EquipmentUnit","21957","1 · Catálogos","473","EquipmentKey=TABURETE METALICO||; Lab=; Career="
"EquipmentUnit","21958","1 · Catálogos","474","EquipmentKey=TABURETE METALICO||; Lab=; Career="
"EquipmentUnit","21960","1 · Catálogos","475","EquipmentKey=TABURETE METALICO||; Lab=; Career="
"EquipmentUnit","22060","1 · Catálogos","188","EquipmentKey=VITRINA DE PARED||; Lab=; Career="
"EquipmentUnit","23096","1 · Catálogos","132","EquipmentKey=ESTANTE PORTA BANDEJAS||; Lab=; Career="
"EquipmentUnit","23273","1 · Catálogos","442","EquipmentKey=PIZARRA CON MARCO METALICO ACRILICO||; Lab=; Career="
"EquipmentUnit","25509","1 · Catálogos","24","EquipmentKey=EXTINTOR|ABC|; Lab=; Career="
"EquipmentUnit","25510","1 · Catálogos","25","EquipmentKey=EXTINTOR|ABC|; Lab=; Career="
"EquipmentUnit","25511","1 · Catálogos","26","EquipmentKey=EXTINTOR|ABC|; Lab=; Career="
"EquipmentUnit","25513","1 · Catálogos","27","EquipmentKey=EXTINTOR|ABC|; Lab=; Career="
"EquipmentUnit","25514","1 · Catálogos","28","EquipmentKey=EXTINTOR|ABC|; Lab=; Career="
"EquipmentUnit","26431","1 · Catálogos","20","EquipmentKey=GARRAFA||; Lab=; Career="
"EquipmentUnit","26681","1 · Catálogos","23","EquipmentKey=CARRITO||; Lab=; Career="
"EquipmentUnit","30784","1 · Catálogos","199","EquipmentKey=LICUADORA|OSTER|; Lab=; Career="
"EquipmentUnit","31123","1 · Catálogos","324","EquipmentKey=VITRINA DE PARED||; Lab=; Career="
"EquipmentUnit","31169","1 · Catálogos","229","EquipmentKey=VITRINA DE PARED||; Lab=; Career="
"EquipmentUnit","33306","1 · Catálogos","138","EquipmentKey=VITRINA DE PARED||; Lab=; Career="
"EquipmentUnit","33308","1 · Catálogos","243","EquipmentKey=LICUADORA|OSTER|; Lab=; Career="
"EquipmentUnit","33650","1 · Catálogos","436","EquipmentKey=ESCRITORIO DE MADERA||; Lab=; Career="
"EquipmentUnit","33651","1 · Catálogos","431","EquipmentKey=ESCRITORIO DE MADERA||; Lab=; Career="
"EquipmentUnit","33706","1 · Catálogos","14","EquipmentKey=EXTRACTOR DE AIRE|LOREN SID|; Lab=; Career="
"EquipmentUnit","33956","1 · Catálogos","546","EquipmentKey=MESA DE MADERA||; Lab=; Career="
"EquipmentUnit","33957","1 · Catálogos","552","EquipmentKey=SILLA DE MADERA FIJA TAPIZ TELA||; Lab=; Career="
"EquipmentUnit","33958","1 · Catálogos","553","EquipmentKey=SILLA DE MADERA FIJA TAPIZ TELA||; Lab=; Career="
"EquipmentUnit","33959","1 · Catálogos","554","EquipmentKey=SILLA DE MADERA FIJA TAPIZ TELA||; Lab=; Career="
"EquipmentUnit","33960","1 · Catálogos","555","EquipmentKey=SILLA DE MADERA FIJA TAPIZ TELA||; Lab=; Career="
"EquipmentUnit","33962","1 · Catálogos","556","EquipmentKey=SILLA DE MADERA FIJA TAPIZ TELA||; Lab=; Career="
"EquipmentUnit","34046","1 · Catálogos","93","EquipmentKey=MESON DE METAL|WILDA|; Lab=; Career="
"EquipmentUnit","34047","1 · Catálogos","94","EquipmentKey=MESON DE METAL|WILDA|; Lab=; Career="
"EquipmentUnit","34073","1 · Catálogos","99","EquipmentKey=LAVAPLATOS DE ACERO INOXIDABLE|WILDA|; Lab=; Career="
"EquipmentUnit","34075","1 · Catálogos","95","EquipmentKey=MESON DE METAL|WILDA|; Lab=; Career="
"EquipmentUnit","34076","1 · Catálogos","96","EquipmentKey=MESON DE METAL|WILDA|; Lab=; Career="
"EquipmentUnit","34077","1 · Catálogos","97","EquipmentKey=MESON DE METAL|WILDA|; Lab=; Career="
"EquipmentUnit","34161","1 · Catálogos","68","EquipmentKey=TELEVISOR LCD|SONY|KDL-40BX455; Lab=; Career="
"EquipmentUnit","34162","1 · Catálogos","58","EquipmentKey=TELEVISOR LCD|SONY|KDL-40BX455; Lab=; Career="
"EquipmentUnit","34164","1 · Catálogos","59","EquipmentKey=TELEVISOR LCD|SONY|KDL-40BX455; Lab=; Career="
"EquipmentUnit","34165","1 · Catálogos","488","EquipmentKey=TELEVISOR LCD|SONY|KDL-40BX455; Lab=; Career="
"EquipmentUnit","34166","1 · Catálogos","502","EquipmentKey=CASILLERO METALICO||; Lab=; Career="
"EquipmentUnit","34167","1 · Catálogos","503","EquipmentKey=CASILLERO METALICO||; Lab=; Career="
"EquipmentUnit","34168","1 · Catálogos","504","EquipmentKey=CASILLERO METALICO||; Lab=; Career="
"EquipmentUnit","34169","1 · Catálogos","505","EquipmentKey=CASILLERO METALICO||; Lab=; Career="
"EquipmentUnit","34170","1 · Catálogos","506","EquipmentKey=CASILLERO METALICO||; Lab=; Career="
"EquipmentUnit","34171","1 · Catálogos","507","EquipmentKey=CASILLERO METALICO||; Lab=; Career="
"EquipmentUnit","34172","1 · Catálogos","508","EquipmentKey=CASILLERO METALICO||; Lab=; Career="
"EquipmentUnit","34173","1 · Catálogos","509","EquipmentKey=CASILLERO METALICO||; Lab=; Career="
"EquipmentUnit","34174","1 · Catálogos","510","EquipmentKey=CASILLERO METALICO||; Lab=; Career="
"EquipmentUnit","34175","1 · Catálogos","511","EquipmentKey=CASILLERO METALICO||; Lab=; Career="
"EquipmentUnit","34178","1 · Catálogos","208","EquipmentKey=EXTINTOR|MMB CILINDERS|FNC 10; Lab=; Career="
"EquipmentUnit","34179","1 · Catálogos","112","EquipmentKey=COCINA INDUSTRIAL|WILDA|AISI304L 2B; Lab=H-1; Career=Gastronomía"
"EquipmentUnit","34180","1 · Catálogos","113","EquipmentKey=COCINA INDUSTRIAL|WILDA|AISI304L 2B; Lab=H-1; Career=Gastronomía"
"EquipmentUnit","34181","1 · Catálogos","114","EquipmentKey=COCINA INDUSTRIAL|WILDA|AISI304L 2B; Lab=; Career="
"EquipmentUnit","34183","1 · Catálogos","115","EquipmentKey=COCINA INDUSTRIAL|WILDA|AISI304L 2B; Lab=; Career="
"EquipmentUnit","34184","1 · Catálogos","116","EquipmentKey=COCINA INDUSTRIAL|WILDA|AISI304L 2B; Lab=; Career="
"EquipmentUnit","34185","1 · Catálogos","484","EquipmentKey=COCINA INDUSTRIAL|WILDA|AISI304L 2B; Lab=; Career="
"EquipmentUnit","34186","1 · Catálogos","160","EquipmentKey=COCINA INDUSTRIAL|WILDA|AISI304L 2B; Lab=; Career="
"EquipmentUnit","34187","1 · Catálogos","161","EquipmentKey=COCINA INDUSTRIAL|WILDA|AISI304L 2B; Lab=; Career="
"EquipmentUnit","34188","1 · Catálogos","86","EquipmentKey=MESA METALICA|WILDA|; Lab=; Career="
"EquipmentUnit","34189","1 · Catálogos","87","EquipmentKey=MESA METALICA|WILDA|; Lab=; Career="
"EquipmentUnit","34190","1 · Catálogos","88","EquipmentKey=MESA METALICA|WILDA|; Lab=; Career="
"EquipmentUnit","34191","1 · Catálogos","89","EquipmentKey=MESA METALICA|WILDA|; Lab=; Career="
"EquipmentUnit","34192","1 · Catálogos","90","EquipmentKey=MESA METALICA|WILDA|; Lab=; Career="
"EquipmentUnit","34193","1 · Catálogos","91","EquipmentKey=MESA METALICA||; Lab=; Career="
"EquipmentUnit","34245","1 · Catálogos","43","EquipmentKey=MESON ROBUSTO|WILDA|A155 304L2B; Lab=; Career="
"EquipmentUnit","34246","1 · Catálogos","56","EquipmentKey=MESON ROBUSTO|WILDA|A155 304L2B; Lab=; Career="
"EquipmentUnit","34247","1 · Catálogos","155","EquipmentKey=HORNO|WILDA|; Lab=; Career="
"EquipmentUnit","34248","1 · Catálogos","198","EquipmentKey=HORNO|WILDA|; Lab=; Career="
"EquipmentUnit","34249","1 · Catálogos","83","EquipmentKey=EXTRACTOR DE HUMOS Y GRASAS|WILDA|; Lab=; Career="
"EquipmentUnit","34250","1 · Catálogos","476","EquipmentKey=LAVAPLATOS DE ACERO INOXIDABLE|WILDA|; Lab=; Career="
"EquipmentUnit","34253","1 · Catálogos","65","EquipmentKey=PIZARRA CON MARCO METALICO ACRILICO||; Lab=; Career="
"EquipmentUnit","34270","1 · Catálogos","15","EquipmentKey=GARRAFA|FANACIM|; Lab=; Career="
"EquipmentUnit","34271","1 · Catálogos","16","EquipmentKey=GARRAFA|FANACIM|; Lab=; Career="
"EquipmentUnit","34272","1 · Catálogos","17","EquipmentKey=GARRAFA|FANACIM|; Lab=; Career="
"EquipmentUnit","34273","1 · Catálogos","18","EquipmentKey=GARRAFA|FANACIM|; Lab=; Career="
"EquipmentUnit","34274","1 · Catálogos","19","EquipmentKey=GARRAFA|FANACIM|; Lab=; Career="
"EquipmentUnit","34292","1 · Catálogos","452","EquipmentKey=CPU DE ESCRITORIO|LENOVO|THINK CENTRE; Lab=; Career="
"EquipmentUnit","34296","1 · Catálogos","61","EquipmentKey=CPU DE ESCRITORIO|LENOVO|THINK CENTRE; Lab=; Career="
"EquipmentUnit","34297","1 · Catálogos","48","EquipmentKey=CPU DE ESCRITORIO|LENOVO|THINK CENTRE; Lab=; Career="
"EquipmentUnit","34309","1 · Catálogos","37","EquipmentKey=CPU DE ESCRITORIO|LENOVO|THINK CENTRE; Lab=; Career="
"EquipmentUnit","34363","1 · Catálogos","109","EquipmentKey=HORNO|WILDA|; Lab=; Career="
"EquipmentUnit","34365","1 · Catálogos","486","EquipmentKey=MESON ROBUSTO|WILDA|; Lab=; Career="
"EquipmentUnit","34371","1 · Catálogos","454","EquipmentKey=MONITOR LCD|LENOVO|2580AB1; Lab=; Career="
"EquipmentUnit","34373","1 · Catálogos","153","EquipmentKey=FERMENTADOR|WILDA|A155 304L2B; Lab=; Career="
"EquipmentUnit","34379","1 · Catálogos","50","EquipmentKey=MONITOR LCD|LENOVO|2580AB1; Lab=; Career="
"EquipmentUnit","34381","1 · Catálogos","63","EquipmentKey=MONITOR LCD|LENOVO|2580AB1; Lab=; Career="
"EquipmentUnit","34386","1 · Catálogos","39","EquipmentKey=MONITOR LCD|LENOVO|2580AB1; Lab=; Career="
"EquipmentUnit","34409","1 · Catálogos","67","EquipmentKey=MESON ROBUSTO|WILDA|A155 304L2B; Lab=; Career="
"EquipmentUnit","34420","1 · Catálogos","146","EquipmentKey=AMASADORA|WILDA|; Lab=; Career="
"EquipmentUnit","34483","1 · Catálogos","453","EquipmentKey=TECLADO|LENOVO|KU-0225; Lab=; Career="
"EquipmentUnit","34491","1 · Catálogos","49","EquipmentKey=TECLADO|LENOVO|KU-0225; Lab=; Career="
"EquipmentUnit","34492","1 · Catálogos","134","EquipmentKey=MESON DE METAL|WILDA|; Lab=; Career="
"EquipmentUnit","34495","1 · Catálogos","135","EquipmentKey=MESON DE METAL|WILDA|; Lab=; Career="
"EquipmentUnit","34500","1 · Catálogos","30","EquipmentKey=TECLADO|LENOVO|KU-0225; Lab=; Career="
"EquipmentUnit","34502","1 · Catálogos","62","EquipmentKey=TECLADO|LENOVO|KU-0225; Lab=; Career="
"EquipmentUnit","34515","1 · Catálogos","156","EquipmentKey=HORNO|WILDA|; Lab=; Career="
"EquipmentUnit","34518","1 · Catálogos","136","EquipmentKey=MESON DE METAL|WILDA|; Lab=; Career="
"EquipmentUnit","34520","1 · Catálogos","157","EquipmentKey=HORNO|WILDA|; Lab=; Career="
"EquipmentUnit","34523","1 · Catálogos","41","EquipmentKey=PIZARRA CON MARCO METALICO ACRILICO||; Lab=; Career="
"EquipmentUnit","34537","1 · Catálogos","52","EquipmentKey=PIZARRA CON MARCO METALICO ACRILICO||; Lab=; Career="
"EquipmentUnit","34564","1 · Catálogos","550","EquipmentKey=PIZARRA CON MARCO METALICO ACRILICO||; Lab=; Career="
"EquipmentUnit","34566","1 · Catálogos","139","EquipmentKey=LAVAPLATOS DE ACERO INOXIDABLE|WILDA|; Lab=; Career="
"EquipmentUnit","34567","1 · Catálogos","140","EquipmentKey=LAVAPLATOS DE ACERO INOXIDABLE|WILDA|; Lab=; Career="
"EquipmentUnit","34568","1 · Catálogos","141","EquipmentKey=LAVAPLATOS DE ACERO INOXIDABLE|WILDA|; Lab=; Career="
"EquipmentUnit","34599","1 · Catálogos","100","EquipmentKey=LAVAPLATOS DE ACERO INOXIDABLE|WILDA|; Lab=; Career="
"EquipmentUnit","34600","1 · Catálogos","101","EquipmentKey=LAVAPLATOS DE ACERO INOXIDABLE|WILDA|; Lab=; Career="
"EquipmentUnit","34601","1 · Catálogos","102","EquipmentKey=LAVAPLATOS DE ACERO INOXIDABLE|WILDA|; Lab=; Career="
"EquipmentUnit","34734","1 · Catálogos","458","EquipmentKey=MUEBLE DE MELAMINA PARA COMPUTADORA||; Lab=; Career="
"EquipmentUnit","34735","1 · Catálogos","40","EquipmentKey=MUEBLE DE MELAMINA PARA COMPUTADORA||; Lab=; Career="
"EquipmentUnit","34736","1 · Catálogos","51","EquipmentKey=MUEBLE DE MELAMINA PARA COMPUTADORA||; Lab=; Career="
"EquipmentUnit","34737","1 · Catálogos","64","EquipmentKey=MUEBLE DE MELAMINA PARA COMPUTADORA||; Lab=; Career="
"EquipmentUnit","34738","1 · Catálogos","84","EquipmentKey=EXTRACTOR DE HUMOS Y GRASAS|WILDA|; Lab=; Career="
"EquipmentUnit","34739","1 · Catálogos","85","EquipmentKey=EXTRACTOR DE HUMOS Y GRASAS|WILDA|; Lab=; Career="
"EquipmentUnit","34740","1 · Catálogos","172","EquipmentKey=EXTRACTOR DE HUMOS Y GRASAS|WILDA|; Lab=; Career="
"EquipmentUnit","34741","1 · Catálogos","137","EquipmentKey=MESON DE METAL||; Lab=; Career="
"EquipmentUnit","34742","1 · Catálogos","54","EquipmentKey=BACHA DE LAVADO||; Lab=; Career="
"EquipmentUnit","34743","1 · Catálogos","103","EquipmentKey=LAVAPLATOS DE ACERO INOXIDABLE|WILDA|; Lab=; Career="
"EquipmentUnit","34744","1 · Catálogos","106","EquipmentKey=CAMPANA DE EXTRACCION||; Lab=H-1; Career=Gastronomía"
"EquipmentUnit","34745","1 · Catálogos","107","EquipmentKey=CAMPANA DE EXTRACCION||; Lab=; Career="
"EquipmentUnit","34746","1 · Catálogos","108","EquipmentKey=CAMPANA DE EXTRACCION||; Lab=; Career="
"EquipmentUnit","34747","1 · Catálogos","42","EquipmentKey=CAMPANA DE EXTRACCION||; Lab=; Career="
"EquipmentUnit","34748","1 · Catálogos","55","EquipmentKey=CAMPANA DE EXTRACCION||; Lab=; Career="
"EquipmentUnit","34749","1 · Catálogos","154","EquipmentKey=CAMPANA DE EXTRACCION||; Lab=; Career="
"EquipmentUnit","34814","1 · Catálogos","256","EquipmentKey=EXTINTOR|CYLINDERS|; Lab=; Career="
"EquipmentUnit","34815","1 · Catálogos","117","EquipmentKey=EXTINTOR|MMB CYLINDERS|; Lab=; Career="
"EquipmentUnit","34816","1 · Catálogos","44","EquipmentKey=EXTINTOR|MMB CYLINDERS|; Lab=; Career="
"EquipmentUnit","34817","1 · Catálogos","162","EquipmentKey=EXTINTOR|MMB CYLINDERS|; Lab=; Career="
"EquipmentUnit","35075","1 · Catálogos","289","EquipmentKey=LICUADORA|OSTER|; Lab=; Career="
"EquipmentUnit","35196","1 · Catálogos","543","EquipmentKey=CASILLERO METALICO||; Lab=; Career="
"EquipmentUnit","35197","1 · Catálogos","544","EquipmentKey=CASILLERO METALICO||; Lab=; Career="
"EquipmentUnit","35394","1 · Catálogos","147","EquipmentKey=BATIDORA|OSTER|; Lab=; Career="
"EquipmentUnit","35395","1 · Catálogos","485","EquipmentKey=COCINA INDUSTRIAL|WILDA|; Lab=; Career="
"EquipmentUnit","35396","1 · Catálogos","478","EquipmentKey=CAMPANA DE EXTRACCION|WILDA|; Lab=; Career="
"EquipmentUnit","35411","1 · Catálogos","182","EquipmentKey=MESON DE METAL|WILDA|; Lab=; Career="
"EquipmentUnit","35412","1 · Catálogos","183","EquipmentKey=MESON DE METAL|WILDA|; Lab=; Career="
"EquipmentUnit","35413","1 · Catálogos","184","EquipmentKey=MESON DE METAL|WILDA|; Lab=; Career="
"EquipmentUnit","35414","1 · Catálogos","185","EquipmentKey=MESON DE METAL|WILDA|; Lab=; Career="
"EquipmentUnit","35415","1 · Catálogos","186","EquipmentKey=MESON DE METAL|WILDA|; Lab=; Career="
"EquipmentUnit","35416","1 · Catálogos","187","EquipmentKey=MESON DE METAL|WILDA|; Lab=; Career="
"EquipmentUnit","35417","1 · Catálogos","175","EquipmentKey=MESA METALICA|WILDA|; Lab=; Career="
"EquipmentUnit","35418","1 · Catálogos","176","EquipmentKey=MESA METALICA|WILDA|; Lab=; Career="
"EquipmentUnit","35419","1 · Catálogos","177","EquipmentKey=MESA METALICA|WILDA|; Lab=; Career="
"EquipmentUnit","35420","1 · Catálogos","178","EquipmentKey=MESA METALICA|WILDA|; Lab=; Career="
"EquipmentUnit","35421","1 · Catálogos","179","EquipmentKey=MESA METALICA|WILDA|; Lab=; Career="
"EquipmentUnit","35422","1 · Catálogos","180","EquipmentKey=MESA METALICA|WILDA|; Lab=; Career="
"EquipmentUnit","35423","1 · Catálogos","210","EquipmentKey=FREIDORA|WILDA|; Lab=; Career="
"EquipmentUnit","35424","1 · Catálogos","189","EquipmentKey=LAVAPLATOS DE ACERO INOXIDABLE|WILDA|; Lab=; Career="
"EquipmentUnit","35425","1 · Catálogos","190","EquipmentKey=LAVAPLATOS DE ACERO INOXIDABLE|WILDA|; Lab=; Career="
"EquipmentUnit","35426","1 · Catálogos","191","EquipmentKey=LAVAPLATOS DE ACERO INOXIDABLE|WILDA|; Lab=; Career="
"EquipmentUnit","35427","1 · Catálogos","192","EquipmentKey=LAVAPLATOS DE ACERO INOXIDABLE|WILDA|; Lab=; Career="
"EquipmentUnit","35428","1 · Catálogos","202","EquipmentKey=COCINA INDUSTRIAL|WILDA|; Lab=; Career="
"EquipmentUnit","35429","1 · Catálogos","203","EquipmentKey=COCINA INDUSTRIAL|WILDA|; Lab=; Career="
"EquipmentUnit","35430","1 · Catálogos","204","EquipmentKey=COCINA INDUSTRIAL|WILDA|; Lab=; Career="
"EquipmentUnit","35431","1 · Catálogos","205","EquipmentKey=COCINA INDUSTRIAL|WILDA|; Lab=; Career="
"EquipmentUnit","35432","1 · Catálogos","206","EquipmentKey=COCINA INDUSTRIAL|WILDA|; Lab=; Career="
"EquipmentUnit","35433","1 · Catálogos","207","EquipmentKey=COCINA INDUSTRIAL|WILDA|; Lab=; Career="
"EquipmentUnit","35434","1 · Catálogos","195","EquipmentKey=CAMPANA DE EXTRACCION|WILDA|; Lab=; Career="
"EquipmentUnit","35435","1 · Catálogos","196","EquipmentKey=CAMPANA DE EXTRACCION|WILDA|; Lab=; Career="
"EquipmentUnit","35436","1 · Catálogos","197","EquipmentKey=CAMPANA DE EXTRACCION|WILDA|; Lab=; Career="
"EquipmentUnit","35437","1 · Catálogos","173","EquipmentKey=EXTRACTOR DE HUMOS Y GRASAS|WILDA|; Lab=; Career="
"EquipmentUnit","35438","1 · Catálogos","174","EquipmentKey=EXTRACTOR DE HUMOS Y GRASAS|WILDA|; Lab=; Career="
"EquipmentUnit","35528","1 · Catálogos","22","EquipmentKey=TERMO TANQUE|A6|27284; Lab=CIRCULACION; Career=Gastronomía"
"EquipmentUnit","35542","1 · Catálogos","512","EquipmentKey=CASILLERO METALICO||; Lab=; Career="
"EquipmentUnit","35543","1 · Catálogos","513","EquipmentKey=CASILLERO METALICO||; Lab=; Career="
"EquipmentUnit","35544","1 · Catálogos","514","EquipmentKey=CASILLERO METALICO||; Lab=; Career="
"EquipmentUnit","35545","1 · Catálogos","515","EquipmentKey=CASILLERO METALICO||; Lab=; Career="
"EquipmentUnit","35546","1 · Catálogos","516","EquipmentKey=CASILLERO METALICO||; Lab=; Career="
"EquipmentUnit","35733","1 · Catálogos","60","EquipmentKey=CAMARA DE VIDEO|HIKVISION|DS2CC5192N-IR1; Lab=; Career="
"EquipmentUnit","36052","1 · Catálogos","517","EquipmentKey=CASILLERO METALICO||; Lab=; Career="
"EquipmentUnit","36053","1 · Catálogos","518","EquipmentKey=CASILLERO METALICO||; Lab=; Career="
"EquipmentUnit","36054","1 · Catálogos","519","EquipmentKey=CASILLERO METALICO||; Lab=; Career="
"EquipmentUnit","36055","1 · Catálogos","520","EquipmentKey=CASILLERO METALICO||; Lab=; Career="
"EquipmentUnit","36056","1 · Catálogos","521","EquipmentKey=CASILLERO METALICO||; Lab=; Career="
"EquipmentUnit","36264","1 · Catálogos","29","EquipmentKey=ALL IN ONE|LENOVO|10BB-A0C900; Lab=; Career="
"EquipmentUnit","36600","1 · Catálogos","57","EquipmentKey=EXTINTOR|FANACIM|; Lab=; Career="
"EquipmentUnit","36601","1 · Catálogos","303","EquipmentKey=EXTINTOR|FANACIM|; Lab=; Career="
"EquipmentUnit","36602","1 · Catálogos","351","EquipmentKey=EXTINTOR|FANACIM|; Lab=; Career="
"EquipmentUnit","36604","1 · Catálogos","369","EquipmentKey=TELEVISOR LED|LG|50LN5400; Lab=; Career="
"EquipmentUnit","36605","1 · Catálogos","76","EquipmentKey=TELEVISOR LED|LG|50LN5400; Lab=; Career="
"EquipmentUnit","36606","1 · Catálogos","82","EquipmentKey=TELEVISOR LED|LG|50LN5400; Lab=; Career="
"EquipmentUnit","36607","1 · Catálogos","446","EquipmentKey=PIZARRA CON MARCO METALICO ACRILICO||; Lab=; Career="
"EquipmentUnit","36608","1 · Catálogos","459","EquipmentKey=PIZARRA CON MARCO METALICO ACRILICO||; Lab=; Career="
"EquipmentUnit","36609","1 · Catálogos","384","EquipmentKey=PIZARRA CON MARCO METALICO ACRILICO||; Lab=; Career="
"EquipmentUnit","36689","1 · Catálogos","70","EquipmentKey=ROUTER|VIEW SONIC|WPG-370; Lab=; Career="
"EquipmentUnit","36736","1 · Catálogos","378","EquipmentKey=MESA DE MADERA||; Lab=; Career="
"EquipmentUnit","36737","1 · Catálogos","379","EquipmentKey=MESA DE MADERA||; Lab=; Career="
"EquipmentUnit","36738","1 · Catálogos","380","EquipmentKey=MESA DE MADERA||; Lab=; Career="
"EquipmentUnit","36739","1 · Catálogos","381","EquipmentKey=MESA DE MADERA||; Lab=; Career="
"EquipmentUnit","36740","1 · Catálogos","382","EquipmentKey=MESA DE MADERA||; Lab=; Career="
"EquipmentUnit","36741","1 · Catálogos","383","EquipmentKey=MESA DE MADERA||; Lab=; Career="
"EquipmentUnit","36742","1 · Catálogos","385","EquipmentKey=SILLA DE MADERA FIJA||; Lab=; Career="
"EquipmentUnit","36743","1 · Catálogos","386","EquipmentKey=SILLA DE MADERA FIJA||; Lab=; Career="
"EquipmentUnit","36744","1 · Catálogos","387","EquipmentKey=SILLA DE MADERA FIJA||; Lab=; Career="
"EquipmentUnit","36745","1 · Catálogos","388","EquipmentKey=SILLA DE MADERA FIJA||; Lab=; Career="
"EquipmentUnit","36746","1 · Catálogos","389","EquipmentKey=SILLA DE MADERA FIJA||; Lab=; Career="
"EquipmentUnit","36747","1 · Catálogos","390","EquipmentKey=SILLA DE MADERA FIJA||; Lab=; Career="
"EquipmentUnit","36748","1 · Catálogos","391","EquipmentKey=SILLA DE MADERA FIJA||; Lab=; Career="
"EquipmentUnit","36749","1 · Catálogos","392","EquipmentKey=SILLA DE MADERA FIJA||; Lab=; Career="
"EquipmentUnit","36750","1 · Catálogos","393","EquipmentKey=SILLA DE MADERA FIJA||; Lab=; Career="
"EquipmentUnit","36751","1 · Catálogos","394","EquipmentKey=SILLA DE MADERA FIJA||; Lab=; Career="
"EquipmentUnit","36752","1 · Catálogos","395","EquipmentKey=SILLA DE MADERA FIJA||; Lab=; Career="
"EquipmentUnit","36753","1 · Catálogos","396","EquipmentKey=SILLA DE MADERA FIJA||; Lab=; Career="
"EquipmentUnit","36754","1 · Catálogos","397","EquipmentKey=SILLA DE MADERA FIJA||; Lab=; Career="
"EquipmentUnit","36755","1 · Catálogos","398","EquipmentKey=SILLA DE MADERA FIJA||; Lab=; Career="
"EquipmentUnit","36756","1 · Catálogos","399","EquipmentKey=SILLA DE MADERA FIJA||; Lab=; Career="
"EquipmentUnit","36757","1 · Catálogos","400","EquipmentKey=SILLA DE MADERA FIJA||; Lab=; Career="
"EquipmentUnit","36758","1 · Catálogos","401","EquipmentKey=SILLA DE MADERA FIJA||; Lab=; Career="
"EquipmentUnit","36759","1 · Catálogos","402","EquipmentKey=SILLA DE MADERA FIJA||; Lab=; Career="
"EquipmentUnit","36760","1 · Catálogos","403","EquipmentKey=SILLA DE MADERA FIJA||; Lab=; Career="
"EquipmentUnit","36761","1 · Catálogos","404","EquipmentKey=SILLA DE MADERA FIJA||; Lab=; Career="
"EquipmentUnit","36762","1 · Catálogos","405","EquipmentKey=SILLA DE MADERA FIJA||; Lab=; Career="
"EquipmentUnit","36763","1 · Catálogos","406","EquipmentKey=SILLA DE MADERA FIJA||; Lab=; Career="
"EquipmentUnit","36764","1 · Catálogos","407","EquipmentKey=SILLA DE MADERA FIJA||; Lab=; Career="
"EquipmentUnit","36765","1 · Catálogos","408","EquipmentKey=SILLA DE MADERA FIJA||; Lab=; Career="
"EquipmentUnit","36766","1 · Catálogos","409","EquipmentKey=SILLA DE MADERA FIJA||; Lab=; Career="
"EquipmentUnit","36767","1 · Catálogos","410","EquipmentKey=SILLA DE MADERA FIJA||; Lab=; Career="
"EquipmentUnit","36768","1 · Catálogos","411","EquipmentKey=SILLA DE MADERA FIJA||; Lab=; Career="
"EquipmentUnit","36769","1 · Catálogos","412","EquipmentKey=SILLA DE MADERA FIJA||; Lab=; Career="
"EquipmentUnit","36770","1 · Catálogos","413","EquipmentKey=SILLA DE MADERA FIJA||; Lab=; Career="
"EquipmentUnit","36771","1 · Catálogos","414","EquipmentKey=SILLA DE MADERA FIJA||; Lab=; Career="
"EquipmentUnit","36772","1 · Catálogos","415","EquipmentKey=SILLA DE MADERA FIJA||; Lab=; Career="
"EquipmentUnit","36773","1 · Catálogos","416","EquipmentKey=SILLA DE MADERA FIJA||; Lab=; Career="
"EquipmentUnit","36774","1 · Catálogos","417","EquipmentKey=SILLA DE MADERA FIJA||; Lab=; Career="
"EquipmentUnit","36775","1 · Catálogos","418","EquipmentKey=SILLA DE MADERA FIJA||; Lab=; Career="
"EquipmentUnit","36776","1 · Catálogos","419","EquipmentKey=SILLA DE MADERA FIJA||; Lab=; Career="
"EquipmentUnit","36777","1 · Catálogos","420","EquipmentKey=SILLA DE MADERA FIJA||; Lab=; Career="
"EquipmentUnit","36778","1 · Catálogos","421","EquipmentKey=SILLA DE MADERA FIJA||; Lab=; Career="
"EquipmentUnit","36779","1 · Catálogos","447","EquipmentKey=SILLA DE MADERA FIJA||; Lab=; Career="
"EquipmentUnit","36780","1 · Catálogos","448","EquipmentKey=SILLA DE MADERA FIJA||; Lab=; Career="
"EquipmentUnit","36781","1 · Catálogos","449","EquipmentKey=SILLA DE MADERA FIJA||; Lab=; Career="
"EquipmentUnit","37019","1 · Catálogos","364","EquipmentKey=PIZARRA CON MARCO METALICO ACRILICO||; Lab=; Career="
"EquipmentUnit","37021","1 · Catálogos","79","EquipmentKey=PIZARRA CON MARCO METALICO ACRILICO||; Lab=; Career="
"EquipmentUnit","37041","1 · Catálogos","33","EquipmentKey=SILLA METALICA FIJA TAPIZ TELA||; Lab=; Career="
"EquipmentUnit","37059","1 · Catálogos","75","EquipmentKey=CAMARA DE VIDEO|HIKVISION|DS-2CEE55A2N-IRN; Lab=; Career="
"EquipmentUnit","37060","1 · Catálogos","489","EquipmentKey=CAMARA DE VIDEO|HIKVISION|DS-2CEE55A2N-IRN; Lab=; Career="
"EquipmentUnit","37061","1 · Catálogos","368","EquipmentKey=CAMARA DE VIDEO|HIKVISION|DS-2CEE55A2N-IRN; Lab=; Career="
"EquipmentUnit","37070","1 · Catálogos","493","EquipmentKey=ALL IN ONE|LENOVO|THINK CENTRE M73Z; Lab=; Career="
"EquipmentUnit","37077","1 · Catálogos","494","EquipmentKey=TECLADO|LENOVO|SK - 8825; Lab=; Career="
"EquipmentUnit","37203","1 · Catálogos","77","EquipmentKey=ROUTER|VIEW SONIC|WPG-370; Lab=; Career="
"EquipmentUnit","37204","1 · Catálogos","341","EquipmentKey=COCINA INDUSTRIAL|WILDA|; Lab=; Career="
"EquipmentUnit","37205","1 · Catálogos","342","EquipmentKey=COCINA INDUSTRIAL|WILDA|; Lab=; Career="
"EquipmentUnit","37206","1 · Catálogos","343","EquipmentKey=COCINA INDUSTRIAL|WILDA|; Lab=; Career="
"EquipmentUnit","37207","1 · Catálogos","344","EquipmentKey=COCINA INDUSTRIAL|WILDA|; Lab=; Career="
"EquipmentUnit","37208","1 · Catálogos","345","EquipmentKey=COCINA INDUSTRIAL|WILDA|; Lab=; Career="
"EquipmentUnit","37209","1 · Catálogos","346","EquipmentKey=COCINA INDUSTRIAL|WILDA|; Lab=; Career="
"EquipmentUnit","37210","1 · Catálogos","292","EquipmentKey=COCINA INDUSTRIAL|WILDA|; Lab=; Career="
"EquipmentUnit","37211","1 · Catálogos","293","EquipmentKey=COCINA INDUSTRIAL|WILDA|; Lab=; Career="
"EquipmentUnit","37212","1 · Catálogos","294","EquipmentKey=COCINA INDUSTRIAL|WILDA|; Lab=; Career="
"EquipmentUnit","37213","1 · Catálogos","295","EquipmentKey=COCINA INDUSTRIAL|WILDA|; Lab=; Career="
"EquipmentUnit","37214","1 · Catálogos","296","EquipmentKey=COCINA INDUSTRIAL|WILDA|; Lab=; Career="
"EquipmentUnit","37215","1 · Catálogos","297","EquipmentKey=COCINA INDUSTRIAL|WILDA|; Lab=; Career="
"EquipmentUnit","37216","1 · Catálogos","246","EquipmentKey=COCINA INDUSTRIAL|WILDA|; Lab=; Career="
"EquipmentUnit","37217","1 · Catálogos","247","EquipmentKey=COCINA INDUSTRIAL|WILDA|; Lab=; Career="
"EquipmentUnit","37218","1 · Catálogos","248","EquipmentKey=COCINA INDUSTRIAL|WILDA|; Lab=; Career="
"EquipmentUnit","37219","1 · Catálogos","249","EquipmentKey=COCINA INDUSTRIAL|WILDA|; Lab=; Career="
"EquipmentUnit","37220","1 · Catálogos","250","EquipmentKey=COCINA INDUSTRIAL|WILDA|; Lab=; Career="
"EquipmentUnit","37221","1 · Catálogos","251","EquipmentKey=COCINA INDUSTRIAL|WILDA|; Lab=; Career="
"EquipmentUnit","37222","1 · Catálogos","325","EquipmentKey=LAVAPLATOS DE ACERO INOXIDABLE||; Lab=; Career="
"EquipmentUnit","37223","1 · Catálogos","326","EquipmentKey=LAVAPLATOS DE ACERO INOXIDABLE||; Lab=; Career="
"EquipmentUnit","37224","1 · Catálogos","327","EquipmentKey=LAVAPLATOS DE ACERO INOXIDABLE||; Lab=; Career="
"EquipmentUnit","37225","1 · Catálogos","328","EquipmentKey=LAVAPLATOS DE ACERO INOXIDABLE||; Lab=; Career="
"EquipmentUnit","37226","1 · Catálogos","329","EquipmentKey=LAVAPLATOS DE ACERO INOXIDABLE||; Lab=; Career="
"EquipmentUnit","37227","1 · Catálogos","277","EquipmentKey=LAVAPLATOS DE ACERO INOXIDABLE||; Lab=; Career="
"EquipmentUnit","37228","1 · Catálogos","278","EquipmentKey=LAVAPLATOS DE ACERO INOXIDABLE||; Lab=; Career="
"EquipmentUnit","37229","1 · Catálogos","279","EquipmentKey=LAVAPLATOS DE ACERO INOXIDABLE||; Lab=; Career="
"EquipmentUnit","37230","1 · Catálogos","280","EquipmentKey=LAVAPLATOS DE ACERO INOXIDABLE||; Lab=; Career="
"EquipmentUnit","37231","1 · Catálogos","281","EquipmentKey=LAVAPLATOS DE ACERO INOXIDABLE||; Lab=; Career="
"EquipmentUnit","37232","1 · Catálogos","230","EquipmentKey=LAVAPLATOS DE ACERO INOXIDABLE||; Lab=; Career="
"EquipmentUnit","37233","1 · Catálogos","231","EquipmentKey=LAVAPLATOS DE ACERO INOXIDABLE||; Lab=; Career="
"EquipmentUnit","37234","1 · Catálogos","232","EquipmentKey=LAVAPLATOS DE ACERO INOXIDABLE||; Lab=; Career="
"EquipmentUnit","37235","1 · Catálogos","233","EquipmentKey=LAVAPLATOS DE ACERO INOXIDABLE||; Lab=; Career="
"EquipmentUnit","37236","1 · Catálogos","234","EquipmentKey=LAVAPLATOS DE ACERO INOXIDABLE||; Lab=; Career="
"EquipmentUnit","37237","1 · Catálogos","347","EquipmentKey=MESON ROBUSTO||; Lab=; Career="
"EquipmentUnit","37238","1 · Catálogos","348","EquipmentKey=MESON ROBUSTO||; Lab=; Career="
"EquipmentUnit","37239","1 · Catálogos","349","EquipmentKey=MESON ROBUSTO||; Lab=; Career="
"EquipmentUnit","37240","1 · Catálogos","350","EquipmentKey=MESON ROBUSTO||; Lab=; Career="
"EquipmentUnit","37241","1 · Catálogos","298","EquipmentKey=MESON ROBUSTO||; Lab=; Career="
"EquipmentUnit","37242","1 · Catálogos","299","EquipmentKey=MESON ROBUSTO||; Lab=; Career="
"EquipmentUnit","37243","1 · Catálogos","300","EquipmentKey=MESON ROBUSTO||; Lab=; Career="
"EquipmentUnit","37244","1 · Catálogos","301","EquipmentKey=MESON ROBUSTO||; Lab=; Career="
"EquipmentUnit","37245","1 · Catálogos","252","EquipmentKey=MESON ROBUSTO||; Lab=; Career="
"EquipmentUnit","37246","1 · Catálogos","253","EquipmentKey=MESON ROBUSTO||; Lab=; Career="
"EquipmentUnit","37247","1 · Catálogos","254","EquipmentKey=MESON ROBUSTO||; Lab=; Career="
"EquipmentUnit","37248","1 · Catálogos","255","EquipmentKey=MESON ROBUSTO||; Lab=; Career="
"EquipmentUnit","37249","1 · Catálogos","337","EquipmentKey=HORNO|WILDA|; Lab=; Career="
"EquipmentUnit","37250","1 · Catálogos","288","EquipmentKey=HORNO|WILDA|; Lab=; Career="
"EquipmentUnit","37251","1 · Catálogos","242","EquipmentKey=HORNO|WILDA|; Lab=; Career="
"EquipmentUnit","37252","1 · Catálogos","282","EquipmentKey=REPISA DE ACERO INOXIDABLE||; Lab=; Career="
"EquipmentUnit","37253","1 · Catálogos","283","EquipmentKey=REPISA DE ACERO INOXIDABLE||; Lab=; Career="
"EquipmentUnit","37254","1 · Catálogos","284","EquipmentKey=REPISA DE ACERO INOXIDABLE||; Lab=; Career="
"EquipmentUnit","37255","1 · Catálogos","285","EquipmentKey=REPISA DE ACERO INOXIDABLE||; Lab=; Career="
"EquipmentUnit","37256","1 · Catálogos","239","EquipmentKey=CAMPANA DE EXTRACCION|WILDA|; Lab=; Career="
"EquipmentUnit","37257","1 · Catálogos","240","EquipmentKey=CAMPANA DE EXTRACCION|WILDA|; Lab=; Career="
"EquipmentUnit","37258","1 · Catálogos","241","EquipmentKey=CAMPANA DE EXTRACCION|WILDA|; Lab=; Career="
"EquipmentUnit","37259","1 · Catálogos","335","EquipmentKey=CAMPANA DE EXTRACCION|WILDA|; Lab=; Career="
"EquipmentUnit","37260","1 · Catálogos","336","EquipmentKey=CAMPANA DE EXTRACCION|WILDA|; Lab=; Career="
"EquipmentUnit","37261","1 · Catálogos","286","EquipmentKey=CAMPANA DE EXTRACCION|WILDA|; Lab=; Career="
"EquipmentUnit","37262","1 · Catálogos","287","EquipmentKey=CAMPANA DE EXTRACCION|WILDA|; Lab=; Career="
"EquipmentUnit","37263","1 · Catálogos","73","EquipmentKey=CAMPANA DE EXTRACCION||; Lab=; Career="
"EquipmentUnit","37265","1 · Catálogos","366","EquipmentKey=CAMPANA DE EXTRACCION|WILDA|; Lab=; Career="
"EquipmentUnit","37266","1 · Catálogos","6","EquipmentKey=EXTRACTOR DE HUMOS Y GRASAS||; Lab=; Career="
"EquipmentUnit","37267","1 · Catálogos","7","EquipmentKey=EXTRACTOR DE HUMOS Y GRASAS||; Lab=; Career="
"EquipmentUnit","37268","1 · Catálogos","8","EquipmentKey=EXTRACTOR DE HUMOS Y GRASAS||; Lab=; Career="
"EquipmentUnit","37269","1 · Catálogos","9","EquipmentKey=EXTRACTOR DE HUMOS Y GRASAS||; Lab=; Career="
"EquipmentUnit","37270","1 · Catálogos","10","EquipmentKey=EXTRACTOR DE HUMOS Y GRASAS||; Lab=; Career="
"EquipmentUnit","37271","1 · Catálogos","11","EquipmentKey=EXTRACTOR DE HUMOS Y GRASAS||; Lab=; Career="
"EquipmentUnit","37272","1 · Catálogos","12","EquipmentKey=EXTRACTOR DE HUMOS Y GRASAS||; Lab=; Career="
"EquipmentUnit","37273","1 · Catálogos","13","EquipmentKey=EXTRACTOR DE HUMOS Y GRASAS||; Lab=; Career="
"EquipmentUnit","37274","1 · Catálogos","317","EquipmentKey=MESA METALICA|WILDA|; Lab=; Career="
"EquipmentUnit","37275","1 · Catálogos","318","EquipmentKey=MESA METALICA|WILDA|; Lab=; Career="
"EquipmentUnit","37276","1 · Catálogos","319","EquipmentKey=MESA METALICA|WILDA|; Lab=; Career="
"EquipmentUnit","37277","1 · Catálogos","320","EquipmentKey=MESA METALICA|WILDA|; Lab=; Career="
"EquipmentUnit","37278","1 · Catálogos","321","EquipmentKey=MESA METALICA|WILDA|; Lab=; Career="
"EquipmentUnit","37279","1 · Catálogos","322","EquipmentKey=MESA METALICA|WILDA|; Lab=; Career="
"EquipmentUnit","37280","1 · Catálogos","269","EquipmentKey=MESA METALICA|WILDA|; Lab=; Career="
"EquipmentUnit","37281","1 · Catálogos","270","EquipmentKey=MESA METALICA|WILDA|; Lab=; Career="
"EquipmentUnit","37282","1 · Catálogos","271","EquipmentKey=MESA METALICA|WILDA|; Lab=; Career="
"EquipmentUnit","37283","1 · Catálogos","272","EquipmentKey=MESA METALICA|WILDA|; Lab=; Career="
"EquipmentUnit","37284","1 · Catálogos","273","EquipmentKey=MESA METALICA|WILDA|; Lab=; Career="
"EquipmentUnit","37285","1 · Catálogos","274","EquipmentKey=MESA METALICA|WILDA|; Lab=; Career="
"EquipmentUnit","37286","1 · Catálogos","222","EquipmentKey=MESA METALICA|WILDA|; Lab=; Career="
"EquipmentUnit","37287","1 · Catálogos","223","EquipmentKey=MESA METALICA|WILDA|; Lab=; Career="
"EquipmentUnit","37288","1 · Catálogos","224","EquipmentKey=MESA METALICA|WILDA|; Lab=; Career="
"EquipmentUnit","37289","1 · Catálogos","225","EquipmentKey=MESA METALICA|WILDA|; Lab=; Career="
"EquipmentUnit","37290","1 · Catálogos","226","EquipmentKey=MESA METALICA|WILDA|; Lab=; Career="
"EquipmentUnit","37291","1 · Catálogos","227","EquipmentKey=MESA METALICA|WILDA|; Lab=; Career="
"EquipmentUnit","37292","1 · Catálogos","72","EquipmentKey=LAVAPLATOS DE ACERO INOXIDABLE||; Lab=; Career="
"EquipmentUnit","37293","1 · Catálogos","81","EquipmentKey=BACHA DE LAVADO||; Lab=; Career="
"EquipmentUnit","37294","1 · Catálogos","365","EquipmentKey=LAVAPLATOS DE ACERO INOXIDABLE||; Lab=; Career="
"EquipmentUnit","37295","1 · Catálogos","330","EquipmentKey=REPISA DE ACERO INOXIDABLE||; Lab=; Career="
"EquipmentUnit","37296","1 · Catálogos","331","EquipmentKey=REPISA DE ACERO INOXIDABLE||; Lab=; Career="
"EquipmentUnit","37297","1 · Catálogos","74","EquipmentKey=MESON ROBUSTO||; Lab=; Career="
"EquipmentUnit","37299","1 · Catálogos","367","EquipmentKey=MESON ROBUSTO||; Lab=; Career="
"EquipmentUnit","37300","1 · Catálogos","477","EquipmentKey=CAMARA CONSERVADORA|ASBER|ARR-43; Lab=; Career="
"EquipmentUnit","37314","1 · Catálogos","332","EquipmentKey=REPISA DE ACERO INOXIDABLE||; Lab=; Career="
"EquipmentUnit","37315","1 · Catálogos","333","EquipmentKey=REPISA DE ACERO INOXIDABLE||; Lab=; Career="
"EquipmentUnit","37316","1 · Catálogos","142","EquipmentKey=REPISA DE ACERO INOXIDABLE||; Lab=; Career="
"EquipmentUnit","37317","1 · Catálogos","143","EquipmentKey=REPISA DE ACERO INOXIDABLE||; Lab=; Career="
"EquipmentUnit","37318","1 · Catálogos","144","EquipmentKey=REPISA DE ACERO INOXIDABLE||; Lab=; Career="
"EquipmentUnit","37319","1 · Catálogos","145","EquipmentKey=REPISA DE ACERO INOXIDABLE||; Lab=; Career="
"EquipmentUnit","37320","1 · Catálogos","235","EquipmentKey=REPISA DE ACERO INOXIDABLE|WILDA|; Lab=; Career="
"EquipmentUnit","37321","1 · Catálogos","236","EquipmentKey=REPISA DE ACERO INOXIDABLE|WILDA|; Lab=; Career="
"EquipmentUnit","37322","1 · Catálogos","237","EquipmentKey=REPISA DE ACERO INOXIDABLE|WILDA|; Lab=; Career="
"EquipmentUnit","37323","1 · Catálogos","193","EquipmentKey=REPISA DE ACERO INOXIDABLE||; Lab=; Career="
"EquipmentUnit","37324","1 · Catálogos","238","EquipmentKey=REPISA DE ACERO INOXIDABLE|WILDA|; Lab=; Career="
"EquipmentUnit","37325","1 · Catálogos","194","EquipmentKey=REPISA DE ACERO INOXIDABLE||; Lab=; Career="
"EquipmentUnit","37326","1 · Catálogos","104","EquipmentKey=REPISA DE ACERO INOXIDABLE||; Lab=; Career="
"EquipmentUnit","37327","1 · Catálogos","105","EquipmentKey=REPISA DE ACERO INOXIDABLE||; Lab=; Career="
"EquipmentUnit","37361","1 · Catálogos","21","EquipmentKey=BEBEDERO DE AGUA|IBBL|BAG 40; Lab=; Career="
"EquipmentUnit","37395","1 · Catálogos","548","EquipmentKey=MUEBLE DE MELAMINA PARA COMPUTADORA||; Lab=; Career="
"EquipmentUnit","37900","1 · Catálogos","450","EquipmentKey=SILLA DE MADERA FIJA||; Lab=; Career="
"EquipmentUnit","37901","1 · Catálogos","422","EquipmentKey=SILLA DE MADERA FIJA||; Lab=; Career="
"EquipmentUnit","37902","1 · Catálogos","445","EquipmentKey=ESCRITORIO DE MADERA||; Lab=; Career="
"EquipmentUnit","37903","1 · Catálogos","78","EquipmentKey=ESCRITORIO DE MADERA||; Lab=; Career="
"EquipmentUnit","37904","1 · Catálogos","375","EquipmentKey=ESCRITORIO DE MADERA||; Lab=; Career="
"EquipmentUnit","37906","1 · Catálogos","441","EquipmentKey=ESCRITORIO DE MADERA||; Lab=; Career="
"EquipmentUnit","37907","1 · Catálogos","80","EquipmentKey=SILLA DE MADERA FIJA||; Lab=; Career="
"EquipmentUnit","37908","1 · Catálogos","432","EquipmentKey=PIZARRA CON MARCO METALICO ACRILICO||; Lab=; Career="
"EquipmentUnit","37909","1 · Catálogos","437","EquipmentKey=PIZARRA CON MARCO METALICO ACRILICO||; Lab=; Career="
"EquipmentUnit","37910","1 · Catálogos","71","EquipmentKey=PIZARRA CON MARCO METALICO ACRILICO||; Lab=; Career="
"EquipmentUnit","37911","1 · Catálogos","491","EquipmentKey=PIZARRA CON MARCO METALICO ACRILICO||; Lab=; Career="
"EquipmentUnit","37917","1 · Catálogos","181","EquipmentKey=PIZARRA CON MARCO METALICO ACRILICO||; Lab=; Career="
"EquipmentUnit","37918","1 · Catálogos","275","EquipmentKey=PIZARRA CON MARCO METALICO ACRILICO||; Lab=; Career="
"EquipmentUnit","37919","1 · Catálogos","92","EquipmentKey=PIZARRA CON MARCO METALICO ACRILICO||; Lab=; Career="
"EquipmentUnit","37920","1 · Catálogos","323","EquipmentKey=PIZARRA CON MARCO METALICO ACRILICO||; Lab=; Career="
"EquipmentUnit","37922","1 · Catálogos","228","EquipmentKey=PIZARRA CON MARCO METALICO ACRILICO||; Lab=; Career="
"EquipmentUnit","38259","1 · Catálogos","374","EquipmentKey=ACCES POINT|CISCO|AIR-CAP3702E-A-K9; Lab=; Career="
"EquipmentUnit","38260","1 · Catálogos","440","EquipmentKey=ACCES POINT|CISCO|AIR-CAP3702E-A-K9; Lab=; Career="
"EquipmentUnit","38270","1 · Catálogos","435","EquipmentKey=ACCES POINT|CISCO|AIR-CAP370; Lab=; Career="
"EquipmentUnit","38639","1 · Catálogos","258","EquipmentKey=BALANZA ELECTRONICA||; Lab=; Career="
"EquipmentUnit","38641","1 · Catálogos","164","EquipmentKey=BALANZA ELECTRONICA|ELECTRONIC SCALE|; Lab=; Career="
"EquipmentUnit","38643","1 · Catálogos","305","EquipmentKey=BALANZA ELECTRONICA|ELECTRONIC SCALE|; Lab=; Career="
"EquipmentUnit","38798","1 · Catálogos","522","EquipmentKey=CASILLERO METALICO||; Lab=; Career="
"EquipmentUnit","38799","1 · Catálogos","523","EquipmentKey=CASILLERO METALICO||; Lab=; Career="
"EquipmentUnit","38800","1 · Catálogos","524","EquipmentKey=CASILLERO METALICO||; Lab=; Career="
"EquipmentUnit","38801","1 · Catálogos","525","EquipmentKey=CASILLERO METALICO||; Lab=; Career="
"EquipmentUnit","38802","1 · Catálogos","526","EquipmentKey=CASILLERO METALICO||; Lab=; Career="
"EquipmentUnit","38803","1 · Catálogos","527","EquipmentKey=CASILLERO METALICO||; Lab=; Career="
"EquipmentUnit","38804","1 · Catálogos","528","EquipmentKey=CASILLERO METALICO||; Lab=; Career="
"EquipmentUnit","39021","1 · Catálogos","423","EquipmentKey=VITRINA METALICA||; Lab=; Career="
"EquipmentUnit","39161","1 · Catálogos","165","EquipmentKey=BALANZA ELECTRONICA|OHAUS|RANGER R31P30; Lab=; Career="
"EquipmentUnit","39163","1 · Catálogos","69","EquipmentKey=CAMARA DE VIDEO||; Lab=; Career="
"EquipmentUnit","39169","1 · Catálogos","353","EquipmentKey=BALANZA ELECTRONICA|OHAUS|RANGER R31P30; Lab=; Career="
"EquipmentUnit","39170","1 · Catálogos","119","EquipmentKey=BALANZA ELECTRONICA|OHAUS|RANGER R31P30; Lab=H-1; Career=Gastronomía"
"EquipmentUnit","39171","1 · Catálogos","166","EquipmentKey=BALANZA ELECTRONICA|OHAUS|RANGER R31P30; Lab=; Career="
"EquipmentUnit","39269","1 · Catálogos","483","EquipmentKey=GARRAFA||; Lab=; Career="
"EquipmentUnit","39273","1 · Catálogos","429","EquipmentKey=TELEVISOR LED|SAMSUNG|UN48J5000AGXZS; Lab=; Career="
"EquipmentUnit","39432","1 · Catálogos","557","EquipmentKey=SILLA DE MADERA FIJA TAPIZ TELA||; Lab=; Career="
"EquipmentUnit","39433","1 · Catálogos","558","EquipmentKey=SILLA DE MADERA FIJA TAPIZ TELA||; Lab=; Career="
"EquipmentUnit","39434","1 · Catálogos","559","EquipmentKey=SILLA DE MADERA FIJA TAPIZ TELA||; Lab=; Career="
"EquipmentUnit","39435","1 · Catálogos","560","EquipmentKey=SILLA DE MADERA FIJA TAPIZ TELA||; Lab=; Career="
"EquipmentUnit","39436","1 · Catálogos","561","EquipmentKey=SILLA DE MADERA FIJA TAPIZ TELA||; Lab=; Career="
"EquipmentUnit","39437","1 · Catálogos","562","EquipmentKey=SILLA DE MADERA FIJA TAPIZ TELA||; Lab=; Career="
"EquipmentUnit","39438","1 · Catálogos","545","EquipmentKey=MESA DE MADERA||; Lab=; Career="
"EquipmentUnit","39479","1 · Catálogos","45","EquipmentKey=CAMARA DE VIDEO|SONY BALUMS|; Lab=; Career="
"EquipmentUnit","39591","1 · Catálogos","487","EquipmentKey=ABATIDOR FASTER|AFINOX|FASTER 5T GF 230V; Lab=; Career="
"EquipmentUnit","39632","1 · Catálogos","547","EquipmentKey=MUEBLE DE MADERA PARA COMPUTADORA||; Lab=; Career="
"EquipmentUnit","39691","1 · Catálogos","551","EquipmentKey=SILLA DE MADERA FIJA TAPIZ TELA||; Lab=; Career="
"EquipmentUnit","43486","1 · Catálogos","495","EquipmentKey=ESCRITORIO DE MELAMINA MODULAR||; Lab=; Career="
"EquipmentUnit","43487","1 · Catálogos","496","EquipmentKey=GAVETERO DE MELAMINA||; Lab=; Career="
"EquipmentUnit","43488","1 · Catálogos","499","EquipmentKey=SILLA METALICA FIJA TAPIZ CUERINA||; Lab=; Career="
"EquipmentUnit","43489","1 · Catálogos","497","EquipmentKey=SILLA METALICA FIJA TAPIZ CUERINA||; Lab=; Career="
"EquipmentUnit","43490","1 · Catálogos","498","EquipmentKey=SILLA METALICA FIJA TAPIZ CUERINA||; Lab=; Career="
"EquipmentUnit","43491","1 · Catálogos","500","EquipmentKey=CREDENZA DE MELAMINA||; Lab=; Career="
"EquipmentUnit","44865","1 · Catálogos","492","EquipmentKey=PROYECTOR LED/LASER|CASIO|XJ-F20XN; Lab=; Career="
"EquipmentUnit","44866","1 · Catálogos","434","EquipmentKey=PROYECTOR LED/LASER|CASIO|(YW-40) XJ-F20XN; Lab=; Career="
"EquipmentUnit","44867","1 · Catálogos","439","EquipmentKey=PROYECTOR LED/LASER|CASIO|XJ-F20XN; Lab=; Career="
"EquipmentUnit","44868","1 · Catálogos","444","EquipmentKey=PROYECTOR LED/LASER|CASIO|XJ-F20XN; Lab=; Career="
"EquipmentUnit","44869","1 · Catálogos","451","EquipmentKey=PROYECTOR LED/LASER|CASIO|XJ-F20XN; Lab=; Career="
"EquipmentUnit","44904","1 · Catálogos","148","EquipmentKey=BATIDORA|KITCHENAID|5KSM7591,; Lab=; Career="
"EquipmentUnit","44905","1 · Catálogos","149","EquipmentKey=BATIDORA|KITCHENAID|5KSM7591; Lab=; Career="
"EquipmentUnit","44906","1 · Catálogos","150","EquipmentKey=BATIDORA|KITCHENAID|5KSM7591; Lab=; Career="
"EquipmentUnit","44907","1 · Catálogos","151","EquipmentKey=BATIDORA|KITCHENAID|5KSM7591; Lab=; Career="
"EquipmentUnit","44908","1 · Catálogos","152","EquipmentKey=BATIDORA|KITCHENAID|5KSM7591; Lab=; Career="
"EquipmentUnit","45024","1 · Catálogos","529","EquipmentKey=CASILLERO METALICO||; Lab=; Career="
"EquipmentUnit","45025","1 · Catálogos","530","EquipmentKey=CASILLERO METALICO||; Lab=; Career="
"EquipmentUnit","45026","1 · Catálogos","531","EquipmentKey=CASILLERO METALICO||; Lab=; Career="
"EquipmentUnit","45027","1 · Catálogos","532","EquipmentKey=CASILLERO METALICO||; Lab=; Career="
"EquipmentUnit","45028","1 · Catálogos","533","EquipmentKey=CASILLERO METALICO||; Lab=; Career="
"EquipmentUnit","45029","1 · Catálogos","534","EquipmentKey=CASILLERO METALICO||; Lab=; Career="
"EquipmentUnit","45030","1 · Catálogos","535","EquipmentKey=CASILLERO METALICO||; Lab=; Career="
"EquipmentUnit","45031","1 · Catálogos","536","EquipmentKey=CASILLERO METALICO||; Lab=; Career="
"EquipmentUnit","45032","1 · Catálogos","537","EquipmentKey=CASILLERO METALICO||; Lab=; Career="
"EquipmentUnit","45033","1 · Catálogos","538","EquipmentKey=CASILLERO METALICO||; Lab=; Career="
"EquipmentUnit","45744","1 · Catálogos","46","EquipmentKey=TELEVISOR LED|HAIER|LE55B8500DUA; Lab=; Career="
"EquipmentUnit","45745","1 · Catálogos","47","EquipmentKey=TELEVISOR LED|HAIER|LE55B8500DUA; Lab=; Career="
"EquipmentUnit","45840","1 · Catálogos","501","EquipmentKey=APARATO TELEFONICO|CISCO|CP-3905; Lab=; Career="
"EquipmentUnit","46358","1 · Catálogos","541","EquipmentKey=ALL IN ONE|HP|24-E015LA; Lab=; Career="
"EquipmentUnit","46359","1 · Catálogos","542","EquipmentKey=TECLADO|HP|PR1101U; Lab=; Career="
"EquipmentUnit","46373","1 · Catálogos","121","EquipmentKey=PORTA UTENSILIOS||; Lab=; Career="
"EquipmentUnit","46374","1 · Catálogos","120","EquipmentKey=PORTA UTENSILIOS||; Lab=; Career="
"EquipmentUnit","46375","1 · Catálogos","122","EquipmentKey=PORTA UTENSILIOS||; Lab=; Career="
"EquipmentUnit","46376","1 · Catálogos","123","EquipmentKey=PORTA UTENSILIOS||; Lab=; Career="
"EquipmentUnit","46377","1 · Catálogos","124","EquipmentKey=PORTA UTENSILIOS||; Lab=; Career="
"EquipmentUnit","46378","1 · Catálogos","125","EquipmentKey=PORTA UTENSILIOS||; Lab=; Career="
"EquipmentUnit","46379","1 · Catálogos","211","EquipmentKey=PORTA UTENSILIOS||; Lab=; Career="
"EquipmentUnit","46380","1 · Catálogos","212","EquipmentKey=PORTA UTENSILIOS||; Lab=; Career="
"EquipmentUnit","46381","1 · Catálogos","213","EquipmentKey=PORTA UTENSILIOS||; Lab=; Career="
"EquipmentUnit","46382","1 · Catálogos","214","EquipmentKey=PORTA UTENSILIOS||; Lab=; Career="
"EquipmentUnit","46383","1 · Catálogos","215","EquipmentKey=PORTA UTENSILIOS||; Lab=; Career="
"EquipmentUnit","46384","1 · Catálogos","216","EquipmentKey=PORTA UTENSILIOS||; Lab=; Career="
"EquipmentUnit","46385","1 · Catálogos","167","EquipmentKey=PORTA UTENSILIOS||; Lab=; Career="
"EquipmentUnit","46386","1 · Catálogos","168","EquipmentKey=PORTA UTENSILIOS||; Lab=; Career="
"EquipmentUnit","46387","1 · Catálogos","169","EquipmentKey=PORTA UTENSILIOS||; Lab=; Career="
"EquipmentUnit","46388","1 · Catálogos","170","EquipmentKey=PORTA UTENSILIOS||; Lab=; Career="
"EquipmentUnit","46389","1 · Catálogos","259","EquipmentKey=PORTA UTENSILIOS||; Lab=; Career="
"EquipmentUnit","46390","1 · Catálogos","260","EquipmentKey=PORTA UTENSILIOS||; Lab=; Career="
"EquipmentUnit","46391","1 · Catálogos","261","EquipmentKey=PORTA UTENSILIOS||; Lab=; Career="
"EquipmentUnit","46392","1 · Catálogos","262","EquipmentKey=PORTA UTENSILIOS||; Lab=; Career="
"EquipmentUnit","46393","1 · Catálogos","263","EquipmentKey=PORTA UTENSILIOS||; Lab=; Career="
"EquipmentUnit","46394","1 · Catálogos","264","EquipmentKey=PORTA UTENSILIOS||; Lab=; Career="
"EquipmentUnit","46395","1 · Catálogos","354","EquipmentKey=PORTA UTENSILIOS||; Lab=; Career="
"EquipmentUnit","46396","1 · Catálogos","306","EquipmentKey=PORTA UTENSILIOS||; Lab=; Career="
"EquipmentUnit","46397","1 · Catálogos","307","EquipmentKey=PORTA UTENSILIOS||; Lab=; Career="
"EquipmentUnit","46398","1 · Catálogos","308","EquipmentKey=PORTA UTENSILIOS||; Lab=; Career="
"EquipmentUnit","46399","1 · Catálogos","309","EquipmentKey=PORTA UTENSILIOS||; Lab=; Career="
"EquipmentUnit","46400","1 · Catálogos","310","EquipmentKey=PORTA UTENSILIOS||; Lab=; Career="
"EquipmentUnit","46401","1 · Catálogos","311","EquipmentKey=PORTA UTENSILIOS||; Lab=; Career="
"EquipmentUnit","46402","1 · Catálogos","355","EquipmentKey=PORTA UTENSILIOS||; Lab=; Career="
"EquipmentUnit","46403","1 · Catálogos","356","EquipmentKey=PORTA UTENSILIOS||; Lab=; Career="
"EquipmentUnit","46404","1 · Catálogos","357","EquipmentKey=PORTA UTENSILIOS||; Lab=; Career="
"EquipmentUnit","46405","1 · Catálogos","358","EquipmentKey=PORTA UTENSILIOS||; Lab=; Career="
"EquipmentUnit","46406","1 · Catálogos","359","EquipmentKey=PORTA UTENSILIOS||; Lab=; Career="
"EquipmentUnit","47789","1 · Catálogos","244","EquipmentKey=REFRIGERADOR|VENTUS|VREF-1000BEN; Lab=; Career="
"EquipmentUnit","47790","1 · Catálogos","200","EquipmentKey=REFRIGERADOR|VENTUS SORP|VREF-1000BEN; Lab=; Career="
"EquipmentUnit","47873","1 · Catálogos","290","EquipmentKey=MESON REFRIGERADOR|VENTUS|VMR2PS-280E; Lab=; Career="
"EquipmentUnit","47874","1 · Catálogos","339","EquipmentKey=MESON REFRIGERADOR|VENTUS|VMR2PS-280E; Lab=; Career="
"EquipmentUnit","48024","1 · Catálogos","133","EquipmentKey=PIZARRA CON MARCO METALICO ACRILICO||; Lab=; Career="
"EquipmentUnit","48885","1 · Catálogos","428","EquipmentKey=CAFETERA IND|ASTORIA|INDUS. ITALIANA; Lab=; Career="
"EquipmentUnit","48886","1 · Catálogos","430","EquipmentKey=FLITRO ABLANDADOR DE AGUA||; Lab=; Career="
"EquipmentUnit","49055","1 · Catálogos","427","EquipmentKey=MOLINO DE COFFIE|FIORENZATO|F64 E; Lab=; Career="
"EquipmentUnit","49134","1 · Catálogos","479","EquipmentKey=HORNO CONVECTOR|ARIANNA|XEFT-04HS-ELDV; Lab=; Career="
"EquipmentUnit","49136","1 · Catálogos","482","EquipmentKey=MICROONDA|PANASONIC|NN-ST34HM; Lab=; Career="
"EquipmentUnit","49190","1 · Catálogos","480","EquipmentKey=LICUADORA|OSTER|XPERT; Lab=; Career="
"EquipmentUnit","49192","1 · Catálogos","481","EquipmentKey=LICUADORA|OSTER|XPERT; Lab=; Career="
"EquipmentUnit","49220","1 · Catálogos","334","EquipmentKey=ENVASADORA AL VACIO|VENTUS|; Lab=; Career="
"EquipmentUnit","49221","1 · Catálogos","159","EquipmentKey=MICROONDA|SAMSUNG|MG402MADXBB; Lab=; Career="
"EquipmentUnit","49222","1 · Catálogos","158","EquipmentKey=LICUADORA|OSTER|; Lab=; Career="
"EquipmentUnit","49223","1 · Catálogos","426","EquipmentKey=LICUADORA|OSTER|; Lab=; Career="
"EquipmentUnit","49224","1 · Catálogos","338","EquipmentKey=LICUADORA|OSTER|; Lab=; Career="
"EquipmentUnit","49236","1 · Catálogos","373","EquipmentKey=THERMOMIX||TM6; Lab=H-3; Career=Gastronomía"
"EquipmentUnit","49511","1 · Catálogos","118","EquipmentKey=EXTINTOR TIPO K||; Lab=; Career="
"EquipmentUnit","49512","1 · Catálogos","209","EquipmentKey=EXTINTOR TIPO K||; Lab=; Career="
"EquipmentUnit","49513","1 · Catálogos","163","EquipmentKey=EXTINTOR TIPO K||; Lab=; Career="
"EquipmentUnit","49514","1 · Catálogos","257","EquipmentKey=EXTINTOR TIPO K||; Lab=; Career="
"EquipmentUnit","49515","1 · Catálogos","304","EquipmentKey=EXTINTOR TIPO K||; Lab=; Career="
"EquipmentUnit","49516","1 · Catálogos","352","EquipmentKey=EXTINTOR TIPO K||; Lab=; Career="
"EquipmentUnit","49820","1 · Catálogos","111","EquipmentKey=MICROONDA|LG|MH8236GIR; Lab=; Career="
"EquipmentUnit","49821","1 · Catálogos","201","EquipmentKey=MICROONDA|LG|MH8236GIR; Lab=; Career="
"EquipmentUnit","49822","1 · Catálogos","245","EquipmentKey=MICROONDA|LG|MH8236GIR; Lab=; Career="
"EquipmentUnit","49823","1 · Catálogos","291","EquipmentKey=MICROONDA|LG|MH8236GIR; Lab=; Career="
"EquipmentUnit","49824","1 · Catálogos","340","EquipmentKey=MICROONDA|LG|MH8236GIR; Lab=; Career="
"EquipmentUnit","49873","1 · Catálogos","370","EquipmentKey=SOUS VIDE|METVISA|; Lab=; Career="
"EquipmentUnit","49874","1 · Catálogos","371","EquipmentKey=SOUS VIDE|METVISA|; Lab=; Career="
"EquipmentUnit","49875","1 · Catálogos","372","EquipmentKey=SOUS VIDE|METVISA|; Lab=; Career="
"Request","PUR_CUCHARA001_34179","6 · Detalles de Costo","8","Inventory=34179; Type=2; Description=O-Ring válvula gas cocina industrial"
"Request","REQ_R10_34179","4 · Solicitudes","10","Inventory=34179; Type=1; Description=SE REQUIERE MANTENIMIENTO PREVENTIVO A COCINAS.
SE TIENE PRESENCIA DE LLAMA NARANJA POR COMBUSTION INCOMPLETA. REQUIERE REGULACION DE FLUJO DE GAS.
SE REQUIERE LIMPIEZA PROFUNDA, CON RETIRO DE GRASAS ADHERIDAS A PARTES.
SE REQUIERE REAJUSTE DE PERILLAS
SE REQUIERE REVISION Y/O CAMBIO DE O-RING EN VALVULAS , CAMBIO DE VALVULAS
SE REQUIERE LIMPIEZA VENTURI COCINAS
SE REQUIERE EL CAMBIO DE LLANTAS GIRATORIAS INDUSTRIALES , SIN FRENO Y CON FRENO"
"Request","REQ_R11_34180","4 · Solicitudes","11","Inventory=34180; Type=1; Description=SE REQUIERE MANTENIMIENTO PREVENTIVO A COCINAS.
SE TIENE PRESENCIA DE LLAMA NARANJA POR COMBUSTION INCOMPLETA. REQUIERE REGULACION DE FLUJO DE GAS.
SE REQUIERE LIMPIEZA PROFUNDA, CON RETIRO DE GRASAS ADHERIDAS A PARTES.
SE REQUIERE REAJUSTE DE PERILLAS
SE REQUIERE REVISION Y/O CAMBIO DE O-RING EN VALVULAS , CAMBIO DE VALVULAS
SE REQUIERE LIMPIEZA VENTURI COCINAS
SE REQUIERE EL CAMBIO DE LLANTAS GIRATORIAS INDUSTRIALES , SIN FRENO Y CON FRENO"
"Request","REQ_R169_39170","4 · Solicitudes","169","Inventory=39170; Type=1; Description=MANTENIMIENTO PREVENTIVO, LIMPIEZA PROFUNDA, RETIRO DE GRASAS ADHERIDAS. 
Por uso constante del equipo en los laboratorios."
"Request","REQ_R170_34744","4 · Solicitudes","170","Inventory=34744; Type=1; Description=SE REQUIERE MANTENIMIENTO, DESENGRASADO Y LIMPIEZA PROFUNDA DE FILTROS , DUCTOS Y LUMINARIAS. CON RETIRO DE GRASAS ADHERIDAS A PARTES.
MANTENIMIENTO DE LUMINARIAS,CABLES ELÉCTRICOS. AJUSTE/ CAMBIO DE SELECTORES DE PRENDIDO Y APAGADO DE LUMINARIAS. (2 UNID)"
"Request","REQ_R173_34179","4 · Solicitudes","173","Inventory=34179; Type=1; Description=SE REQUIERE MANTENIMIENTO PREVENTIVO A COCINAS.
SE TIENE PRESENCIA DE LLAMA NARANJA POR COMBUSTION INCOMPLETA. REQUIERE REGULACION DE FLUJO DE GAS.
SE REQUIERE LIMPIEZA PROFUNDA, CON RETIRO DE GRASAS ADHERIDAS A PARTES.
SE REQUIERE REAJUSTE DE PERILLAS
SE REQUIERE REVISION Y/O CAMBIO DE O-RING EN VALVULAS
SE REQUIERE LIMPIEZA VENTURI COCINAS
SE REQUIERE EL CAMBIO DE LLANTAS GIRATORIAS INDUSTRIALES"
"Request","REQ_R174_34180","4 · Solicitudes","174","Inventory=34180; Type=1; Description=SE REQUIERE MANTENIMIENTO PREVENTIVO A COCINAS.
SE TIENE PRESENCIA DE LLAMA NARANJA POR COMBUSTION INCOMPLETA. REQUIERE REGULACION DE FLUJO DE GAS.
SE REQUIERE LIMPIEZA PROFUNDA, CON RETIRO DE GRASAS ADHERIDAS A PARTES.
SE REQUIERE REAJUSTE DE PERILLAS
SE REQUIERE REVISION Y/O CAMBIO DE O-RING EN VALVULAS , CAMBIO DE VALVULAS
SE REQUIERE LIMPIEZA VENTURI COCINAS
SE REQUIERE EL CAMBIO DE LLANTAS GIRATORIAS INDUSTRIALES , SIN FRENO Y CON FRENO"
"Request","REQ_R185_17355","4 · Solicitudes","185","Inventory=17355; Type=1; Description=MANTENIMIENTO PREVENTIVO, LIMPIEZA PROFUNDA CON RETIRO DE GRASAS ADHERIDAS A PARTES.
SE REQUIERE CAMBIO DE TAPAS DE LICUADORA 
SE REQUIERE CAMBIO DE CUCHILLAS PICAS HIELOS DE 6 ASPAS
SE REQUIERE CAMBIO DE O-RING"
"Request","REQ_R22_17355","4 · Solicitudes","22","Inventory=17355; Type=1; Description=MANTENIMIENTO PREVENTIVO, LIMPIEZA PROFUNDA."
"Request","REQ_R231_49236","4 · Solicitudes","231","Inventory=49236; Type=1; Description=MANTENIMIENTO PREVENTIVO, LIMPIEZA DE COMPONENTES.
ACTUALIZACION DE SOFTWARE"
"Request","REQ_R322_35528","4 · Solicitudes","322","Inventory=35528; Type=1; Description=NINGUNO"
"Request","REQ_R42_35528","4 · Solicitudes","42","Inventory=35528; Type=1; Description=FACTORES"
"Request","REQ_R6_39170","4 · Solicitudes","6","Inventory=39170; Type=1; Description=SE REQUIERE CALIBRACION ANUAL"
"Request","REQ_R7_34744","4 · Solicitudes","7","Inventory=34744; Type=1; Description=SE REQUIERE MANTENIMIENTO, DESENGRASADO Y LIMPIEZA PROFUNDA DE FILTROS , DUCTOS Y LUMINARIAS. CON RETIRO DE GRASAS ADHERIDAS A PARTES.
ENTUBADO Y/O CANALIZACIÓN DE CABLES ELÉCTRICOS. AJUSTE DE SELECTORES DE PRENDIDO Y APAGADO DE LUMINARIAS.
SE REQUIERE REVISION DE TENSION DE ALAMBRES SUJETADORES DE CAMPANA ISLA."
"Request","REQ_R94_49236","4 · Solicitudes","94","Inventory=49236; Type=1; Description=MANTENIMIENTO PREVENTIVO, LIMPIEZA DE COMPONENTES.
ACTUALIZACION DE SOFTWARE"
"Maintenance","MNT_R6_35528","5 · Kardex Mantenimiento","6","Inventory=35528; Type=2; Technician=CASATERMO SRL"
"CostDetail","MNT_R6_35528","6 · Detalles de Costo","6","Target=Maintenance; Concept=Servicio mantenimiento termotanque; Amount=350"
"CostDetail","MNT_R6_35528","6 · Detalles de Costo","7","Target=Maintenance; Concept=Válvula de retención; Amount=50"
"CostDetail","PUR_CUCHARA001_34179","6 · Detalles de Costo","8","Target=Request; Concept=O-Ring válvula gas cocina industrial; Amount=90"
"CostDetail","PUR_CUCHARA001_34179","6 · Detalles de Costo","9","Target=Request; Concept=Mano de obra regulación y limpieza cocina INOX; Amount=350"
"Departure","DEP_R6_34179","7 · Salidas (L-3)","6","Inventory=34179; Borrower=ING. SARA PEREZ YAÑEZ"
"Departure","DEP_R7_17355","7 · Salidas (L-3)","7","Inventory=17355; Borrower=DOCENTE MARTINEZ"
"DepartureItem","DEP_R6_34179","7 · Salidas (L-3)","6","Inventory=34179; Product=COCINA INDUSTRIAL; Quantity=1"
"DepartureItem","DEP_R7_17355","7 · Salidas (L-3)","7","Inventory=17355; Product=LICUADORA; Quantity=1"
"ManagementPlan","PLAN_R7_49236","8 · Plan de Mantenimiento","7","Management=2023-2; Inventory=49236; Status=2"
"ManagementPlan","PLAN_R8_17355","8 · Plan de Mantenimiento","8","Management=2025-1; Inventory=17355; Status=0"
