"Sheet","Row","Reason"
"1 · Catálogos","316","Duplicate inventory '3289'."
"1 · Catálogos","1048168","Catalog row lacks asset name or inventory number."
"3 · Verificaciones","6","Verification has no inventory number. It will not be inserted."
"3 · Verificaciones","7","Verification has no inventory number. It will not be inserted."
"3 · Verificaciones","8","Verification has no inventory number. It will not be inserted."
"3 · Verificaciones","9","Verification has no inventory number. It will not be inserted."
"3 · Verificaciones","10","Verification has no inventory number. It will not be inserted."
"3 · Verificaciones","11","Verification has no inventory number. It will not be inserted."
"3 · Verificaciones","12","Verification has no inventory number. It will not be inserted."
"3 · Verificaciones","13","Verification has no inventory number. It will not be inserted."
"3 · Verificaciones","14","Verification has no inventory number. It will not be inserted."
"3 · Verificaciones","15","Verification has no inventory number. It will not be inserted."
"3 · Verificaciones","16","Verification has no inventory number. It will not be inserted."
"3 · Verificaciones","17","Verification has no inventory number. It will not be inserted."
"3 · Verificaciones","18","Verification has no inventory number. It will not be inserted."
"3 · Verificaciones","19","Verification has no inventory number. It will not be inserted."
"3 · Verificaciones","20","Verification has no inventory number. It will not be inserted."
"3 · Verificaciones","21","Verification has no inventory number. It will not be inserted."
"3 · Verificaciones","22","Verification has no inventory number. It will not be inserted."
"3 · Verificaciones","23","Verification has no inventory number. It will not be inserted."
"3 · Verificaciones","24","Verification has no inventory number. It will not be inserted."
"3 · Verificaciones","25","Verification has no inventory number. It will not be inserted."
"3 · Verificaciones","26","Verification has no inventory number. It will not be inserted."
"3 · Verificaciones","27","Verification has no inventory number. It will not be inserted."
"3 · Verificaciones","28","Verification has no inventory number. It will not be inserted."
"3 · Verificaciones","29","Verification has no inventory number. It will not be inserted."
"3 · Verificaciones","30","Verification has no inventory number. It will not be inserted."
"3 · Verificaciones","31","Verification has no inventory number. It will not be inserted."
"3 · Verificaciones","32","Verification has no inventory number. It will not be inserted."
"3 · Verificaciones","33","Verification has no inventory number. It will not be inserted."
"3 · Verificaciones","34","Verification has no inventory number. It will not be inserted."
"3 · Verificaciones","35","Verification has no inventory number. It will not be inserted."
"3 · Verificaciones","36","Verification has no inventory number. It will not be inserted."
"3 · Verificaciones","37","Verification has no inventory number. It will not be inserted."
"3 · Verificaciones","38","Verification has no inventory number. It will not be inserted."
"3 · Verificaciones","39","Verification has no inventory number. It will not be inserted."
"3 · Verificaciones","40","Verification has no inventory number. It will not be inserted."
"3 · Verificaciones","41","Verification has no inventory number. It will not be inserted."
"3 · Verificaciones","42","Verification has no inventory number. It will not be inserted."
"3 · Verificaciones","43","Verification has no inventory number. It will not be inserted."
"3 · Verificaciones","44","Verification has no inventory number. It will not be inserted."
"3 · Verificaciones","45","Verification has no inventory number. It will not be inserted."
"3 · Verificaciones","46","Verification has no inventory number. It will not be inserted."
"3 · Verificaciones","47","Verification has no inventory number. It will not be inserted."
"3 · Verificaciones","48","Verification has no inventory number. It will not be inserted."
"3 · Verificaciones","49","Verification has no inventory number. It will not be inserted."
"3 · Verificaciones","50","Verification has no inventory number. It will not be inserted."
"3 · Verificaciones","51","Verification has no inventory number. It will not be inserted."
"3 · Verificaciones","52","Verification has no inventory number. It will not be inserted."
"3 · Verificaciones","53","Verification has no inventory number. It will not be inserted."
"3 · Verificaciones","54","Verification has no inventory number. It will not be inserted."
"3 · Verificaciones","55","Verification has no inventory number. It will not be inserted."
"3 · Verificaciones","56","Verification has no inventory number. It will not be inserted."
"3 · Verificaciones","57","Verification has no inventory number. It will not be inserted."
"3 · Verificaciones","58","Verification has no inventory number. It will not be inserted."
"3 · Verificaciones","59","Verification has no inventory number. It will not be inserted."
"3 · Verificaciones","60","Verification has no inventory number. It will not be inserted."
"3 · Verificaciones","61","Verification has no inventory number. It will not be inserted."
"3 · Verificaciones","62","Verification has no inventory number. It will not be inserted."
"3 · Verificaciones","63","Verification has no inventory number. It will not be inserted."
"3 · Verificaciones","64","Verification has no inventory number. It will not be inserted."
"3 · Verificaciones","65","Verification has no inventory number. It will not be inserted."
"3 · Verificaciones","66","Verification has no inventory number. It will not be inserted."
"3 · Verificaciones","67","Verification has no inventory number. It will not be inserted."
"3 · Verificaciones","68","Verification has no inventory number. It will not be inserted."
"3 · Verificaciones","69","Verification has no inventory number. It will not be inserted."
"3 · Verificaciones","70","Verification has no inventory number. It will not be inserted."
"3 · Verificaciones","71","Verification has no inventory number. It will not be inserted."
"3 · Verificaciones","72","Verification has no inventory number. It will not be inserted."
"3 · Verificaciones","73","Verification has no inventory number. It will not be inserted."
"3 · Verificaciones","74","Verification has no inventory number. It will not be inserted."
"3 · Verificaciones","75","Verification has no inventory number. It will not be inserted."
"3 · Verificaciones","76","Verification has no inventory number. It will not be inserted."
"3 · Verificaciones","77","Verification has no inventory number. It will not be inserted."
"3 · Verificaciones","78","Verification has no inventory number. It will not be inserted."
"3 · Verificaciones","79","Verification has no inventory number. It will not be inserted."
"3 · Verificaciones","80","Verification has no inventory number. It will not be inserted."
"3 · Verificaciones","81","Verification has no inventory number. It will not be inserted."
"3 · Verificaciones","82","Verification has no inventory number. It will not be inserted."
"3 · Verificaciones","83","Verification has no inventory number. It will not be inserted."
"3 · Verificaciones","84","Verification has no inventory number. It will not be inserted."
"3 · Verificaciones","85","Verification has no inventory number. It will not be inserted."
"3 · Verificaciones","86","Verification has no inventory number. It will not be inserted."
"3 · Verificaciones","87","Verification has no inventory number. It will not be inserted."
"3 · Verificaciones","88","Verification has no inventory number. It will not be inserted."
"3 · Verificaciones","89","Verification has no inventory number. It will not be inserted."
"3 · Verificaciones","90","Verification has no inventory number. It will not be inserted."
"3 · Verificaciones","91","Verification has no inventory number. It will not be inserted."
"3 · Verificaciones","92","Verification has no inventory number. It will not be inserted."
"3 · Verificaciones","93","Verification has no inventory number. It will not be inserted."
"3 · Verificaciones","94","Verification has no inventory number. It will not be inserted."
"3 · Verificaciones","95","Verification has no inventory number. It will not be inserted."
"3 · Verificaciones","96","Unknown inventory 'H-6' in verification."
"3 · Verificaciones","97","Verification has no inventory number. It will not be inserted."
"3 · Verificaciones","98","Verification has no inventory number. It will not be inserted."
"3 · Verificaciones","99","Verification has no inventory number. It will not be inserted."
"3 · Verificaciones","100","Verification has no inventory number. It will not be inserted."
"3 · Verificaciones","101","Verification has no inventory number. It will not be inserted."
"3 · Verificaciones","102","Verification has no inventory number. It will not be inserted."
"3 · Verificaciones","103","Verification has no inventory number. It will not be inserted."
"3 · Verificaciones","104","Verification has no inventory number. It will not be inserted."
"3 · Verificaciones","105","Verification has no inventory number. It will not be inserted."
"3 · Verificaciones","106","Verification has no inventory number. It will not be inserted."
"3 · Verificaciones","107","Verification has no inventory number. It will not be inserted."
"3 · Verificaciones","108","Verification has no inventory number. It will not be inserted."
"3 · Verificaciones","109","Verification has no inventory number. It will not be inserted."
"3 · Verificaciones","110","Verification has no inventory number. It will not be inserted."
"3 · Verificaciones","111","Verification has no inventory number. It will not be inserted."
"3 · Verificaciones","112","Verification has no inventory number. It will not be inserted."
"3 · Verificaciones","113","Verification has no inventory number. It will not be inserted."
"3 · Verificaciones","114","Verification has no inventory number. It will not be inserted."
"3 · Verificaciones","115","Verification has no inventory number. It will not be inserted."
"3 · Verificaciones","116","Verification has no inventory number. It will not be inserted."
"3 · Verificaciones","117","Verification has no inventory number. It will not be inserted."
"3 · Verificaciones","118","Verification has no inventory number. It will not be inserted."
"3 · Verificaciones","119","Verification has no inventory number. It will not be inserted."
"3 · Verificaciones","120","Verification has no inventory number. It will not be inserted."
"3 · Verificaciones","121","Verification has no inventory number. It will not be inserted."
"3 · Verificaciones","122","Verification has no inventory number. It will not be inserted."
"3 · Verificaciones","123","Verification has no inventory number. It will not be inserted."
"3 · Verificaciones","124","Verification has no inventory number. It will not be inserted."
"3 · Verificaciones","125","Verification has no inventory number. It will not be inserted."
"3 · Verificaciones","126","Verification has no inventory number. It will not be inserted."
"3 · Verificaciones","127","Verification has no inventory number. It will not be inserted."
"3 · Verificaciones","128","Verification has no inventory number. It will not be inserted."
"3 · Verificaciones","129","Verification has no inventory number. It will not be inserted."
"3 · Verificaciones","130","Verification has no inventory number. It will not be inserted."
"3 · Verificaciones","131","Verification has no inventory number. It will not be inserted."
"3 · Verificaciones","132","Verification has no inventory number. It will not be inserted."
"3 · Verificaciones","133","Verification has no inventory number. It will not be inserted."
"3 · Verificaciones","134","Verification has no inventory number. It will not be inserted."
"3 · Verificaciones","135","Verification has no inventory number. It will not be inserted."
"3 · Verificaciones","136","Verification has no inventory number. It will not be inserted."
"3 · Verificaciones","137","Verification has no inventory number. It will not be inserted."
"3 · Verificaciones","138","Verification has no inventory number. It will not be inserted."
"3 · Verificaciones","139","Verification has no inventory number. It will not be inserted."
"3 · Verificaciones","140","Verification has no inventory number. It will not be inserted."
"3 · Verificaciones","141","Verification has no inventory number. It will not be inserted."
"3 · Verificaciones","142","Verification has no inventory number. It will not be inserted."
"3 · Verificaciones","143","Verification has no inventory number. It will not be inserted."
"3 · Verificaciones","144","Verification has no inventory number. It will not be inserted."
"3 · Verificaciones","145","Verification has no inventory number. It will not be inserted."
"3 · Verificaciones","146","Verification has no inventory number. It will not be inserted."
"3 · Verificaciones","147","Verification has no inventory number. It will not be inserted."
"3 · Verificaciones","148","Verification has no inventory number. It will not be inserted."
"3 · Verificaciones","149","Verification has no inventory number. It will not be inserted."
"3 · Verificaciones","150","Verification has no inventory number. It will not be inserted."
"3 · Verificaciones","151","Verification has no inventory number. It will not be inserted."
"3 · Verificaciones","152","Verification has no inventory number. It will not be inserted."
"3 · Verificaciones","153","Verification has no inventory number. It will not be inserted."
"3 · Verificaciones","154","Verification has no inventory number. It will not be inserted."
"3 · Verificaciones","155","Verification has no inventory number. It will not be inserted."
"3 · Verificaciones","156","Verification has no inventory number. It will not be inserted."
"3 · Verificaciones","157","Verification has no inventory number. It will not be inserted."
"3 · Verificaciones","158","Verification has no inventory number. It will not be inserted."
"3 · Verificaciones","159","Verification has no inventory number. It will not be inserted."
"3 · Verificaciones","160","Verification has no inventory number. It will not be inserted."
"3 · Verificaciones","161","Verification has no inventory number. It will not be inserted."
"3 · Verificaciones","162","Verification has no inventory number. It will not be inserted."
"3 · Verificaciones","163","Verification has no inventory number. It will not be inserted."
"3 · Verificaciones","164","Verification has no inventory number. It will not be inserted."
"3 · Verificaciones","165","Verification has no inventory number. It will not be inserted."
"3 · Verificaciones","166","Verification has no inventory number. It will not be inserted."
"3 · Verificaciones","167","Verification has no inventory number. It will not be inserted."
"3 · Verificaciones","168","Verification has no inventory number. It will not be inserted."
"3 · Verificaciones","169","Verification has no inventory number. It will not be inserted."
"3 · Verificaciones","170","Verification has no inventory number. It will not be inserted."
"3 · Verificaciones","171","Verification has no inventory number. It will not be inserted."
"3 · Verificaciones","172","Verification has no inventory number. It will not be inserted."
"3 · Verificaciones","173","Verification has no inventory number. It will not be inserted."
"3 · Verificaciones","174","Verification has no inventory number. It will not be inserted."
"3 · Verificaciones","175","Verification has no inventory number. It will not be inserted."
"3 · Verificaciones","176","Verification has no inventory number. It will not be inserted."
"3 · Verificaciones","177","Verification has no inventory number. It will not be inserted."
"3 · Verificaciones","178","Verification has no inventory number. It will not be inserted."
"3 · Verificaciones","179","Verification has no inventory number. It will not be inserted."
"3 · Verificaciones","180","Verification has no inventory number. It will not be inserted."
"3 · Verificaciones","181","Verification has no inventory number. It will not be inserted."
"3 · Verificaciones","182","Verification has no inventory number. It will not be inserted."
"3 · Verificaciones","183","Verification has no inventory number. It will not be inserted."
"3 · Verificaciones","184","Verification has no inventory number. It will not be inserted."
"3 · Verificaciones","185","Verification has no inventory number. It will not be inserted."
"3 · Verificaciones","186","Verification has no inventory number. It will not be inserted."
"3 · Verificaciones","187","Verification has no inventory number. It will not be inserted."
"3 · Verificaciones","188","Verification has no inventory number. It will not be inserted."
"3 · Verificaciones","189","Verification has no inventory number. It will not be inserted."
"3 · Verificaciones","190","Verification has no inventory number. It will not be inserted."
"3 · Verificaciones","191","Verification has no inventory number. It will not be inserted."
"3 · Verificaciones","192","Verification has no inventory number. It will not be inserted."
"3 · Verificaciones","193","Verification has no inventory number. It will not be inserted."
"3 · Verificaciones","194","Verification has no inventory number. It will not be inserted."
"3 · Verificaciones","195","Verification has no inventory number. It will not be inserted."
"3 · Verificaciones","196","Verification has no inventory number. It will not be inserted."
"3 · Verificaciones","197","Verification has no inventory number. It will not be inserted."
"3 · Verificaciones","198","Verification has no inventory number. It will not be inserted."
"3 · Verificaciones","199","Verification has no inventory number. It will not be inserted."
"3 · Verificaciones","200","Verification has no inventory number. It will not be inserted."
"3 · Verificaciones","201","Verification has no inventory number. It will not be inserted."
"3 · Verificaciones","202","Verification has no inventory number. It will not be inserted."
"3 · Verificaciones","203","Verification has no inventory number. It will not be inserted."
"3 · Verificaciones","204","Verification has no inventory number. It will not be inserted."
"3 · Verificaciones","205","Verification has no inventory number. It will not be inserted."
"3 · Verificaciones","206","Verification has no inventory number. It will not be inserted."
"3 · Verificaciones","207","Verification has no inventory number. It will not be inserted."
"3 · Verificaciones","208","Verification has no inventory number. It will not be inserted."
"3 · Verificaciones","209","Verification has no inventory number. It will not be inserted."
"3 · Verificaciones","210","Verification has no inventory number. It will not be inserted."
"3 · Verificaciones","211","Verification has no inventory number. It will not be inserted."
"3 · Verificaciones","212","Verification has no inventory number. It will not be inserted."
"3 · Verificaciones","213","Verification has no inventory number. It will not be inserted."
"3 · Verificaciones","214","Verification has no inventory number. It will not be inserted."
"3 · Verificaciones","215","Verification has no inventory number. It will not be inserted."
"3 · Verificaciones","216","Verification has no inventory number. It will not be inserted."
"3 · Verificaciones","217","Verification has no inventory number. It will not be inserted."
"3 · Verificaciones","218","Verification has no inventory number. It will not be inserted."
"3 · Verificaciones","219","Verification has no inventory number. It will not be inserted."
"3 · Verificaciones","220","Verification has no inventory number. It will not be inserted."
"3 · Verificaciones","221","Verification has no inventory number. It will not be inserted."
"3 · Verificaciones","222","Verification has no inventory number. It will not be inserted."
"3 · Verificaciones","223","Verification has no inventory number. It will not be inserted."
"3 · Verificaciones","224","Verification has no inventory number. It will not be inserted."
"3 · Verificaciones","225","Verification has no inventory number. It will not be inserted."
"3 · Verificaciones","226","Verification has no inventory number. It will not be inserted."
"3 · Verificaciones","227","Verification has no inventory number. It will not be inserted."
"3 · Verificaciones","228","Verification has no inventory number. It will not be inserted."
"3 · Verificaciones","229","Verification has no inventory number. It will not be inserted."
"3 · Verificaciones","230","Verification has no inventory number. It will not be inserted."
"3 · Verificaciones","231","Verification has no inventory number. It will not be inserted."
"3 · Verificaciones","232","Verification has no inventory number. It will not be inserted."
"3 · Verificaciones","233","Verification has no inventory number. It will not be inserted."
"3 · Verificaciones","234","Verification has no inventory number. It will not be inserted."
"3 · Verificaciones","235","Verification has no inventory number. It will not be inserted."
"3 · Verificaciones","236","Verification has no inventory number. It will not be inserted."
"3 · Verificaciones","237","Verification has no inventory number. It will not be inserted."
"3 · Verificaciones","238","Verification has no inventory number. It will not be inserted."
"3 · Verificaciones","239","Verification has no inventory number. It will not be inserted."
"3 · Verificaciones","240","Verification has no inventory number. It will not be inserted."
"3 · Verificaciones","241","Verification has no inventory number. It will not be inserted."
"3 · Verificaciones","242","Verification has no inventory number. It will not be inserted."
"3 · Verificaciones","243","Verification has no inventory number. It will not be inserted."
"3 · Verificaciones","244","Verification has no inventory number. It will not be inserted."
"3 · Verificaciones","245","Verification has no inventory number. It will not be inserted."
"3 · Verificaciones","246","Verification has no inventory number. It will not be inserted."
"3 · Verificaciones","247","Verification has no inventory number. It will not be inserted."
"3 · Verificaciones","248","Verification has no inventory number. It will not be inserted."
"3 · Verificaciones","249","Verification has no inventory number. It will not be inserted."
"3 · Verificaciones","250","Verification has no inventory number. It will not be inserted."
"3 · Verificaciones","251","Verification has no inventory number. It will not be inserted."
"3 · Verificaciones","252","Verification has no inventory number. It will not be inserted."
"3 · Verificaciones","253","Unknown inventory 'H1' in verification."
"3 · Verificaciones","254","Verification has no inventory number. It will not be inserted."
"3 · Verificaciones","255","Verification has no inventory number. It will not be inserted."
"3 · Verificaciones","256","Verification has no inventory number. It will not be inserted."
"3 · Verificaciones","257","Verification has no inventory number. It will not be inserted."
"3 · Verificaciones","258","Verification has no inventory number. It will not be inserted."
"3 · Verificaciones","259","Verification has no inventory number. It will not be inserted."
"3 · Verificaciones","260","Verification has no inventory number. It will not be inserted."
"3 · Verificaciones","261","Verification has no inventory number. It will not be inserted."
"3 · Verificaciones","262","Verification has no inventory number. It will not be inserted."
"3 · Verificaciones","263","Verification has no inventory number. It will not be inserted."
"3 · Verificaciones","264","Verification has no inventory number. It will not be inserted."
"3 · Verificaciones","265","Verification has no inventory number. It will not be inserted."
"3 · Verificaciones","266","Verification has no inventory number. It will not be inserted."
"3 · Verificaciones","267","Verification has no inventory number. It will not be inserted."
"3 · Verificaciones","268","Verification has no inventory number. It will not be inserted."
"3 · Verificaciones","269","Verification has no inventory number. It will not be inserted."
"3 · Verificaciones","270","Unknown inventory 'H2' in verification."
"3 · Verificaciones","271","Verification has no inventory number. It will not be inserted."
"3 · Verificaciones","272","Verification has no inventory number. It will not be inserted."
"3 · Verificaciones","273","Verification has no inventory number. It will not be inserted."
"3 · Verificaciones","274","Verification has no inventory number. It will not be inserted."
"3 · Verificaciones","275","Verification has no inventory number. It will not be inserted."
"3 · Verificaciones","276","Verification has no inventory number. It will not be inserted."
"3 · Verificaciones","277","Verification has no inventory number. It will not be inserted."
"3 · Verificaciones","278","Verification has no inventory number. It will not be inserted."
"3 · Verificaciones","279","Verification has no inventory number. It will not be inserted."
"3 · Verificaciones","280","Verification has no inventory number. It will not be inserted."
"3 · Verificaciones","281","Verification has no inventory number. It will not be inserted."
"3 · Verificaciones","282","Verification has no inventory number. It will not be inserted."
"3 · Verificaciones","283","Verification has no inventory number. It will not be inserted."
"3 · Verificaciones","284","Verification has no inventory number. It will not be inserted."
"3 · Verificaciones","285","Verification has no inventory number. It will not be inserted."
"3 · Verificaciones","286","Verification has no inventory number. It will not be inserted."
"3 · Verificaciones","287","Unknown inventory 'H3' in verification."
"3 · Verificaciones","288","Verification has no inventory number. It will not be inserted."
"3 · Verificaciones","289","Verification has no inventory number. It will not be inserted."
"3 · Verificaciones","290","Verification has no inventory number. It will not be inserted."
"3 · Verificaciones","291","Verification has no inventory number. It will not be inserted."
"3 · Verificaciones","292","Verification has no inventory number. It will not be inserted."
"3 · Verificaciones","293","Verification has no inventory number. It will not be inserted."
"3 · Verificaciones","294","Verification has no inventory number. It will not be inserted."
"3 · Verificaciones","295","Verification has no inventory number. It will not be inserted."
"3 · Verificaciones","296","Verification has no inventory number. It will not be inserted."
"3 · Verificaciones","297","Verification has no inventory number. It will not be inserted."
"3 · Verificaciones","298","Verification has no inventory number. It will not be inserted."
"3 · Verificaciones","299","Verification has no inventory number. It will not be inserted."
"3 · Verificaciones","300","Verification has no inventory number. It will not be inserted."
"3 · Verificaciones","301","Verification has no inventory number. It will not be inserted."
"3 · Verificaciones","302","Verification has no inventory number. It will not be inserted."
"3 · Verificaciones","303","Verification has no inventory number. It will not be inserted."
"3 · Verificaciones","304","Verification has no inventory number. It will not be inserted."
"3 · Verificaciones","305","Verification has no inventory number. It will not be inserted."
"3 · Verificaciones","306","Verification has no inventory number. It will not be inserted."
"3 · Verificaciones","307","Verification has no inventory number. It will not be inserted."
"3 · Verificaciones","308","Verification has no inventory number. It will not be inserted."
"3 · Verificaciones","309","Verification has no inventory number. It will not be inserted."
"3 · Verificaciones","310","Verification has no inventory number. It will not be inserted."
"3 · Verificaciones","311","Verification has no inventory number. It will not be inserted."
"3 · Verificaciones","312","Verification has no inventory number. It will not be inserted."
"3 · Verificaciones","313","Unknown inventory 'H4' in verification."
"3 · Verificaciones","314","Verification has no inventory number. It will not be inserted."
"3 · Verificaciones","315","Verification has no inventory number. It will not be inserted."
"3 · Verificaciones","316","Verification has no inventory number. It will not be inserted."
"3 · Verificaciones","317","Verification has no inventory number. It will not be inserted."
"3 · Verificaciones","318","Verification has no inventory number. It will not be inserted."
"3 · Verificaciones","319","Verification has no inventory number. It will not be inserted."
"3 · Verificaciones","320","Verification has no inventory number. It will not be inserted."
"3 · Verificaciones","321","Verification has no inventory number. It will not be inserted."
"3 · Verificaciones","322","Verification has no inventory number. It will not be inserted."
"3 · Verificaciones","323","Verification has no inventory number. It will not be inserted."
"3 · Verificaciones","324","Verification has no inventory number. It will not be inserted."
"3 · Verificaciones","325","Verification has no inventory number. It will not be inserted."
"3 · Verificaciones","326","Verification has no inventory number. It will not be inserted."
"3 · Verificaciones","327","Verification has no inventory number. It will not be inserted."
"3 · Verificaciones","328","Verification has no inventory number. It will not be inserted."
"3 · Verificaciones","329","Verification has no inventory number. It will not be inserted."
"3 · Verificaciones","330","Unknown inventory 'H5' in verification."
"3 · Verificaciones","331","Verification has no inventory number. It will not be inserted."
"3 · Verificaciones","332","Verification has no inventory number. It will not be inserted."
"3 · Verificaciones","333","Verification has no inventory number. It will not be inserted."
"3 · Verificaciones","334","Verification has no inventory number. It will not be inserted."
"3 · Verificaciones","335","Verification has no inventory number. It will not be inserted."
"3 · Verificaciones","336","Verification has no inventory number. It will not be inserted."
"3 · Verificaciones","337","Verification has no inventory number. It will not be inserted."
"3 · Verificaciones","338","Verification has no inventory number. It will not be inserted."
"3 · Verificaciones","339","Verification has no inventory number. It will not be inserted."
"3 · Verificaciones","340","Verification has no inventory number. It will not be inserted."
"3 · Verificaciones","341","Verification has no inventory number. It will not be inserted."
"3 · Verificaciones","342","Verification has no inventory number. It will not be inserted."
"3 · Verificaciones","343","Verification has no inventory number. It will not be inserted."
"3 · Verificaciones","344","Verification has no inventory number. It will not be inserted."
"3 · Verificaciones","345","Verification has no inventory number. It will not be inserted."
"3 · Verificaciones","346","Unknown inventory 'H6' in verification."
"3 · Verificaciones","347","Verification has no inventory number. It will not be inserted."
"3 · Verificaciones","348","Verification has no inventory number. It will not be inserted."
"3 · Verificaciones","349","Verification has no inventory number. It will not be inserted."
"3 · Verificaciones","350","Verification has no inventory number. It will not be inserted."
"3 · Verificaciones","351","Verification has no inventory number. It will not be inserted."
"3 · Verificaciones","352","Verification has no inventory number. It will not be inserted."
"3 · Verificaciones","353","Verification has no inventory number. It will not be inserted."
"3 · Verificaciones","354","Verification has no inventory number. It will not be inserted."
"3 · Verificaciones","355","Verification has no inventory number. It will not be inserted."
"3 · Verificaciones","356","Verification has no inventory number. It will not be inserted."
"3 · Verificaciones","357","Verification has no inventory number. It will not be inserted."
"3 · Verificaciones","358","Verification has no inventory number. It will not be inserted."
"3 · Verificaciones","359","Verification has no inventory number. It will not be inserted."
"3 · Verificaciones","360","Verification has no inventory number. It will not be inserted."
"3 · Verificaciones","361","Verification has no inventory number. It will not be inserted."
"3 · Verificaciones","362","Verification has no inventory number. It will not be inserted."
"3 · Verificaciones","363","Unknown inventory 'H7' in verification."
"3 · Verificaciones","364","Verification has no inventory number. It will not be inserted."
"3 · Verificaciones","365","Verification has no inventory number. It will not be inserted."
"3 · Verificaciones","366","Verification has no inventory number. It will not be inserted."
"3 · Verificaciones","367","Verification has no inventory number. It will not be inserted."
"3 · Verificaciones","368","Verification has no inventory number. It will not be inserted."
"3 · Verificaciones","369","Verification has no inventory number. It will not be inserted."
"3 · Verificaciones","370","Verification has no inventory number. It will not be inserted."
"3 · Verificaciones","371","Verification has no inventory number. It will not be inserted."
"3 · Verificaciones","372","Verification has no inventory number. It will not be inserted."
"3 · Verificaciones","373","Verification has no inventory number. It will not be inserted."
"3 · Verificaciones","374","Verification has no inventory number. It will not be inserted."
"3 · Verificaciones","375","Verification has no inventory number. It will not be inserted."
"3 · Verificaciones","376","Verification has no inventory number. It will not be inserted."
"3 · Verificaciones","377","Verification has no inventory number. It will not be inserted."
"3 · Verificaciones","378","Verification has no inventory number. It will not be inserted."
"3 · Verificaciones","379","Verification has no inventory number. It will not be inserted."
"3 · Verificaciones","380","Verification has no inventory number. It will not be inserted."
"3 · Verificaciones","381","Verification has no inventory number. It will not be inserted."
"3 · Verificaciones","382","Verification has no inventory number. It will not be inserted."
"3 · Verificaciones","383","Verification has no inventory number. It will not be inserted."
"3 · Verificaciones","384","Verification has no inventory number. It will not be inserted."
"3 · Verificaciones","385","Verification has no inventory number. It will not be inserted."
"3 · Verificaciones","386","Verification has no inventory number. It will not be inserted."
"3 · Verificaciones","387","Verification has no inventory number. It will not be inserted."
"3 · Verificaciones","388","Verification has no inventory number. It will not be inserted."
"3 · Verificaciones","389","Verification has no inventory number. It will not be inserted."
"3 · Verificaciones","390","Unknown inventory 'k1' in verification."
"3 · Verificaciones","391","Verification has no inventory number. It will not be inserted."
"3 · Verificaciones","392","Verification has no inventory number. It will not be inserted."
"3 · Verificaciones","393","Verification has no inventory number. It will not be inserted."
"3 · Verificaciones","394","Verification has no inventory number. It will not be inserted."
"3 · Verificaciones","395","Verification has no inventory number. It will not be inserted."
"3 · Verificaciones","396","Verification has no inventory number. It will not be inserted."
"3 · Verificaciones","397","Verification has no inventory number. It will not be inserted."
"3 · Verificaciones","398","Verification has no inventory number. It will not be inserted."
"3 · Verificaciones","399","Verification has no inventory number. It will not be inserted."
"3 · Verificaciones","400","Verification has no inventory number. It will not be inserted."
"3 · Verificaciones","401","Verification has no inventory number. It will not be inserted."
"3 · Verificaciones","402","Verification has no inventory number. It will not be inserted."
"3 · Verificaciones","403","Verification has no inventory number. It will not be inserted."
"3 · Verificaciones","404","Unknown inventory 'k2' in verification."
"3 · Verificaciones","405","Verification has no inventory number. It will not be inserted."
"3 · Verificaciones","406","Verification has no inventory number. It will not be inserted."
"3 · Verificaciones","407","Verification has no inventory number. It will not be inserted."
"3 · Verificaciones","408","Unknown inventory 'k3' in verification."
"3 · Verificaciones","409","Verification has no inventory number. It will not be inserted."
"3 · Verificaciones","410","Verification has no inventory number. It will not be inserted."
"3 · Verificaciones","411","Verification has no inventory number. It will not be inserted."
"3 · Verificaciones","412","Verification has no inventory number. It will not be inserted."
"3 · Verificaciones","413","Unknown inventory 'k4' in verification."
"3 · Verificaciones","414","Verification has no inventory number. It will not be inserted."
"3 · Verificaciones","415","Verification has no inventory number. It will not be inserted."
"3 · Verificaciones","416","Verification has no inventory number. It will not be inserted."
"3 · Verificaciones","417","Verification has no inventory number. It will not be inserted."
"3 · Verificaciones","418","Unknown inventory 'k5' in verification."
"3 · Verificaciones","419","Verification has no inventory number. It will not be inserted."
"3 · Verificaciones","420","Verification has no inventory number. It will not be inserted."
"3 · Verificaciones","421","Verification has no inventory number. It will not be inserted."
"3 · Verificaciones","422","Unknown inventory 'k6' in verification."
"3 · Verificaciones","423","Verification has no inventory number. It will not be inserted."
"3 · Verificaciones","424","Verification has no inventory number. It will not be inserted."
"3 · Verificaciones","425","Unknown inventory 'h102' in verification."
"3 · Verificaciones","426","Verification has no inventory number. It will not be inserted."
"3 · Verificaciones","427","Verification has no inventory number. It will not be inserted."
"3 · Verificaciones","428","Verification has no inventory number. It will not be inserted."
"3 · Verificaciones","429","Verification has no inventory number. It will not be inserted."
"3 · Verificaciones","430","Verification has no inventory number. It will not be inserted."
"3 · Verificaciones","431","Verification has no inventory number. It will not be inserted."
"3 · Verificaciones","432","Verification has no inventory number. It will not be inserted."
"3 · Verificaciones","433","Verification has no inventory number. It will not be inserted."
"3 · Verificaciones","434","Verification has no inventory number. It will not be inserted."
"3 · Verificaciones","435","Verification has no inventory number. It will not be inserted."
"3 · Verificaciones","436","Verification has no inventory number. It will not be inserted."
"3 · Verificaciones","437","Unknown inventory 'h103' in verification."
"3 · Verificaciones","438","Verification has no inventory number. It will not be inserted."
"3 · Verificaciones","439","Verification has no inventory number. It will not be inserted."
"3 · Verificaciones","440","Verification has no inventory number. It will not be inserted."
"3 · Verificaciones","441","Verification has no inventory number. It will not be inserted."
"3 · Verificaciones","442","Verification has no inventory number. It will not be inserted."
"3 · Verificaciones","443","Verification has no inventory number. It will not be inserted."
"3 · Verificaciones","444","Verification has no inventory number. It will not be inserted."
"3 · Verificaciones","445","Verification has no inventory number. It will not be inserted."
"3 · Verificaciones","446","Verification has no inventory number. It will not be inserted."
"3 · Verificaciones","447","Verification has no inventory number. It will not be inserted."
"3 · Verificaciones","448","Verification has no inventory number. It will not be inserted."
"3 · Verificaciones","449","Verification has no inventory number. It will not be inserted."
"3 · Verificaciones","450","Unknown inventory 'H104' in verification."
"3 · Verificaciones","451","Verification has no inventory number. It will not be inserted."
"3 · Verificaciones","452","Verification has no inventory number. It will not be inserted."
"3 · Verificaciones","453","Verification has no inventory number. It will not be inserted."
"3 · Verificaciones","454","Verification has no inventory number. It will not be inserted."
"3 · Verificaciones","455","Verification has no inventory number. It will not be inserted."
"3 · Verificaciones","456","Verification has no inventory number. It will not be inserted."
"3 · Verificaciones","457","Verification has no inventory number. It will not be inserted."
"3 · Verificaciones","458","Verification has no inventory number. It will not be inserted."
"3 · Verificaciones","459","Unknown inventory 'H105' in verification."
"3 · Verificaciones","460","Verification has no inventory number. It will not be inserted."
"3 · Verificaciones","461","Verification has no inventory number. It will not be inserted."
"3 · Verificaciones","462","Verification has no inventory number. It will not be inserted."
"3 · Verificaciones","463","Verification has no inventory number. It will not be inserted."
"3 · Verificaciones","464","Verification has no inventory number. It will not be inserted."
"3 · Verificaciones","465","Unknown inventory 'H106' in verification."
"3 · Verificaciones","466","Verification has no inventory number. It will not be inserted."
"3 · Verificaciones","467","Verification has no inventory number. It will not be inserted."
"3 · Verificaciones","468","Verification has no inventory number. It will not be inserted."
"3 · Verificaciones","469","Verification has no inventory number. It will not be inserted."
"3 · Verificaciones","470","Verification has no inventory number. It will not be inserted."
"3 · Verificaciones","471","Verification has no inventory number. It will not be inserted."
"3 · Verificaciones","472","Unknown inventory 'H107' in verification."
"3 · Verificaciones","473","Verification has no inventory number. It will not be inserted."
"3 · Verificaciones","474","Verification has no inventory number. It will not be inserted."
"3 · Verificaciones","475","Verification has no inventory number. It will not be inserted."
"3 · Verificaciones","476","Verification has no inventory number. It will not be inserted."
"3 · Verificaciones","477","Verification has no inventory number. It will not be inserted."
"3 · Verificaciones","478","Unknown inventory 'OFICINA' in verification."
"3 · Verificaciones","479","Verification has no inventory number. It will not be inserted."
"3 · Verificaciones","480","Verification has no inventory number. It will not be inserted."
"3 · Verificaciones","481","Verification has no inventory number. It will not be inserted."
"3 · Verificaciones","482","Verification has no inventory number. It will not be inserted."
"3 · Verificaciones","483","Verification has no inventory number. It will not be inserted."
"3 · Verificaciones","484","Verification has no inventory number. It will not be inserted."
"3 · Verificaciones","485","Unknown inventory 'AREA CIRCULACION' in verification."
"3 · Verificaciones","486","Verification has no inventory number. It will not be inserted."
"3 · Verificaciones","487","Verification has no inventory number. It will not be inserted."
"3 · Verificaciones","488","Verification has no inventory number. It will not be inserted."
"3 · Verificaciones","489","Verification has no inventory number. It will not be inserted."
"3 · Verificaciones","490","Verification has no inventory number. It will not be inserted."
"3 · Verificaciones","491","Verification has no inventory number. It will not be inserted."
"3 · Verificaciones","492","Verification has no inventory number. It will not be inserted."
"3 · Verificaciones","493","Verification has no inventory number. It will not be inserted."
"3 · Verificaciones","494","Verification has no inventory number. It will not be inserted."
"3 · Verificaciones","495","Verification has no inventory number. It will not be inserted."
"3 · Verificaciones","496","Unknown inventory 'VESTUARIOS' in verification."
"3 · Verificaciones","497","Verification has no inventory number. It will not be inserted."
"3 · Verificaciones","498","Verification has no inventory number. It will not be inserted."
"3 · Verificaciones","499","Unknown inventory 'SLA DOCENTE' in verification."
"3 · Verificaciones","500","Verification has no inventory number. It will not be inserted."
"3 · Verificaciones","501","Verification has no inventory number. It will not be inserted."
"3 · Verificaciones","502","Verification has no inventory number. It will not be inserted."
"3 · Verificaciones","503","Verification has no inventory number. It will not be inserted."
"3 · Verificaciones","504","Verification has no inventory number. It will not be inserted."
"3 · Verificaciones","505","Verification has no inventory number. It will not be inserted."
"3 · Verificaciones","506","Verification has no inventory number. It will not be inserted."
"3 · Verificaciones","507","Verification has no inventory number. It will not be inserted."
"3 · Verificaciones","508","Unknown inventory 'ECONOMATO' in verification."
"3 · Verificaciones","509","Verification has no inventory number. It will not be inserted."
"3 · Verificaciones","510","Verification has no inventory number. It will not be inserted."
"3 · Verificaciones","511","Verification has no inventory number. It will not be inserted."
"3 · Verificaciones","512","Verification has no inventory number. It will not be inserted."
"3 · Verificaciones","513","Verification has no inventory number. It will not be inserted."
"3 · Verificaciones","514","Verification has no inventory number. It will not be inserted."
"3 · Verificaciones","515","Verification has no inventory number. It will not be inserted."
"3 · Verificaciones","516","Verification has no inventory number. It will not be inserted."
"3 · Verificaciones","517","Verification has no inventory number. It will not be inserted."
"3 · Verificaciones","518","Verification has no inventory number. It will not be inserted."
"3 · Verificaciones","519","Verification has no inventory number. It will not be inserted."
"3 · Verificaciones","520","Verification has no inventory number. It will not be inserted."
"3 · Verificaciones","521","Verification has no inventory number. It will not be inserted."
"3 · Verificaciones","522","Verification has no inventory number. It will not be inserted."
"3 · Verificaciones","523","Verification has no inventory number. It will not be inserted."
"3 · Verificaciones","524","Verification has no inventory number. It will not be inserted."
"3 · Verificaciones","525","Verification has no inventory number. It will not be inserted."
"3 · Verificaciones","526","Verification has no inventory number. It will not be inserted."
"3 · Verificaciones","527","Verification has no inventory number. It will not be inserted."
"3 · Verificaciones","528","Verification has no inventory number. It will not be inserted."
"3 · Verificaciones","529","Verification has no inventory number. It will not be inserted."
"3 · Verificaciones","530","Verification has no inventory number. It will not be inserted."
"3 · Verificaciones","531","Verification has no inventory number. It will not be inserted."
"3 · Verificaciones","532","Verification has no inventory number. It will not be inserted."
"3 · Verificaciones","533","Verification has no inventory number. It will not be inserted."
"3 · Verificaciones","534","Verification has no inventory number. It will not be inserted."
"3 · Verificaciones","535","Verification has no inventory number. It will not be inserted."
"3 · Verificaciones","536","Verification has no inventory number. It will not be inserted."
"3 · Verificaciones","537","Verification has no inventory number. It will not be inserted."
"3 · Verificaciones","538","Verification has no inventory number. It will not be inserted."
"3 · Verificaciones","539","Verification has no inventory number. It will not be inserted."
"3 · Verificaciones","540","Verification has no inventory number. It will not be inserted."
"3 · Verificaciones","541","Verification has no inventory number. It will not be inserted."
"3 · Verificaciones","542","Verification has no inventory number. It will not be inserted."
"3 · Verificaciones","543","Verification has no inventory number. It will not be inserted."
"3 · Verificaciones","544","Verification has no inventory number. It will not be inserted."
"3 · Verificaciones","545","Verification has no inventory number. It will not be inserted."
"3 · Verificaciones","546","Verification has no inventory number. It will not be inserted."
"3 · Verificaciones","547","Verification has no inventory number. It will not be inserted."
"3 · Verificaciones","548","Verification has no inventory number. It will not be inserted."
"3 · Verificaciones","549","Verification has no inventory number. It will not be inserted."
"3 · Verificaciones","550","Verification has no inventory number. It will not be inserted."
"3 · Verificaciones","551","Verification has no inventory number. It will not be inserted."
"3 · Verificaciones","552","Verification has no inventory number. It will not be inserted."
"3 · Verificaciones","553","Verification has no inventory number. It will not be inserted."
"3 · Verificaciones","554","Verification has no inventory number. It will not be inserted."
"3 · Verificaciones","555","Verification has no inventory number. It will not be inserted."
"3 · Verificaciones","556","Verification has no inventory number. It will not be inserted."
"3 · Verificaciones","557","Verification has no inventory number. It will not be inserted."
"3 · Verificaciones","558","Verification has no inventory number. It will not be inserted."
"3 · Verificaciones","559","Verification has no inventory number. It will not be inserted."
"3 · Verificaciones","560","Verification has no inventory number. It will not be inserted."
"3 · Verificaciones","561","Verification has no inventory number. It will not be inserted."
"3 · Verificaciones","562","Verification has no inventory number. It will not be inserted."
"3 · Verificaciones","563","Verification has no inventory number. It will not be inserted."
"3 · Verificaciones","564","Verification has no inventory number. It will not be inserted."
"3 · Verificaciones","565","Verification has no inventory number. It will not be inserted."
"3 · Verificaciones","566","Verification has no inventory number. It will not be inserted."
"3 · Verificaciones","567","Verification has no inventory number. It will not be inserted."
"3 · Verificaciones","568","Verification has no inventory number. It will not be inserted."
"3 · Verificaciones","569","Verification has no inventory number. It will not be inserted."
"3 · Verificaciones","570","Verification has no inventory number. It will not be inserted."
"3 · Verificaciones","571","Verification has no inventory number. It will not be inserted."
"3 · Verificaciones","572","Verification has no inventory number. It will not be inserted."
"3 · Verificaciones","573","Verification has no inventory number. It will not be inserted."
"3 · Verificaciones","574","Verification has no inventory number. It will not be inserted."
"3 · Verificaciones","575","Verification has no inventory number. It will not be inserted."
"3 · Verificaciones","576","Verification has no inventory number. It will not be inserted."
"3 · Verificaciones","577","Verification has no inventory number. It will not be inserted."
"3 · Verificaciones","578","Verification has no inventory number. It will not be inserted."
"3 · Verificaciones","579","Verification has no inventory number. It will not be inserted."
"3 · Verificaciones","580","Verification has no inventory number. It will not be inserted."
"3 · Verificaciones","581","Verification has no inventory number. It will not be inserted."
"3 · Verificaciones","582","Verification has no inventory number. It will not be inserted."
"3 · Verificaciones","583","Verification has no inventory number. It will not be inserted."
"3 · Verificaciones","584","Verification has no inventory number. It will not be inserted."
"3 · Verificaciones","585","Verification has no inventory number. It will not be inserted."
"3 · Verificaciones","586","Verification has no inventory number. It will not be inserted."
"3 · Verificaciones","587","Verification has no inventory number. It will not be inserted."
"3 · Verificaciones","588","Verification has no inventory number. It will not be inserted."
"3 · Verificaciones","589","Verification has no inventory number. It will not be inserted."
"3 · Verificaciones","590","Verification has no inventory number. It will not be inserted."
"3 · Verificaciones","591","Verification has no inventory number. It will not be inserted."
"3 · Verificaciones","592","Verification has no inventory number. It will not be inserted."
"3 · Verificaciones","593","Verification has no inventory number. It will not be inserted."
"3 · Verificaciones","594","Verification has no inventory number. It will not be inserted."
"3 · Verificaciones","595","Verification has no inventory number. It will not be inserted."
"3 · Verificaciones","596","Verification has no inventory number. It will not be inserted."
"3 · Verificaciones","597","Verification has no inventory number. It will not be inserted."
"3 · Verificaciones","598","Verification has no inventory number. It will not be inserted."
"3 · Verificaciones","599","Verification has no inventory number. It will not be inserted."
"3 · Verificaciones","600","Verification has no inventory number. It will not be inserted."
"3 · Verificaciones","601","Verification has no inventory number. It will not be inserted."
"3 · Verificaciones","602","Verification has no inventory number. It will not be inserted."
"3 · Verificaciones","603","Verification has no inventory number. It will not be inserted."
"3 · Verificaciones","604","Verification has no inventory number. It will not be inserted."
"3 · Verificaciones","605","Verification has no inventory number. It will not be inserted."
"3 · Verificaciones","606","Verification has no inventory number. It will not be inserted."
"3 · Verificaciones","607","Verification has no inventory number. It will not be inserted."
"3 · Verificaciones","608","Verification has no inventory number. It will not be inserted."
"3 · Verificaciones","609","Verification has no inventory number. It will not be inserted."
"3 · Verificaciones","610","Verification has no inventory number. It will not be inserted."
"3 · Verificaciones","611","Verification has no inventory number. It will not be inserted."
"3 · Verificaciones","612","Verification has no inventory number. It will not be inserted."
"3 · Verificaciones","613","Verification has no inventory number. It will not be inserted."
"3 · Verificaciones","614","Verification has no inventory number. It will not be inserted."
"3 · Verificaciones","615","Verification has no inventory number. It will not be inserted."
"3 · Verificaciones","616","Verification has no inventory number. It will not be inserted."
"3 · Verificaciones","617","Verification has no inventory number. It will not be inserted."
"3 · Verificaciones","618","Verification has no inventory number. It will not be inserted."
"3 · Verificaciones","619","Verification has no inventory number. It will not be inserted."
"3 · Verificaciones","620","Verification has no inventory number. It will not be inserted."
"3 · Verificaciones","621","Verification has no inventory number. It will not be inserted."
"3 · Verificaciones","622","Verification has no inventory number. It will not be inserted."
"3 · Verificaciones","623","Verification has no inventory number. It will not be inserted."
"3 · Verificaciones","624","Verification has no inventory number. It will not be inserted."
"3 · Verificaciones","625","Verification has no inventory number. It will not be inserted."
"3 · Verificaciones","626","Verification has no inventory number. It will not be inserted."
"3 · Verificaciones","627","Verification has no inventory number. It will not be inserted."
"3 · Verificaciones","628","Verification has no inventory number. It will not be inserted."
"3 · Verificaciones","629","Verification has no inventory number. It will not be inserted."
"3 · Verificaciones","630","Verification has no inventory number. It will not be inserted."
"3 · Verificaciones","631","Verification has no inventory number. It will not be inserted."
"3 · Verificaciones","632","Verification has no inventory number. It will not be inserted."
"3 · Verificaciones","633","Verification has no inventory number. It will not be inserted."
"3 · Verificaciones","634","Verification has no inventory number. It will not be inserted."
"3 · Verificaciones","635","Verification has no inventory number. It will not be inserted."
"3 · Verificaciones","636","Verification has no inventory number. It will not be inserted."
"3 · Verificaciones","637","Verification has no inventory number. It will not be inserted."
"3 · Verificaciones","638","Verification has no inventory number. It will not be inserted."
"3 · Verificaciones","639","Verification has no inventory number. It will not be inserted."
"3 · Verificaciones","640","Verification has no inventory number. It will not be inserted."
"3 · Verificaciones","641","Verification has no inventory number. It will not be inserted."
"3 · Verificaciones","642","Verification has no inventory number. It will not be inserted."
"3 · Verificaciones","643","Verification has no inventory number. It will not be inserted."
"3 · Verificaciones","644","Verification has no inventory number. It will not be inserted."
"3 · Verificaciones","645","Verification has no inventory number. It will not be inserted."
"3 · Verificaciones","646","Verification has no inventory number. It will not be inserted."
"3 · Verificaciones","647","Verification has no inventory number. It will not be inserted."
"3 · Verificaciones","648","Verification has no inventory number. It will not be inserted."
"3 · Verificaciones","649","Verification has no inventory number. It will not be inserted."
"3 · Verificaciones","650","Verification has no inventory number. It will not be inserted."
"3 · Verificaciones","651","Verification has no inventory number. It will not be inserted."
"3 · Verificaciones","652","Verification has no inventory number. It will not be inserted."
"3 · Verificaciones","653","Verification has no inventory number. It will not be inserted."
"3 · Verificaciones","654","Verification has no inventory number. It will not be inserted."
"3 · Verificaciones","655","Verification has no inventory number. It will not be inserted."
"3 · Verificaciones","656","Verification has no inventory number. It will not be inserted."
"3 · Verificaciones","657","Verification has no inventory number. It will not be inserted."
"3 · Verificaciones","658","Verification has no inventory number. It will not be inserted."
"3 · Verificaciones","659","Verification has no inventory number. It will not be inserted."
"3 · Verificaciones","660","Verification has no inventory number. It will not be inserted."
"3 · Verificaciones","661","Verification has no inventory number. It will not be inserted."
"3 · Verificaciones","662","Verification has no inventory number. It will not be inserted."
"3 · Verificaciones","663","Verification has no inventory number. It will not be inserted."
"3 · Verificaciones","664","Verification has no inventory number. It will not be inserted."
"3 · Verificaciones","665","Verification has no inventory number. It will not be inserted."
"4 · Solicitudes","8","Inventory '34745' has no laboratory for request."
"4 · Solicitudes","9","Inventory '34746' has no laboratory for request."
"4 · Solicitudes","12","Inventory '34181' has no laboratory for request."
"4 · Solicitudes","13","Request has no valid inventory number."
"4 · Solicitudes","14","Inventory '34183' has no laboratory for request."
"4 · Solicitudes","15","Inventory '34184' has no laboratory for request."
"4 · Solicitudes","16","Inventory '49511' has no laboratory for request."
"4 · Solicitudes","17","Inventory '34249' has no laboratory for request."
"4 · Solicitudes","18","Inventory '34738' has no laboratory for request."
"4 · Solicitudes","19","Inventory '34739' has no laboratory for request."
"4 · Solicitudes","20","Request has no valid inventory number."
"4 · Solicitudes","21","Inventory '34363' has no laboratory for request."
"4 · Solicitudes","23","Inventory '49820' has no laboratory for request."
"4 · Solicitudes","24","Inventory '34188' has no laboratory for request."
"4 · Solicitudes","24","Inventory '34189' has no laboratory for request."
"4 · Solicitudes","24","Inventory '34190' has no laboratory for request."
"4 · Solicitudes","24","Inventory '34191' has no laboratory for request."
"4 · Solicitudes","24","Inventory '34192' has no laboratory for request."
"4 · Solicitudes","24","Inventory '34193' has no laboratory for request."
"4 · Solicitudes","25","Inventory '34076' has no laboratory for request."
"4 · Solicitudes","25","Inventory '34077' has no laboratory for request."
"4 · Solicitudes","25","Inventory '34046' has no laboratory for request."
"4 · Solicitudes","25","Inventory '34047' has no laboratory for request."
"4 · Solicitudes","25","Inventory '34075' has no laboratory for request."
"4 · Solicitudes","26","Inventory '37361' has no laboratory for request."
"4 · Solicitudes","27","Inventory '26681' has no laboratory for request."
"4 · Solicitudes","28","Inventory '37273' has no laboratory for request."
"4 · Solicitudes","29","Inventory '37271' has no laboratory for request."
"4 · Solicitudes","30","Inventory '37269' has no laboratory for request."
"4 · Solicitudes","31","Inventory '37267' has no laboratory for request."
"4 · Solicitudes","32","Inventory '37272' has no laboratory for request."
"4 · Solicitudes","33","Inventory '37270' has no laboratory for request."
"4 · Solicitudes","34","Inventory '37268' has no laboratory for request."
"4 · Solicitudes","35","Inventory '37266' has no laboratory for request."
"4 · Solicitudes","36","Inventory '33706' has no laboratory for request."
"4 · Solicitudes","37","Inventory '25509' has no laboratory for request."
"4 · Solicitudes","38","Inventory '25510' has no laboratory for request."
"4 · Solicitudes","39","Inventory '25511' has no laboratory for request."
"4 · Solicitudes","40","Inventory '25513' has no laboratory for request."
"4 · Solicitudes","41","Inventory '25511' has no laboratory for request."
"4 · Solicitudes","43","Request has no valid inventory number."
"4 · Solicitudes","44","Request has no valid inventory number."
"4 · Solicitudes","45","Request has no valid inventory number."
"4 · Solicitudes","46","Request has no valid inventory number."
"4 · Solicitudes","47","Request has no valid inventory number."
"4 · Solicitudes","48","Request has no valid inventory number."
"4 · Solicitudes","49","Request has no valid inventory number."
"4 · Solicitudes","50","Request has no valid inventory number."
"4 · Solicitudes","51","Request has no valid inventory number."
"4 · Solicitudes","52","Request has no valid inventory number."
"4 · Solicitudes","53","Inventory '35434' has no laboratory for request."
"4 · Solicitudes","54","Inventory '35435' has no laboratory for request."
"4 · Solicitudes","55","Inventory '35436' has no laboratory for request."
"4 · Solicitudes","56","Inventory '35430' has no laboratory for request."
"4 · Solicitudes","57","Inventory '35428' has no laboratory for request."
"4 · Solicitudes","58","Inventory '35433' has no laboratory for request."
"4 · Solicitudes","59","Inventory '35431' has no laboratory for request."
"4 · Solicitudes","60","Inventory '35429' has no laboratory for request."
"4 · Solicitudes","61","Inventory '35432' has no laboratory for request."
"4 · Solicitudes","62","Inventory '49512' has no laboratory for request."
"4 · Solicitudes","63","Inventory '35437' has no laboratory for request."
"4 · Solicitudes","64","Inventory '34740' has no laboratory for request."
"4 · Solicitudes","65","Inventory '35438' has no laboratory for request."
"4 · Solicitudes","66","Inventory '35423' has no laboratory for request."
"4 · Solicitudes","67","Inventory '34248' has no laboratory for request."
"4 · Solicitudes","68","Inventory '30784' has no laboratory for request."
"4 · Solicitudes","69","Inventory '35417' has no laboratory for request."
"4 · Solicitudes","69","Inventory '35418' has no laboratory for request."
"4 · Solicitudes","69","Inventory '35419' has no laboratory for request."
"4 · Solicitudes","69","Inventory '35420' has no laboratory for request."
"4 · Solicitudes","69","Inventory '35421' has no laboratory for request."
"4 · Solicitudes","69","Inventory '35422' has no laboratory for request."
"4 · Solicitudes","70","Inventory '35411' has no laboratory for request."
"4 · Solicitudes","70","Inventory '35412' has no laboratory for request."
"4 · Solicitudes","70","Inventory '35413' has no laboratory for request."
"4 · Solicitudes","70","Inventory '35414' has no laboratory for request."
"4 · Solicitudes","70","Inventory '35415' has no laboratory for request."
"4 · Solicitudes","70","Inventory '35416' has no laboratory for request."
"4 · Solicitudes","71","Inventory '49821' has no laboratory for request."
"4 · Solicitudes","72","Inventory '47790' has no laboratory for request."
"4 · Solicitudes","73","Inventory '34420' has no laboratory for request."
"4 · Solicitudes","74","Inventory '38641' has no laboratory for request."
"4 · Solicitudes","75","Inventory '39161' has no laboratory for request."
"4 · Solicitudes","76","Inventory '39171' has no laboratory for request."
"4 · Solicitudes","77","Inventory '44904' has no laboratory for request."
"4 · Solicitudes","78","Inventory '44905' has no laboratory for request."
"4 · Solicitudes","79","Inventory '44906' has no laboratory for request."
"4 · Solicitudes","80","Inventory '44907' has no laboratory for request."
"4 · Solicitudes","81","Inventory '44908' has no laboratory for request."
"4 · Solicitudes","82","Inventory '35394' has no laboratory for request."
"4 · Solicitudes","83","Inventory '34749' has no laboratory for request."
"4 · Solicitudes","84","Inventory '34186' has no laboratory for request."
"4 · Solicitudes","85","Inventory '34187' has no laboratory for request."
"4 · Solicitudes","86","Inventory '34247' has no laboratory for request."
"4 · Solicitudes","87","Inventory '34515' has no laboratory for request."
"4 · Solicitudes","88","Inventory '34520' has no laboratory for request."
"4 · Solicitudes","89","Inventory '34373' has no laboratory for request."
"4 · Solicitudes","90","Inventory '49513' has no laboratory for request."
"4 · Solicitudes","91","Request has no valid inventory number."
"4 · Solicitudes","92","Request has no valid inventory number."
"4 · Solicitudes","93","Inventory '49221' has no laboratory for request."
"4 · Solicitudes","95","Inventory '38639' has no laboratory for request."
"4 · Solicitudes","96","Inventory '37256' has no laboratory for request."
"4 · Solicitudes","97","Inventory '37257' has no laboratory for request."
"4 · Solicitudes","98","Inventory '37258' has no laboratory for request."
"4 · Solicitudes","99","Inventory '37216' has no laboratory for request."
"4 · Solicitudes","100","Inventory '37221' has no laboratory for request."
"4 · Solicitudes","101","Inventory '37219' has no laboratory for request."
"4 · Solicitudes","102","Inventory '37217' has no laboratory for request."
"4 · Solicitudes","103","Inventory '37220' has no laboratory for request."
"4 · Solicitudes","104","Inventory '37218' has no laboratory for request."
"4 · Solicitudes","105","Inventory '49514' has no laboratory for request."
"4 · Solicitudes","106","Inventory '37251' has no laboratory for request."
"4 · Solicitudes","107","Inventory '33308' has no laboratory for request."
"4 · Solicitudes","108","Inventory '49822' has no laboratory for request."
"4 · Solicitudes","109","Inventory '37286' has no laboratory for request."
"4 · Solicitudes","109","Inventory '37287' has no laboratory for request."
"4 · Solicitudes","109","Inventory '37288' has no laboratory for request."
"4 · Solicitudes","109","Inventory '37289' has no laboratory for request."
"4 · Solicitudes","109","Inventory '37290' has no laboratory for request."
"4 · Solicitudes","109","Inventory '37291' has no laboratory for request."
"4 · Solicitudes","110","Request has no valid inventory number."
"4 · Solicitudes","111","Inventory '47789' has no laboratory for request."
"4 · Solicitudes","112","Inventory '38643' has no laboratory for request."
"4 · Solicitudes","113","Inventory '37261' has no laboratory for request."
"4 · Solicitudes","114","Inventory '37262' has no laboratory for request."
"4 · Solicitudes","115","Inventory '37215' has no laboratory for request."
"4 · Solicitudes","116","Inventory '37213' has no laboratory for request."
"4 · Solicitudes","117","Inventory '37211' has no laboratory for request."
"4 · Solicitudes","118","Inventory '37214' has no laboratory for request."
"4 · Solicitudes","119","Inventory '37212' has no laboratory for request."
"4 · Solicitudes","120","Inventory '37210' has no laboratory for request."
"4 · Solicitudes","121","Inventory '49515' has no laboratory for request."
"4 · Solicitudes","122","Inventory '37250' has no laboratory for request."
"4 · Solicitudes","123","Inventory '35075' has no laboratory for request."
"4 · Solicitudes","124","Inventory '49823' has no laboratory for request."
"4 · Solicitudes","125","Request has no valid inventory number."
"4 · Solicitudes","126","Request has no valid inventory number."
"4 · Solicitudes","127","Inventory '47873' has no laboratory for request."
"4 · Solicitudes","128","Inventory '39169' has no laboratory for request."
"4 · Solicitudes","129","Inventory '37259' has no laboratory for request."
"4 · Solicitudes","130","Inventory '37260' has no laboratory for request."
"4 · Solicitudes","131","Inventory '37204' has no laboratory for request."
"4 · Solicitudes","132","Inventory '37209' has no laboratory for request."
"4 · Solicitudes","133","Inventory '37207' has no laboratory for request."
"4 · Solicitudes","134","Inventory '37205' has no laboratory for request."
"4 · Solicitudes","135","Inventory '37208' has no laboratory for request."
"4 · Solicitudes","136","Inventory '37206' has no laboratory for request."
"4 · Solicitudes","137","Inventory '49220' has no laboratory for request."
"4 · Solicitudes","138","Inventory '49516' has no laboratory for request."
"4 · Solicitudes","139","Inventory '37249' has no laboratory for request."
"4 · Solicitudes","140","Inventory '49224' has no laboratory for request."
"4 · Solicitudes","141","Request has no valid inventory number."
"4 · Solicitudes","142","Request has no valid inventory number."
"4 · Solicitudes","143","Inventory '49824' has no laboratory for request."
"4 · Solicitudes","144","Inventory '47874' has no laboratory for request."
"4 · Solicitudes","145","Inventory '39591' has no laboratory for request."
"4 · Solicitudes","146","Inventory '37300' has no laboratory for request."
"4 · Solicitudes","147","Inventory '35395' has no laboratory for request."
"4 · Solicitudes","148","Inventory '34365' has no laboratory for request."
"4 · Solicitudes","149","Inventory '35396' has no laboratory for request."
"4 · Solicitudes","150","Inventory '49134' has no laboratory for request."
"4 · Solicitudes","151","Inventory '49136' has no laboratory for request."
"4 · Solicitudes","152","Inventory '49190' has no laboratory for request."
"4 · Solicitudes","153","Inventory '49192' has no laboratory for request."
"4 · Solicitudes","154","Request has no valid inventory number."
"4 · Solicitudes","155","Request has no valid inventory number."
"4 · Solicitudes","156","Request has no valid inventory number."
"4 · Solicitudes","157","Inventory '49055' has no laboratory for request."
"4 · Solicitudes","158","Inventory '48885' has no laboratory for request."
"4 · Solicitudes","159","Inventory '49223' has no laboratory for request."
"4 · Solicitudes","160","Inventory '34245' has no laboratory for request."
"4 · Solicitudes","161","Inventory '34246' has no laboratory for request."
"4 · Solicitudes","162","Inventory '34409' has no laboratory for request."
"4 · Solicitudes","163","Inventory '37299' has no laboratory for request."
"4 · Solicitudes","164","Inventory '37297' has no laboratory for request."
"4 · Solicitudes","165","Inventory '34747' has no laboratory for request."
"4 · Solicitudes","166","Inventory '34748' has no laboratory for request."
"4 · Solicitudes","167","Inventory '37265' has no laboratory for request."
"4 · Solicitudes","168","Inventory '37263' has no laboratory for request."
"4 · Solicitudes","171","Inventory '34745' has no laboratory for request."
"4 · Solicitudes","172","Inventory '34746' has no laboratory for request."
"4 · Solicitudes","175","Inventory '34181' has no laboratory for request."
"4 · Solicitudes","176","Request has no valid inventory number."
"4 · Solicitudes","177","Inventory '34183' has no laboratory for request."
"4 · Solicitudes","178","Inventory '34184' has no laboratory for request."
"4 · Solicitudes","179","Inventory '49511' has no laboratory for request."
"4 · Solicitudes","180","Inventory '34249' has no laboratory for request."
"4 · Solicitudes","181","Inventory '34738' has no laboratory for request."
"4 · Solicitudes","182","Inventory '34739' has no laboratory for request."
"4 · Solicitudes","183","Request has no valid inventory number."
"4 · Solicitudes","184","Inventory '34363' has no laboratory for request."
"4 · Solicitudes","186","Inventory '49820' has no laboratory for request."
"4 · Solicitudes","187","Inventory '14298' has no laboratory for request."
"4 · Solicitudes","187","Inventory '2582' has no laboratory for request."
"4 · Solicitudes","187","Inventory '2584' has no laboratory for request."
"4 · Solicitudes","187","Inventory '2586' has no laboratory for request."
"4 · Solicitudes","187","Inventory '2588' has no laboratory for request."
"4 · Solicitudes","187","Inventory '2589' has no laboratory for request."
"4 · Solicitudes","188","Inventory '34188' has no laboratory for request."
"4 · Solicitudes","188","Inventory '34189' has no laboratory for request."
"4 · Solicitudes","188","Inventory '34190' has no laboratory for request."
"4 · Solicitudes","188","Inventory '34191' has no laboratory for request."
"4 · Solicitudes","188","Inventory '34192' has no laboratory for request."
"4 · Solicitudes","188","Inventory '34193' has no laboratory for request."
"4 · Solicitudes","189","Inventory '34076' has no laboratory for request."
"4 · Solicitudes","189","Inventory '34077' has no laboratory for request."
"4 · Solicitudes","189","Inventory '34046' has no laboratory for request."
"4 · Solicitudes","189","Inventory '34047' has no laboratory for request."
"4 · Solicitudes","189","Inventory '34075' has no laboratory for request."
"4 · Solicitudes","190","Inventory '35434' has no laboratory for request."
"4 · Solicitudes","191","Inventory '35435' has no laboratory for request."
"4 · Solicitudes","192","Inventory '35436' has no laboratory for request."
"4 · Solicitudes","193","Inventory '35430' has no laboratory for request."
"4 · Solicitudes","194","Inventory '35428' has no laboratory for request."
"4 · Solicitudes","195","Inventory '35433' has no laboratory for request."
"4 · Solicitudes","196","Inventory '35431' has no laboratory for request."
"4 · Solicitudes","197","Inventory '35429' has no laboratory for request."
"4 · Solicitudes","198","Inventory '35432' has no laboratory for request."
"4 · Solicitudes","199","Inventory '49512' has no laboratory for request."
"4 · Solicitudes","200","Inventory '35437' has no laboratory for request."
"4 · Solicitudes","201","Inventory '34740' has no laboratory for request."
"4 · Solicitudes","202","Inventory '35438' has no laboratory for request."
"4 · Solicitudes","203","Inventory '35423' has no laboratory for request."
"4 · Solicitudes","204","Inventory '34248' has no laboratory for request."
"4 · Solicitudes","205","Inventory '30784' has no laboratory for request."
"4 · Solicitudes","206","Inventory '35417' has no laboratory for request."
"4 · Solicitudes","206","Inventory '35418' has no laboratory for request."
"4 · Solicitudes","206","Inventory '35419' has no laboratory for request."
"4 · Solicitudes","206","Inventory '35420' has no laboratory for request."
"4 · Solicitudes","206","Inventory '35421' has no laboratory for request."
"4 · Solicitudes","206","Inventory '35422' has no laboratory for request."
"4 · Solicitudes","207","Inventory '35411' has no laboratory for request."
"4 · Solicitudes","207","Inventory '35412' has no laboratory for request."
"4 · Solicitudes","207","Inventory '35413' has no laboratory for request."
"4 · Solicitudes","207","Inventory '35414' has no laboratory for request."
"4 · Solicitudes","207","Inventory '35415' has no laboratory for request."
"4 · Solicitudes","207","Inventory '35416' has no laboratory for request."
"4 · Solicitudes","208","Inventory '49821' has no laboratory for request."
"4 · Solicitudes","209","Inventory '47790' has no laboratory for request."
"4 · Solicitudes","210","Inventory '13616' has no laboratory for request."
"4 · Solicitudes","210","Inventory '13617' has no laboratory for request."
"4 · Solicitudes","210","Inventory '2590' has no laboratory for request."
"4 · Solicitudes","210","Inventory '2592' has no laboratory for request."
"4 · Solicitudes","210","Inventory '2593' has no laboratory for request."
"4 · Solicitudes","211","Inventory '38641' has no laboratory for request."
"4 · Solicitudes","212","Inventory '39161' has no laboratory for request."
"4 · Solicitudes","213","Inventory '39171' has no laboratory for request."
"4 · Solicitudes","214","Inventory '44904' has no laboratory for request."
"4 · Solicitudes","215","Inventory '44905' has no laboratory for request."
"4 · Solicitudes","216","Inventory '44906' has no laboratory for request."
"4 · Solicitudes","217","Inventory '44907' has no laboratory for request."
"4 · Solicitudes","218","Inventory '44908' has no laboratory for request."
"4 · Solicitudes","219","Inventory '35394' has no laboratory for request."
"4 · Solicitudes","220","Inventory '34749' has no laboratory for request."
"4 · Solicitudes","221","Inventory '34186' has no laboratory for request."
"4 · Solicitudes","222","Inventory '34187' has no laboratory for request."
"4 · Solicitudes","223","Inventory '34247' has no laboratory for request."
"4 · Solicitudes","224","Inventory '34515' has no laboratory for request."
"4 · Solicitudes","225","Inventory '34520' has no laboratory for request."
"4 · Solicitudes","226","Inventory '34373' has no laboratory for request."
"4 · Solicitudes","227","Inventory '49513' has no laboratory for request."
"4 · Solicitudes","228","Request has no valid inventory number."
"4 · Solicitudes","229","Inventory '34492' has no laboratory for request."
"4 · Solicitudes","229","Inventory '34495' has no laboratory for request."
"4 · Solicitudes","229","Inventory '34518' has no laboratory for request."
"4 · Solicitudes","229","Inventory '34741' has no laboratory for request."
"4 · Solicitudes","230","Inventory '49221' has no laboratory for request."
"4 · Solicitudes","232","Inventory '38639' has no laboratory for request."
"4 · Solicitudes","233","Inventory '37256' has no laboratory for request."
"4 · Solicitudes","234","Inventory '37257' has no laboratory for request."
"4 · Solicitudes","235","Inventory '37258' has no laboratory for request."
"4 · Solicitudes","236","Inventory '37216' has no laboratory for request."
"4 · Solicitudes","237","Inventory '37221' has no laboratory for request."
"4 · Solicitudes","238","Inventory '37219' has no laboratory for request."
"4 · Solicitudes","239","Inventory '37217' has no laboratory for request."
"4 · Solicitudes","240","Inventory '37220' has no laboratory for request."
"4 · Solicitudes","241","Inventory '37218' has no laboratory for request."
"4 · Solicitudes","242","Inventory '49514' has no laboratory for request."
"4 · Solicitudes","243","Inventory '37251' has no laboratory for request."
"4 · Solicitudes","244","Inventory '33308' has no laboratory for request."
"4 · Solicitudes","245","Inventory '49822' has no laboratory for request."
"4 · Solicitudes","246","Inventory '37286' has no laboratory for request."
"4 · Solicitudes","246","Inventory '37287' has no laboratory for request."
"4 · Solicitudes","246","Inventory '37289' has no laboratory for request."
"4 · Solicitudes","246","Inventory '37290' has no laboratory for request."
"4 · Solicitudes","246","Inventory '37291' has no laboratory for request."
"4 · Solicitudes","247","Inventory '37254' has no laboratory for request."
"4 · Solicitudes","247","Inventory '37246' has no laboratory for request."
"4 · Solicitudes","247","Inventory '37247' has no laboratory for request."
"4 · Solicitudes","247","Inventory '37248' has no laboratory for request."
"4 · Solicitudes","248","Inventory '47789' has no laboratory for request."
"4 · Solicitudes","249","Inventory '38643' has no laboratory for request."
"4 · Solicitudes","250","Inventory '37261' has no laboratory for request."
"4 · Solicitudes","251","Inventory '37262' has no laboratory for request."
"4 · Solicitudes","252","Inventory '37215' has no laboratory for request."
"4 · Solicitudes","253","Inventory '37213' has no laboratory for request."
"4 · Solicitudes","254","Inventory '37211' has no laboratory for request."
"4 · Solicitudes","255","Inventory '37214' has no laboratory for request."
"4 · Solicitudes","256","Inventory '37212' has no laboratory for request."
"4 · Solicitudes","257","Inventory '37210' has no laboratory for request."
"4 · Solicitudes","258","Inventory '49515' has no laboratory for request."
"4 · Solicitudes","259","Inventory '37250' has no laboratory for request."
"4 · Solicitudes","260","Inventory '35075' has no laboratory for request."
"4 · Solicitudes","261","Inventory '49823' has no laboratory for request."
"4 · Solicitudes","262","Inventory '37280' has no laboratory for request."
"4 · Solicitudes","262","Inventory '37281' has no laboratory for request."
"4 · Solicitudes","262","Inventory '37282' has no laboratory for request."
"4 · Solicitudes","262","Inventory '37283' has no laboratory for request."
"4 · Solicitudes","262","Inventory '37284' has no laboratory for request."
"4 · Solicitudes","262","Inventory '37285' has no laboratory for request."
"4 · Solicitudes","263","Inventory '13281' has no laboratory for request."
"4 · Solicitudes","263","Inventory '37241' has no laboratory for request."
"4 · Solicitudes","263","Inventory '37242' has no laboratory for request."
"4 · Solicitudes","264","Inventory '47873' has no laboratory for request."
"4 · Solicitudes","265","Inventory '39169' has no laboratory for request."
"4 · Solicitudes","266","Inventory '37259' has no laboratory for request."
"4 · Solicitudes","267","Inventory '37260' has no laboratory for request."
"4 · Solicitudes","268","Inventory '37204' has no laboratory for request."
"4 · Solicitudes","269","Inventory '37209' has no laboratory for request."
"4 · Solicitudes","270","Inventory '37207' has no laboratory for request."
"4 · Solicitudes","271","Inventory '37205' has no laboratory for request."
"4 · Solicitudes","272","Inventory '37208' has no laboratory for request."
"4 · Solicitudes","273","Inventory '37206' has no laboratory for request."
"4 · Solicitudes","274","Inventory '49220' has no laboratory for request."
"4 · Solicitudes","275","Inventory '49516' has no laboratory for request."
"4 · Solicitudes","276","Inventory '37249' has no laboratory for request."
"4 · Solicitudes","277","Inventory '49224' has no laboratory for request."
"4 · Solicitudes","278","Inventory '37274' has no laboratory for request."
"4 · Solicitudes","278","Inventory '37275' has no laboratory for request."
"4 · Solicitudes","278","Inventory '37276' has no laboratory for request."
"4 · Solicitudes","278","Inventory '37277' has no laboratory for request."
"4 · Solicitudes","278","Inventory '37278' has no laboratory for request."
"4 · Solicitudes","278","Inventory '37279' has no laboratory for request."
"4 · Solicitudes","279","Inventory '37237' has no laboratory for request."
"4 · Solicitudes","279","Inventory '37238' has no laboratory for request."
"4 · Solicitudes","279","Inventory '37239' has no laboratory for request."
"4 · Solicitudes","280","Inventory '49824' has no laboratory for request."
"4 · Solicitudes","281","Inventory '47874' has no laboratory for request."
"4 · Solicitudes","282","Inventory '39591' has no laboratory for request."
"4 · Solicitudes","283","Inventory '37300' has no laboratory for request."
"4 · Solicitudes","284","Inventory '35395' has no laboratory for request."
"4 · Solicitudes","285","Inventory '34365' has no laboratory for request."
"4 · Solicitudes","286","Inventory '35396' has no laboratory for request."
"4 · Solicitudes","287","Inventory '49134' has no laboratory for request."
"4 · Solicitudes","288","Inventory '49136' has no laboratory for request."
"4 · Solicitudes","289","Inventory '49190' has no laboratory for request."
"4 · Solicitudes","290","Inventory '49192' has no laboratory for request."
"4 · Solicitudes","291","Request has no valid inventory number."
"4 · Solicitudes","292","Request has no valid inventory number."
"4 · Solicitudes","293","Request has no valid inventory number."
"4 · Solicitudes","294","Inventory '49055' has no laboratory for request."
"4 · Solicitudes","295","Inventory '48885' has no laboratory for request."
"4 · Solicitudes","296","Inventory '48886' has no laboratory for request."
"4 · Solicitudes","297","Inventory '49223' has no laboratory for request."
"4 · Solicitudes","298","Inventory '34246' has no laboratory for request."
"4 · Solicitudes","299","Inventory '34409' has no laboratory for request."
"4 · Solicitudes","300","Inventory '37299' has no laboratory for request."
"4 · Solicitudes","301","Inventory '37297' has no laboratory for request."
"4 · Solicitudes","302","Inventory '34747' has no laboratory for request."
"4 · Solicitudes","303","Inventory '34748' has no laboratory for request."
"4 · Solicitudes","304","Inventory '37265' has no laboratory for request."
"4 · Solicitudes","305","Inventory '37263' has no laboratory for request."
"4 · Solicitudes","306","Inventory '37361' has no laboratory for request."
"4 · Solicitudes","307","Inventory '26681' has no laboratory for request."
"4 · Solicitudes","308","Inventory '37273' has no laboratory for request."
"4 · Solicitudes","309","Inventory '37271' has no laboratory for request."
"4 · Solicitudes","310","Inventory '37269' has no laboratory for request."
"4 · Solicitudes","311","Inventory '37267' has no laboratory for request."
"4 · Solicitudes","312","Inventory '37272' has no laboratory for request."
"4 · Solicitudes","313","Inventory '37270' has no laboratory for request."
"4 · Solicitudes","314","Inventory '37268' has no laboratory for request."
"4 · Solicitudes","315","Inventory '37266' has no laboratory for request."
"4 · Solicitudes","316","Inventory '33706' has no laboratory for request."
"4 · Solicitudes","317","Inventory '25509' has no laboratory for request."
"4 · Solicitudes","318","Inventory '25510' has no laboratory for request."
"4 · Solicitudes","319","Inventory '25511' has no laboratory for request."
"4 · Solicitudes","320","Inventory '25513' has no laboratory for request."
"4 · Solicitudes","321","Inventory '25511' has no laboratory for request."
"4 · Solicitudes","323","Request has no valid inventory number."
"4 · Solicitudes","324","Request has no valid inventory number."
"4 · Solicitudes","325","Request has no valid inventory number."
"4 · Solicitudes","326","Request has no valid inventory number."
"4 · Solicitudes","327","Request has no valid inventory number."
"4 · Solicitudes","328","Request has no valid inventory number."
"4 · Solicitudes","329","Request has no valid inventory number."
"4 · Solicitudes","330","Request has no valid inventory number."
"4 · Solicitudes","331","Request has no valid inventory number."
"5 · Kardex Mantenimiento","7","Maintenance row is incomplete."
"8 · Plan de Mantenimiento","6","Management plan row has no inventory number."
"8 · Plan de Mantenimiento","9","Management plan row has no inventory number."
